"measure_1","measure_2","tau","networks"
"average_distance","barycenter",-1,19
"average_distance","closeness",-1,19
"barycenter","closeness",1,19
"dangalchev","decay",1,19
"degree","expected_influence_1",1,19
"dangalchev","generalized_closeness",1,19
"decay","generalized_closeness",1,19
"delta_closeness","gilschmidt",1,19
"average_distance","lin",-1,19
"barycenter","lin",1,19
"closeness","lin",1,19
"hindex_strength","lobby",1,19
"coreness","local_hindex",1,19
"average_distance","radiality",-1,19
"barycenter","radiality",1,19
"closeness","radiality",1,19
"lin","radiality",1,19
"harmonic","reaching_local",1,19
"lac","redundancy",1,18
"dangalchev","residual_closeness",1,19
"decay","residual_closeness",1,19
"generalized_closeness","residual_closeness",1,19
"coreness","s_core",1,19
"local_hindex","s_core",1,19
"degree","strength",1,19
"expected_influence_1","strength",1,19
"coreness","weighted_kshell",1,19
"local_hindex","weighted_kshell",1,19
"s_core","weighted_kshell",1,19
"average_distance","wiener",1,19
"barycenter","wiener",-1,19
"closeness","wiener",-1,19
"lin","wiener",-1,19
"radiality","wiener",-1,19
"betweenness","percolation",0.9999,19
"flow_coefficient","transitivity",-0.9993,18
"delta_closeness","harmonic",0.9977,19
"gilschmidt","harmonic",0.9977,19
"delta_closeness","reaching_local",0.9977,19
"gilschmidt","reaching_local",0.9977,19
"information","random_walk",0.9952,19
"diffusion","expected_influence_2",0.9951,19
"expected","expected_influence_2",0.9948,19
"random_walk","spanning_tree",0.9945,19
"information","spanning_tree",0.9943,19
"current_flow_closeness","random_walk",0.9941,19
"current_flow_closeness","information",0.9939,19
"current_flow_closeness","spanning_tree",0.9933,19
"authority","eigenvector",0.9924,19
"communicability","eigenvector",0.9914,19
"load","percolation",0.9901,19
"betweenness","load",0.99,19
"delta_betweenness","length_scaled_betweenness",0.9897,19
"authority","communicability",0.9887,19
"diffusion","expected",0.9886,19
"average_distance","integration",-0.9876,19
"barycenter","integration",0.9876,19
"closeness","integration",0.9876,19
"integration","lin",0.9876,19
"integration","radiality",0.9876,19
"integration","wiener",-0.9876,19
"length_scaled_betweenness","percolation",0.9862,19
"betweenness","length_scaled_betweenness",0.986,19
"markov","random_walk",0.9849,19
"length_scaled_betweenness","load",0.9842,19
"dangalchev","harmonic",0.9826,19
"decay","harmonic",0.9826,19
"generalized_closeness","harmonic",0.9826,19
"dangalchev","reaching_local",0.9826,19
"decay","reaching_local",0.9826,19
"generalized_closeness","reaching_local",0.9826,19
"harmonic","residual_closeness",0.9826,19
"reaching_local","residual_closeness",0.9826,19
"expected","semilocal",0.9823,19
"information","markov",0.9809,19
"alpha","power",0.9807,18
"dangalchev","delta_closeness",0.9806,19
"decay","delta_closeness",0.9806,19
"delta_closeness","generalized_closeness",0.9806,19
"dangalchev","gilschmidt",0.9806,19
"decay","gilschmidt",0.9806,19
"generalized_closeness","gilschmidt",0.9806,19
"delta_closeness","residual_closeness",0.9806,19
"gilschmidt","residual_closeness",0.9806,19
"markov","spanning_tree",0.9801,19
"current_flow_closeness","markov",0.9784,19
"expected_influence_2","semilocal",0.9773,19
"communicability","subgraph",0.977,19
"delta_betweenness","percolation",0.976,19
"betweenness","delta_betweenness",0.9759,19
"delta_betweenness","load",0.9749,19
"harary","harmonic",0.9741,19
"harary","reaching_local",0.9741,19
"delta_closeness","harary",0.9739,19
"gilschmidt","harary",0.9739,19
"diffusion","semilocal",0.973,19
"eigenvector","subgraph",0.9719,19
"kpath","laplacian",0.9715,19
"authority","subgraph",0.969,19
"eigenvector","nonbacktracking",0.9669,19
"authority","nonbacktracking",0.9652,19
"communicability","nonbacktracking",0.9646,19
"katz","laplacian",0.9644,19
"katz","kpath",0.9627,19
"nonbacktracking","subgraph",0.9583,19
"average_distance","dangalchev",-0.9569,19
"barycenter","dangalchev",0.9569,19
"closeness","dangalchev",0.9569,19
"average_distance","decay",-0.9569,19
"barycenter","decay",0.9569,19
"closeness","decay",0.9569,19
"average_distance","generalized_closeness",-0.9569,19
"barycenter","generalized_closeness",0.9569,19
"closeness","generalized_closeness",0.9569,19
"dangalchev","lin",0.9569,19
"decay","lin",0.9569,19
"generalized_closeness","lin",0.9569,19
"dangalchev","radiality",0.9569,19
"decay","radiality",0.9569,19
"generalized_closeness","radiality",0.9569,19
"average_distance","residual_closeness",-0.9569,19
"barycenter","residual_closeness",0.9569,19
"closeness","residual_closeness",0.9569,19
"lin","residual_closeness",0.9569,19
"radiality","residual_closeness",0.9569,19
"dangalchev","wiener",-0.9569,19
"decay","wiener",-0.9569,19
"generalized_closeness","wiener",-0.9569,19
"residual_closeness","wiener",-0.9569,19
"dangalchev","harary",0.9555,19
"decay","harary",0.9555,19
"generalized_closeness","harary",0.9555,19
"harary","residual_closeness",0.9555,19
"harary","node_contraction_improved",0.9532,14
"eigenvector","hub",0.953,19
"local_bridging","pagerank",-0.9506,19
"authority","hub",0.9488,19
"communicability","hub",0.9464,19
"dangalchev","integration",0.9457,19
"decay","integration",0.9457,19
"generalized_closeness","integration",0.9457,19
"integration","residual_closeness",0.9457,19
"diffusion","laplacian",0.9447,19
"degree","markov",0.9439,19
"expected_influence_1","markov",0.9439,19
"markov","strength",0.9439,19
"degree","node_contraction_improved",0.9418,14
"expected_influence_1","node_contraction_improved",0.9418,14
"node_contraction_improved","strength",0.9418,14
"authority","diffusion",0.9409,19
"degree","random_walk",0.9407,19
"expected_influence_1","random_walk",0.9407,19
"random_walk","strength",0.9407,19
"degree","information",0.9401,19
"expected_influence_1","information",0.9401,19
"information","strength",0.9401,19
"communicability","diffusion",0.9393,19
"communicability","kpath",0.9393,19
"degree","spanning_tree",0.9393,19
"expected_influence_1","spanning_tree",0.9393,19
"spanning_tree","strength",0.9393,19
"current_flow_closeness","degree",0.9388,19
"current_flow_closeness","expected_influence_1",0.9388,19
"current_flow_closeness","strength",0.9388,19
"degree","harary",0.9386,19
"expected_influence_1","harary",0.9386,19
"harary","strength",0.9386,19
"dangalchev","fragmentation",0.9376,14
"decay","fragmentation",0.9376,14
"fragmentation","generalized_closeness",0.9376,14
"fragmentation","harmonic",0.9376,14
"fragmentation","reaching_local",0.9376,14
"fragmentation","residual_closeness",0.9376,14
"kpath","subgraph",0.9376,19
"diffusion","eigenvector",0.9365,19
"eigenvector","kpath",0.9363,19
"katz","markov",0.9359,19
"average_distance","reaching_local",-0.9356,19
"barycenter","reaching_local",0.9356,19
"closeness","reaching_local",0.9356,19
"lin","reaching_local",0.9356,19
"radiality","reaching_local",0.9356,19
"reaching_local","wiener",-0.9356,19
"delta_closeness","fragmentation",0.9355,14
"fragmentation","gilschmidt",0.9355,14
"average_distance","harmonic",-0.9355,19
"barycenter","harmonic",0.9355,19
"closeness","harmonic",0.9355,19
"harmonic","lin",0.9355,19
"harmonic","radiality",0.9355,19
"harmonic","wiener",-0.9355,19
"leverage","shapley_game1",0.9348,19
"expected_influence_2","laplacian",0.9347,19
"degree","pagerank",0.9345,19
"expected_influence_1","pagerank",0.9345,19
"pagerank","strength",0.9345,19
"authority","expected_influence_2",0.9343,19
"diffusion","kpath",0.9339,19
"degree","local_bridging",-0.9337,19
"expected_influence_1","local_bridging",-0.9337,19
"delta_closeness","node_contraction_improved",0.9337,14
"gilschmidt","node_contraction_improved",0.9337,14
"local_bridging","strength",-0.9337,19
"authority","kpath",0.9336,19
"average_distance","delta_closeness",-0.9335,19
"barycenter","delta_closeness",0.9335,19
"closeness","delta_closeness",0.9335,19
"average_distance","gilschmidt",-0.9335,19
"barycenter","gilschmidt",0.9335,19
"closeness","gilschmidt",0.9335,19
"delta_closeness","lin",0.9335,19
"gilschmidt","lin",0.9335,19
"delta_closeness","radiality",0.9335,19
"gilschmidt","radiality",0.9335,19
"delta_closeness","wiener",-0.9335,19
"gilschmidt","wiener",-0.9335,19
"laplacian","subgraph",0.9332,19
"communicability_betweenness","laplacian",0.933,19
"communicability","expected_influence_2",0.9324,19
"harmonic","node_contraction_improved",0.9321,14
"node_contraction_improved","reaching_local",0.9321,14
"voterank","wvoterank",0.9319,19
"communicability","laplacian",0.9318,19
"authority","expected",0.9317,19
"diffusion","subgraph",0.9314,19
"hub","subgraph",0.931,19
"hub","nonbacktracking",0.9307,19
"eigenvector","expected_influence_2",0.9298,19
"communicability_betweenness","kpath",0.9294,19
"communicability","expected",0.9289,19
"eigenvector","laplacian",0.9288,19
"authority","semilocal",0.9286,19
"expected","laplacian",0.928,19
"authority","laplacian",0.9275,19
"gravity","katz",0.927,19
"eigenvector","expected",0.9265,19
"kpath","nonbacktracking",0.925,19
"communicability","semilocal",0.9249,19
"centroid","dangalchev",0.9248,19
"centroid","decay",0.9248,19
"centroid","generalized_closeness",0.9248,19
"centroid","residual_closeness",0.9248,19
"integration","reaching_local",0.9246,19
"harmonic","integration",0.9245,19
"katz","random_walk",0.9245,19
"expected_influence_2","kpath",0.9243,19
"centroid","harary",0.924,19
"centroid","node_contraction_improved",0.924,14
"expected_influence_2","subgraph",0.924,19
"harary","markov",0.9237,19
"gravity","kpath",0.9235,19
"degree","mnc",0.9228,18
"expected_influence_1","mnc",0.9228,18
"mnc","strength",0.9228,18
"expected","weighted_h_index",0.9228,19
"delta_closeness","integration",0.9226,19
"gilschmidt","integration",0.9226,19
"information","katz",0.9225,19
"eigenvector","semilocal",0.9223,19
"katz","spanning_tree",0.9218,19
"local_efficiency","transitivity",0.9214,18
"gravity","markov",0.9212,19
"diffusion","weighted_h_index",0.9208,19
"community_based","degree",0.9207,19
"community_based","expected_influence_1",0.9207,19
"harary","random_walk",0.9207,19
"community_based","strength",0.9207,19
"fragmentation","harary",0.9205,14
"expected","subgraph",0.9205,19
"expected_influence_2","weighted_h_index",0.9205,19
"harary","information",0.9201,19
"degree","katz",0.9196,19
"expected_influence_1","katz",0.9196,19
"katz","strength",0.9196,19
"harary","spanning_tree",0.9192,19
"centroid","harmonic",0.919,19
"centroid","reaching_local",0.919,19
"average_distance","centroid",-0.9188,19
"barycenter","centroid",0.9188,19
"centroid","closeness",0.9188,19
"centroid","lin",0.9188,19
"kpath","markov",0.9188,19
"centroid","radiality",0.9188,19
"centroid","wiener",-0.9188,19
"current_flow_closeness","harary",0.9187,19
"current_flow_closeness","katz",0.9186,19
"centroid","delta_closeness",0.918,19
"centroid","gilschmidt",0.918,19
"expected","kpath",0.9177,19
"diffusion","nonbacktracking",0.9173,19
"laplacian","markov",0.9168,19
"gravity","laplacian",0.9163,19
"markov","node_contraction_improved",0.9157,14
"centroid","degree",0.9152,19
"centroid","expected_influence_1",0.9152,19
"centroid","strength",0.9152,19
"laplacian","nonbacktracking",0.9151,19
"dangalchev","node_contraction_improved",0.9145,14
"decay","node_contraction_improved",0.9145,14
"generalized_closeness","node_contraction_improved",0.9145,14
"node_contraction_improved","residual_closeness",0.9145,14
"laplacian","semilocal",0.9145,19
"average_distance","fragmentation",-0.9143,14
"barycenter","fragmentation",0.9143,14
"closeness","fragmentation",0.9143,14
"fragmentation","lin",0.9143,14
"fragmentation","radiality",0.9143,14
"fragmentation","wiener",-0.9143,14
"degree","delta_closeness",0.9141,19
"delta_closeness","expected_influence_1",0.9141,19
"degree","gilschmidt",0.9141,19
"expected_influence_1","gilschmidt",0.9141,19
"delta_closeness","strength",0.9141,19
"gilschmidt","strength",0.9141,19
"communicability_betweenness","katz",0.9139,19
"degree","harmonic",0.9137,19
"expected_influence_1","harmonic",0.9137,19
"node_contraction","pagerank",0.9137,19
"degree","reaching_local",0.9137,19
"expected_influence_1","reaching_local",0.9137,19
"harmonic","strength",0.9137,19
"reaching_local","strength",0.9137,19
"semilocal","weighted_h_index",0.9134,19
"gravity","random_walk",0.9131,19
"degree","gravity",0.9125,19
"expected_influence_1","gravity",0.9125,19
"gravity","information",0.9125,19
"gravity","strength",0.9125,19
"expected_influence_2","nonbacktracking",0.9121,19
"node_contraction_improved","random_walk",0.9118,14
"gravity","spanning_tree",0.9117,19
"semilocal","subgraph",0.9114,19
"current_flow_closeness","gravity",0.9113,19
"node_contraction_improved","spanning_tree",0.9113,14
"katz","subgraph",0.911,19
"information","node_contraction_improved",0.9105,14
"average_distance","harary",-0.9099,19
"barycenter","harary",0.9099,19
"closeness","harary",0.9099,19
"diffusion","katz",0.9099,19
"harary","lin",0.9099,19
"harary","radiality",0.9099,19
"harary","wiener",-0.9099,19
"laplacian","random_walk",0.9098,19
"current_flow_closeness","node_contraction_improved",0.9097,14
"expected","nonbacktracking",0.9097,19
"information","laplacian",0.9092,19
"effective_size","ego_betweenness",0.909,19
"harary","katz",0.9088,19
"centroid","integration",0.9085,19
"laplacian","spanning_tree",0.9084,19
"gravity","harary",0.9082,19
"local_bridging","node_contraction",-0.9081,19
"current_flow_closeness","laplacian",0.908,19
"kpath","random_walk",0.9072,19
"eigenvector","katz",0.907,19
"communicability","katz",0.9069,19
"information","kpath",0.9066,19
"communicability_betweenness","diffusion",0.9065,19
"harmonic","markov",0.9065,19
"markov","reaching_local",0.9065,19
"harary","laplacian",0.906,19
"hindex_strength","onion",0.906,19
"lobby","onion",0.906,19
"kpath","spanning_tree",0.9059,19
"delta_closeness","markov",0.9058,19
"gilschmidt","markov",0.9058,19
"current_flow_closeness","kpath",0.9055,19
"gravity","node_contraction_improved",0.9055,14
"authority","katz",0.9043,19
"kpath","semilocal",0.904,19
"communicability","communicability_betweenness",0.9031,19
"nonbacktracking","semilocal",0.9029,19
"harmonic","random_walk",0.9028,19
"random_walk","reaching_local",0.9028,19
"betweenness","stress",0.9026,19
"percolation","stress",0.9026,19
"centroid","random_walk",0.9025,19
"harmonic","information",0.9022,19
"information","reaching_local",0.9022,19
"authority","communicability_betweenness",0.902,19
"centroid","information",0.9019,19
"fragmentation","integration",0.9018,14
"hub","kpath",0.9017,19
"delta_closeness","random_walk",0.9017,19
"gilschmidt","random_walk",0.9017,19
"reaching_local","spanning_tree",0.9014,19
"harmonic","spanning_tree",0.9013,19
"centroid","fragmentation",0.9012,14
"centroid","spanning_tree",0.9011,19
"delta_closeness","information",0.901,19
"gilschmidt","information",0.901,19
"current_flow_closeness","harmonic",0.9008,19
"current_flow_closeness","reaching_local",0.9008,19
"communicability_betweenness","eigenvector",0.9007,19
"centroid","current_flow_closeness",0.9005,19
"delta_closeness","spanning_tree",0.9003,19
"gilschmidt","spanning_tree",0.9003,19
"expected_influence_2","katz",0.9001,19
"load","stress",0.9,19
"current_flow_closeness","delta_closeness",0.8997,19
"communicability_betweenness","expected_influence_2",0.8997,19
"current_flow_closeness","gilschmidt",0.8997,19
"communicability_betweenness","subgraph",0.8996,19
"harary","integration",0.8994,19
"degree","laplacian",0.8986,19
"expected_influence_1","laplacian",0.8986,19
"katz","nonbacktracking",0.8986,19
"laplacian","strength",0.8986,19
"length_scaled_betweenness","stress",0.8985,19
"harary","kpath",0.8975,19
"degree","node_contraction",0.8974,19
"expected_influence_1","node_contraction",0.8974,19
"node_contraction","strength",0.8974,19
"delta_closeness","laplacian",0.8968,19
"gilschmidt","laplacian",0.8968,19
"local_entropy","semilocal",-0.8961,19
"degree","kpath",0.896,19
"expected_influence_1","kpath",0.896,19
"harmonic","laplacian",0.896,19
"laplacian","reaching_local",0.896,19
"kpath","strength",0.896,19
"diffusion","hub",0.8958,19
"centroid","markov",0.8955,19
"delta_closeness","gravity",0.8948,19
"gilschmidt","gravity",0.8948,19
"communicability_betweenness","expected",0.8942,19
"gravity","harmonic",0.8942,19
"gravity","reaching_local",0.8942,19
"dangalchev","degree",0.894,19
"decay","degree",0.894,19
"dangalchev","expected_influence_1",0.894,19
"decay","expected_influence_1",0.894,19
"degree","generalized_closeness",0.894,19
"expected_influence_1","generalized_closeness",0.894,19
"degree","residual_closeness",0.894,19
"expected_influence_1","residual_closeness",0.894,19
"dangalchev","strength",0.894,19
"decay","strength",0.894,19
"generalized_closeness","strength",0.894,19
"residual_closeness","strength",0.894,19
"expected","katz",0.8933,19
"expected","local_entropy",-0.8929,19
"delta_betweenness","stress",0.8924,19
"hub","laplacian",0.8918,19
"delta_closeness","katz",0.8909,19
"gilschmidt","katz",0.8909,19
"harmonic","katz",0.8905,19
"katz","reaching_local",0.8905,19
"leverage","local_bridging",-0.8901,19
"dangalchev","markov",0.8896,19
"decay","markov",0.8896,19
"generalized_closeness","markov",0.8896,19
"markov","residual_closeness",0.8896,19
"expected_influence_2","hub",0.8887,19
"gravity","subgraph",0.8884,19
"communicability","gravity",0.8878,19
"katz","mnc",0.8871,18
"authority","weighted_h_index",0.887,19
"communicability_betweenness","nonbacktracking",0.8864,19
"delta_closeness","kpath",0.8863,19
"gilschmidt","kpath",0.8863,19
"communicability_betweenness","markov",0.8862,19
"centroid","node_contraction",0.8861,19
"dangalchev","random_walk",0.8859,19
"decay","random_walk",0.8859,19
"generalized_closeness","random_walk",0.8859,19
"random_walk","residual_closeness",0.8859,19
"harmonic","kpath",0.8854,19
"kpath","reaching_local",0.8854,19
"dangalchev","information",0.8853,19
"decay","information",0.8853,19
"generalized_closeness","information",0.8853,19
"information","residual_closeness",0.8853,19
"communicability_betweenness","semilocal",0.8853,19
"communicability_betweenness","random_walk",0.8852,19
"expected","hub",0.8851,19
"communicability_betweenness","information",0.8851,19
"eigenvector","gravity",0.885,19
"dangalchev","spanning_tree",0.8845,19
"decay","spanning_tree",0.8845,19
"generalized_closeness","spanning_tree",0.8845,19
"residual_closeness","spanning_tree",0.8845,19
"communicability","weighted_h_index",0.8844,19
"authority","gravity",0.8843,19
"current_flow_closeness","dangalchev",0.8841,19
"current_flow_closeness","decay",0.8841,19
"current_flow_closeness","generalized_closeness",0.8841,19
"current_flow_closeness","residual_closeness",0.8841,19
"community_based","markov",0.8834,19
"average_distance","closeness_vitality",0.8831,19
"barycenter","closeness_vitality",-0.8831,19
"closeness","closeness_vitality",-0.8831,19
"closeness_vitality","lin",-0.8831,19
"katz","node_contraction_improved",0.8831,14
"closeness_vitality","radiality",-0.8831,19
"closeness_vitality","wiener",0.8831,19
"harary","mnc",0.883,18
"communicability_betweenness","spanning_tree",0.8828,19
"communicability_betweenness","current_flow_closeness",0.8826,19
"node_contraction","node_contraction_improved",0.8823,14
"expected_influence_2","local_entropy",-0.8821,19
"eigenvector","weighted_h_index",0.8819,19
"community_based","harary",0.8818,19
"node_contraction_improved","pagerank",0.8817,14
"harary","pagerank",0.8814,19
"laplacian","weighted_h_index",0.8809,19
"dangalchev","laplacian",0.8806,19
"decay","laplacian",0.8806,19
"generalized_closeness","laplacian",0.8806,19
"laplacian","residual_closeness",0.8806,19
"hub","semilocal",0.8805,19
"degree","epc",0.88,14
"epc","expected_influence_1",0.88,14
"epc","strength",0.88,14
"communicability_betweenness","harary",0.8799,19
"katz","semilocal",0.8793,19
"laplacian","mnc",0.8789,18
"community_based","node_contraction_improved",0.8788,14
"communicability_betweenness","delta_closeness",0.8785,19
"communicability_betweenness","gilschmidt",0.8785,19
"gravity","mnc",0.8785,18
"kpath","mnc",0.8784,18
"community_based","random_walk",0.878,19
"diffusion","gravity",0.8779,19
"dangalchev","gravity",0.8778,19
"decay","gravity",0.8778,19
"generalized_closeness","gravity",0.8778,19
"gravity","residual_closeness",0.8778,19
"communicability_betweenness","harmonic",0.8777,19
"communicability_betweenness","reaching_local",0.8777,19
"community_based","katz",0.8776,19
"community_based","information",0.8774,19
"fragmentation","node_contraction_improved",0.8774,14
"average_distance","node_contraction_improved",-0.8773,14
"barycenter","node_contraction_improved",0.8773,14
"closeness","node_contraction_improved",0.8773,14
"lin","node_contraction_improved",0.8773,14
"node_contraction_improved","radiality",0.8773,14
"node_contraction_improved","wiener",-0.8773,14
"gravity","nonbacktracking",0.877,19
"subgraph","weighted_h_index",0.8769,19
"markov","mnc",0.8768,18
"hub","katz",0.8764,19
"communicability_betweenness","gravity",0.8758,19
"communicability_betweenness","dangalchev",0.8755,19
"communicability_betweenness","decay",0.8755,19
"communicability_betweenness","generalized_closeness",0.8755,19
"communicability_betweenness","residual_closeness",0.8755,19
"diffusion","local_entropy",-0.8754,19
"community_based","spanning_tree",0.8754,19
"degree","hindex_strength",0.8751,19
"expected_influence_1","hindex_strength",0.8751,19
"degree","lobby",0.8751,19
"expected_influence_1","lobby",0.8751,19
"harary","node_contraction",0.8751,19
"hindex_strength","strength",0.8751,19
"lobby","strength",0.8751,19
"communicability_betweenness","fragmentation",0.8742,14
"closeness_vitality","integration",-0.874,19
"community_based","gravity",0.8736,19
"dangalchev","katz",0.8732,19
"decay","katz",0.8732,19
"generalized_closeness","katz",0.8732,19
"katz","residual_closeness",0.8732,19
"community_based","current_flow_closeness",0.8726,19
"gravity","hindex_strength",0.8724,19
"gravity","lobby",0.8724,19
"dangalchev","kpath",0.8722,19
"decay","kpath",0.8722,19
"generalized_closeness","kpath",0.8722,19
"kpath","residual_closeness",0.8722,19
"kpath","weighted_h_index",0.871,19
"mnc","random_walk",0.8709,18
"information","mnc",0.8703,18
"mnc","spanning_tree",0.8695,18
"expected_influence_2","gravity",0.8692,19
"current_flow_closeness","mnc",0.8691,18
"delta_closeness","mnc",0.8689,18
"gilschmidt","mnc",0.8689,18
"centroid","pagerank",0.8688,19
"harmonic","mnc",0.8687,18
"mnc","reaching_local",0.8687,18
"laplacian","node_contraction_improved",0.8686,14
"kpath","node_contraction_improved",0.8683,14
"centroid","gravity",0.8682,19
"nonbacktracking","weighted_h_index",0.868,19
"communicability_betweenness","hub",0.8667,19
"current_flow_betweenness","delta_betweenness",0.866,19
"local_entropy","weighted_h_index",-0.866,19
"community_based","kpath",0.8658,19
"degree","fragmentation",0.8651,14
"expected_influence_1","fragmentation",0.8651,14
"fragmentation","strength",0.8651,14
"community_based","pagerank",0.8648,19
"diffusion","markov",0.8646,19
"local_bridging","node_contraction_improved",-0.8646,14
"expected","gravity",0.864,19
"harary","local_bridging",-0.864,19
"gateway","participation",0.8639,19
"cross_clique","mnc",0.8635,18
"community_based","laplacian",0.8632,19
"markov","subgraph",0.8632,19
"communicability","markov",0.8631,19
"eigenvector","markov",0.8629,19
"cross_clique","degree",0.8623,19
"cross_clique","expected_influence_1",0.8623,19
"cross_clique","strength",0.8623,19
"community_based","mnc",0.862,18
"epc","gravity",0.8618,14
"integration","node_contraction_improved",0.8616,14
"epc","markov",0.8615,14
"delta_betweenness","effective_size",0.8612,19
"hide_information","spanning_tree",-0.8611,19
"community_based","harmonic",0.861,19
"current_flow_closeness","hide_information",-0.861,19
"community_based","reaching_local",0.861,19
"hide_information","random_walk",-0.8609,19
"gravity","onion",0.8607,19
"hide_information","information",-0.8606,19
"community_based","delta_closeness",0.8604,19
"community_based","gilschmidt",0.8604,19
"current_flow_closeness","fragmentation",0.8598,14
"fuzzy_local_dimension","local_dimension",-0.8597,19
"fragmentation","random_walk",0.8597,14
"leverage","pagerank",0.8596,19
"centroid","katz",0.8595,19
"authority","markov",0.8595,19
"fragmentation","information",0.8589,14
"current_flow_betweenness","length_scaled_betweenness",0.8588,19
"fragmentation","spanning_tree",0.8585,14
"epc","random_walk",0.8578,14
"current_flow_closeness","subgraph",0.8578,19
"current_flow_closeness","epc",0.8577,14
"diffusion","random_walk",0.8575,19
"delta_closeness","pagerank",0.8573,19
"gilschmidt","pagerank",0.8573,19
"harmonic","pagerank",0.857,19
"pagerank","reaching_local",0.857,19
"communicability_betweenness","degree",0.8569,19
"communicability_betweenness","expected_influence_1",0.8569,19
"diffusion","information",0.8569,19
"community_based","local_bridging",-0.8569,19
"expected_influence_2","markov",0.8569,19
"communicability_betweenness","strength",0.8569,19
"centroid","local_bridging",-0.8568,19
"dangalchev","mnc",0.8561,18
"decay","mnc",0.8561,18
"generalized_closeness","mnc",0.8561,18
"mnc","residual_closeness",0.8561,18
"diffusion","spanning_tree",0.8561,19
"epc","spanning_tree",0.8561,14
"leverage","node_contraction",0.8558,19
"current_flow_closeness","diffusion",0.8557,19
"cross_clique","gravity",0.8556,19
"average_distance","random_walk",-0.8556,19
"barycenter","random_walk",0.8556,19
"closeness","random_walk",0.8556,19
"lin","random_walk",0.8556,19
"radiality","random_walk",0.8556,19
"random_walk","wiener",-0.8556,19
"effective_size","length_scaled_betweenness",0.8552,19
"random_walk","subgraph",0.8551,19
"average_distance","information",-0.855,19
"barycenter","information",0.855,19
"closeness","information",0.855,19
"eccentricity","kreach",-0.855,7
"information","lin",0.855,19
"information","radiality",0.855,19
"spanning_tree","subgraph",0.855,19
"information","wiener",-0.855,19
"epc","information",0.8549,14
"current_flow_betweenness","node_contraction",0.8545,19
"information","subgraph",0.8545,19
"diffusion","harary",0.8542,19
"average_distance","spanning_tree",-0.8542,19
"barycenter","spanning_tree",0.8542,19
"closeness","spanning_tree",0.8542,19
"lin","spanning_tree",0.8542,19
"radiality","spanning_tree",0.8542,19
"spanning_tree","wiener",-0.8542,19
"average_distance","degree",-0.8541,19
"barycenter","degree",0.8541,19
"closeness","degree",0.8541,19
"average_distance","expected_influence_1",-0.8541,19
"barycenter","expected_influence_1",0.8541,19
"closeness","expected_influence_1",0.8541,19
"degree","lin",0.8541,19
"expected_influence_1","lin",0.8541,19
"degree","radiality",0.8541,19
"expected_influence_1","radiality",0.8541,19
"average_distance","strength",-0.8541,19
"barycenter","strength",0.8541,19
"closeness","strength",0.8541,19
"lin","strength",0.8541,19
"radiality","strength",0.8541,19
"degree","wiener",-0.8541,19
"expected_influence_1","wiener",-0.8541,19
"strength","wiener",-0.8541,19
"delta_closeness","node_contraction",0.8539,19
"gilschmidt","node_contraction",0.8539,19
"average_distance","current_flow_closeness",-0.8537,19
"barycenter","current_flow_closeness",0.8537,19
"closeness","current_flow_closeness",0.8537,19
"current_flow_closeness","lin",0.8537,19
"current_flow_closeness","radiality",0.8537,19
"current_flow_closeness","wiener",-0.8537,19
"communicability","current_flow_closeness",0.8536,19
"delta_closeness","diffusion",0.8536,19
"diffusion","gilschmidt",0.8536,19
"diffusion","local_volume_dimension",-0.8533,19
"harmonic","node_contraction",0.8533,19
"node_contraction","reaching_local",0.8533,19
"fragmentation","gravity",0.8531,14
"diffusion","reaching_local",0.853,19
"diffusion","harmonic",0.8529,19
"hindex_strength","katz",0.8529,19
"katz","lobby",0.8529,19
"markov","nonbacktracking",0.8529,19
"mnc","nonbacktracking",0.8528,18
"communicability","random_walk",0.8528,19
"gravity","semilocal",0.8527,19
"delta_betweenness","ego_betweenness",0.8524,19
"closeness_vitality","dangalchev",-0.8521,19
"closeness_vitality","decay",-0.8521,19
"closeness_vitality","generalized_closeness",-0.8521,19
"closeness_vitality","residual_closeness",-0.8521,19
"communicability","spanning_tree",0.8521,19
"mnc","subgraph",0.8521,18
"hindex_strength","markov",0.8519,19
"lobby","markov",0.8519,19
"centroid","laplacian",0.8518,19
"fragmentation","markov",0.8518,14
"cross_clique","katz",0.8516,19
"cross_clique","hindex_strength",0.8514,19
"cross_clique","lobby",0.8514,19
"degree","subgraph",0.8514,19
"expected_influence_1","subgraph",0.8514,19
"strength","subgraph",0.8514,19
"communicability","information",0.8513,19
"centroid","community_based",0.8512,19
"cross_clique","onion",0.8508,19
"katz","weighted_h_index",0.8507,19
"mnc","node_contraction_improved",0.8505,13
"hindex_strength","kpath",0.8504,19
"kpath","lobby",0.8504,19
"hindex_strength","random_walk",0.8504,19
"lobby","random_walk",0.8504,19
"eigenvector","random_walk",0.8503,19
"expected","markov",0.8501,19
"gravity","hub",0.85,19
"cross_clique","lac",0.85,18
"cross_clique","redundancy",0.85,18
"hindex_strength","information",0.8498,19
"current_flow_betweenness","load",0.8498,19
"information","lobby",0.8498,19
"expected_influence_2","random_walk",0.8498,19
"expected_influence_2","local_volume_dimension",-0.8497,19
"authority","delta_closeness",0.8493,19
"authority","gilschmidt",0.8493,19
"expected_influence_2","information",0.8493,19
"average_distance","markov",-0.8493,19
"barycenter","markov",0.8493,19
"closeness","markov",0.8493,19
"lin","markov",0.8493,19
"markov","radiality",0.8493,19
"markov","wiener",-0.8493,19
"average_distance","communicability_betweenness",-0.8491,19
"barycenter","communicability_betweenness",0.8491,19
"closeness","communicability_betweenness",0.8491,19
"communicability","delta_closeness",0.8491,19
"communicability","gilschmidt",0.8491,19
"communicability_betweenness","lin",0.8491,19
"communicability_betweenness","radiality",0.8491,19
"communicability_betweenness","wiener",-0.8491,19
"hindex_strength","spanning_tree",0.849,19
"lobby","spanning_tree",0.849,19
"ego_betweenness","length_scaled_betweenness",0.8488,19
"eigenvector","spanning_tree",0.8487,19
"betweenness","current_flow_betweenness",0.8486,19
"communicability","harary",0.8486,19
"current_flow_closeness","hindex_strength",0.8485,19
"current_flow_closeness","lobby",0.8485,19
"current_flow_betweenness","percolation",0.8485,19
"expected_influence_2","spanning_tree",0.8485,19
"eigenvector","information",0.8484,19
"local_bridging","shapley_game1",-0.8483,19
"authority","reaching_local",0.8482,19
"communicability","reaching_local",0.8482,19
"centroid","communicability_betweenness",0.8481,19
"authority","harmonic",0.8481,19
"communicability","harmonic",0.8481,19
"current_flow_closeness","expected_influence_2",0.848,19
"expected","local_volume_dimension",-0.848,19
"cross_clique","kpath",0.8476,19
"authority","random_walk",0.8474,19
"heatmap","node_contraction",-0.8473,19
"degree","hide_information",-0.8472,19
"expected_influence_1","hide_information",-0.8472,19
"hide_information","strength",-0.8472,19
"current_flow_closeness","eigenvector",0.8471,19
"delta_closeness","expected_influence_2",0.847,19
"expected_influence_2","gilschmidt",0.847,19
"cross_clique","subgraph",0.847,19
"expected_influence_2","harmonic",0.8469,19
"authority","information",0.8469,19
"expected_influence_2","reaching_local",0.8469,19
"hide_information","markov",-0.8468,19
"dangalchev","node_contraction",0.8468,19
"decay","node_contraction",0.8468,19
"generalized_closeness","node_contraction",0.8468,19
"node_contraction","residual_closeness",0.8468,19
"delta_closeness","eigenvector",0.8467,19
"eigenvector","gilschmidt",0.8467,19
"harary","subgraph",0.8465,19
"authority","harary",0.8462,19
"closeness_vitality","reaching_local",-0.8462,19
"authority","spanning_tree",0.8462,19
"communicability_betweenness","weighted_h_index",0.8462,19
"closeness_vitality","harmonic",-0.8461,19
"centroid","kpath",0.8461,19
"eigenvector","harary",0.8457,19
"eigenvector","harmonic",0.8457,19
"current_flow_betweenness","heatmap",-0.8457,19
"eigenvector","reaching_local",0.8457,19
"authority","current_flow_closeness",0.8456,19
"epc","katz",0.8455,14
"betweenness","effective_size",0.8454,19
"effective_size","percolation",0.8454,19
"hindex_strength","laplacian",0.8453,19
"laplacian","lobby",0.8453,19
"current_flow_betweenness","pagerank",0.8451,19
"expected_influence_2","harary",0.845,19
"local_bridging","mnc",-0.8446,18
"betweenness","ego_betweenness",0.8441,19
"ego_betweenness","percolation",0.8441,19
"average_distance","gravity",-0.844,19
"barycenter","gravity",0.844,19
"closeness","gravity",0.844,19
"gravity","lin",0.844,19
"gravity","radiality",0.844,19
"gravity","wiener",-0.844,19
"closeness_vitality","delta_closeness",-0.8438,19
"closeness_vitality","gilschmidt",-0.8438,19
"fragmentation","heatmap",-0.8438,14
"epc","node_contraction_improved",0.8438,14
"epc","harary",0.8437,14
"dangalchev","diffusion",0.8435,19
"decay","diffusion",0.8435,19
"diffusion","generalized_closeness",0.8435,19
"degree","integration",0.8435,19
"expected_influence_1","integration",0.8435,19
"diffusion","residual_closeness",0.8435,19
"integration","strength",0.8435,19
"current_flow_betweenness","leverage",0.8431,19
"expected","random_walk",0.843,19
"community_based","dangalchev",0.8429,19
"community_based","decay",0.8429,19
"community_based","generalized_closeness",0.8429,19
"effective_size","load",0.8429,19
"community_based","residual_closeness",0.8429,19
"integration","random_walk",0.8428,19
"information","integration",0.8426,19
"expected","information",0.8425,19
"mnc","pagerank",0.8423,18
"integration","spanning_tree",0.8423,19
"cross_clique","laplacian",0.842,19
"ego_betweenness","load",0.8417,19
"expected","spanning_tree",0.8417,19
"delta_closeness","subgraph",0.8415,19
"gilschmidt","subgraph",0.8415,19
"current_flow_closeness","expected",0.8412,19
"delta_closeness","expected",0.8412,19
"expected","gilschmidt",0.8412,19
"hindex_strength","mnc",0.8412,18
"lobby","mnc",0.8412,18
"expected","reaching_local",0.8411,19
"expected","harmonic",0.841,19
"current_flow_closeness","integration",0.841,19
"communicability","degree",0.8409,19
"communicability","expected_influence_1",0.8409,19
"communicability","strength",0.8409,19
"nonbacktracking","random_walk",0.8406,19
"pagerank","random_walk",0.8405,19
"harmonic","subgraph",0.8405,19
"reaching_local","subgraph",0.8405,19
"delta_closeness","local_bridging",-0.8403,19
"gilschmidt","local_bridging",-0.8403,19
"harmonic","local_bridging",-0.8402,19
"authority","mnc",0.8401,18
"local_bridging","reaching_local",-0.8401,19
"diffusion","mnc",0.8399,18
"information","nonbacktracking",0.8399,19
"information","pagerank",0.8398,19
"hub","weighted_h_index",0.8397,19
"degree","eigenvector",0.8396,19
"eigenvector","expected_influence_1",0.8396,19
"eigenvector","strength",0.8396,19
"dangalchev","pagerank",0.8391,19
"decay","pagerank",0.8391,19
"generalized_closeness","pagerank",0.8391,19
"pagerank","residual_closeness",0.8391,19
"effective_size","stress",0.8391,19
"degree","diffusion",0.8386,19
"diffusion","expected_influence_1",0.8386,19
"average_distance","laplacian",-0.8386,19
"barycenter","laplacian",0.8386,19
"closeness","laplacian",0.8386,19
"laplacian","lin",0.8386,19
"laplacian","radiality",0.8386,19
"markov","semilocal",0.8386,19
"diffusion","strength",0.8386,19
"laplacian","wiener",-0.8386,19
"eigenvector","mnc",0.8385,18
"coreness","renewed_coreness",0.8385,19
"local_hindex","renewed_coreness",0.8385,19
"renewed_coreness","s_core",0.8385,19
"renewed_coreness","weighted_kshell",0.8385,19
"hub","mnc",0.8384,18
"delta_closeness","semilocal",0.8384,19
"gilschmidt","semilocal",0.8384,19
"markov","pagerank",0.8383,19
"reaching_local","semilocal",0.8383,19
"pagerank","spanning_tree",0.8383,19
"harmonic","semilocal",0.8382,19
"expected","harary",0.8381,19
"dangalchev","expected_influence_2",0.838,19
"decay","expected_influence_2",0.838,19
"expected_influence_2","generalized_closeness",0.838,19
"expected_influence_2","residual_closeness",0.838,19
"coreness","s_shell",0.838,19
"local_hindex","s_shell",0.838,19
"s_core","s_shell",0.838,19
"nonbacktracking","spanning_tree",0.838,19
"s_shell","weighted_kshell",0.838,19
"communicability","mnc",0.8378,18
"hindex_strength","s_shell",0.8378,19
"lobby","s_shell",0.8378,19
"authority","local_entropy",-0.8375,19
"authority","dangalchev",0.8372,19
"authority","decay",0.8372,19
"authority","generalized_closeness",0.8372,19
"authority","residual_closeness",0.8372,19
"diffusion","hindex_strength",0.8369,19
"diffusion","lobby",0.8369,19
"authority","degree",0.8368,19
"authority","expected_influence_1",0.8368,19
"authority","strength",0.8368,19
"current_flow_closeness","nonbacktracking",0.8367,19
"communicability","dangalchev",0.8365,19
"communicability","decay",0.8365,19
"communicability","generalized_closeness",0.8365,19
"fragmentation","laplacian",0.8365,14
"current_flow_betweenness","local_bridging",-0.8365,19
"communicability","residual_closeness",0.8365,19
"epc","kpath",0.8364,14
"integration","markov",0.8362,19
"hindex_strength","subgraph",0.836,19
"lobby","subgraph",0.836,19
"communicability_betweenness","integration",0.8354,19
"centroid","mnc",0.8353,18
"harary","hindex_strength",0.8352,19
"harary","lobby",0.8352,19
"epc","laplacian",0.8351,14
"community_based","node_contraction",0.8351,19
"infection","nonbacktracking",0.8345,14
"current_flow_closeness","pagerank",0.8343,19
"dangalchev","eigenvector",0.8341,19
"decay","eigenvector",0.8341,19
"eigenvector","generalized_closeness",0.8341,19
"harary","nonbacktracking",0.8341,19
"eigenvector","residual_closeness",0.8341,19
"degree","nonbacktracking",0.8339,19
"expected_influence_1","nonbacktracking",0.8339,19
"nonbacktracking","strength",0.8339,19
"communicability_betweenness","node_contraction_improved",0.8338,14
"local_volume_dimension","semilocal",-0.8335,19
"communicability","local_entropy",-0.8334,19
"epc","hindex_strength",0.8329,14
"epc","lobby",0.8329,14
"dangalchev","expected",0.8326,19
"decay","expected",0.8326,19
"expected","generalized_closeness",0.8326,19
"expected","residual_closeness",0.8326,19
"hindex_strength","node_contraction_improved",0.8325,14
"lobby","node_contraction_improved",0.8325,14
"current_flow_betweenness","shapley_game1",0.8325,19
"expected_influence_2","mnc",0.8324,18
"average_distance","kpath",-0.8323,19
"barycenter","kpath",0.8323,19
"closeness","kpath",0.8323,19
"kpath","lin",0.8323,19
"kpath","radiality",0.8323,19
"kpath","wiener",-0.8323,19
"expected_influence_2","hindex_strength",0.832,19
"expected_influence_2","lobby",0.832,19
"coreness","hindex_strength",0.8319,19
"fragmentation","katz",0.8319,14
"coreness","lobby",0.8319,19
"hindex_strength","local_hindex",0.8319,19
"lobby","local_hindex",0.8319,19
"hindex_strength","s_core",0.8319,19
"lobby","s_core",0.8319,19
"hindex_strength","weighted_kshell",0.8319,19
"lobby","weighted_kshell",0.8319,19
"delta_closeness","epc",0.8318,14
"epc","gilschmidt",0.8318,14
"eigenvector","local_entropy",-0.8315,19
"random_walk","semilocal",0.8315,19
"cross_clique","nonbacktracking",0.8314,19
"delta_closeness","nonbacktracking",0.8314,19
"gilschmidt","nonbacktracking",0.8314,19
"community_based","epc",0.8313,14
"dangalchev","semilocal",0.8313,19
"decay","semilocal",0.8313,19
"generalized_closeness","semilocal",0.8313,19
"residual_closeness","semilocal",0.8313,19
"epc","harmonic",0.8311,14
"epc","reaching_local",0.8311,14
"degree","onion",0.831,19
"expected_influence_1","onion",0.831,19
"information","semilocal",0.831,19
"onion","strength",0.831,19
"expected","hindex_strength",0.8304,19
"expected","lobby",0.8304,19
"coreness","onion",0.8304,19
"local_hindex","onion",0.8304,19
"onion","s_core",0.8304,19
"onion","weighted_kshell",0.8304,19
"harmonic","nonbacktracking",0.8303,19
"nonbacktracking","reaching_local",0.8303,19
"semilocal","spanning_tree",0.8302,19
"hindex_strength","nonbacktracking",0.83,19
"lobby","nonbacktracking",0.83,19
"average_distance","katz",-0.8299,19
"barycenter","katz",0.8299,19
"closeness","katz",0.8299,19
"katz","lin",0.8299,19
"katz","radiality",0.8299,19
"harary","semilocal",0.8299,19
"local_volume_dimension","subgraph",-0.8299,19
"katz","wiener",-0.8299,19
"hub","markov",0.8298,19
"current_flow_closeness","semilocal",0.8298,19
"cross_clique","eigenvector",0.8297,19
"communicability_betweenness","community_based",0.8295,19
"communicability","cross_clique",0.8295,19
"centroid","hide_information",-0.8295,19
"gravity","integration",0.8295,19
"degree","expected_influence_2",0.8284,19
"expected_influence_1","expected_influence_2",0.8284,19
"communicability","hindex_strength",0.8284,19
"communicability","lobby",0.8284,19
"expected_influence_2","strength",0.8284,19
"fragmentation","kpath",0.8283,14
"gravity","weighted_h_index",0.8282,19
"ego_betweenness","stress",0.8275,19
"expected","mnc",0.8273,18
"dangalchev","subgraph",0.827,19
"decay","subgraph",0.827,19
"generalized_closeness","subgraph",0.827,19
"residual_closeness","subgraph",0.827,19
"authority","cross_clique",0.8269,19
"eigenvector","hindex_strength",0.8268,19
"eigenvector","lobby",0.8268,19
"authority","hindex_strength",0.8267,19
"authority","lobby",0.8267,19
"nonbacktracking","onion",0.8267,19
"fragmentation","node_contraction",0.8264,14
"integration","laplacian",0.8262,19
"cross_clique","markov",0.8258,19
"current_flow_betweenness","effective_size",0.8254,19
"degree","leverage",0.8254,19
"expected_influence_1","leverage",0.8254,19
"leverage","strength",0.8254,19
"community_based","subgraph",0.8253,19
"fragmentation","pagerank",0.8252,14
"average_distance","mnc",-0.8249,18
"barycenter","mnc",0.8249,18
"closeness","mnc",0.8249,18
"lin","mnc",0.8249,18
"mnc","radiality",0.8249,18
"mnc","wiener",-0.8249,18
"katz","onion",0.8248,19
"communicability_betweenness","hindex_strength",0.8247,19
"communicability_betweenness","lobby",0.8247,19
"community_based","fragmentation",0.8245,14
"local_bridging","random_walk",-0.8245,19
"communicability","node_contraction_improved",0.8244,14
"cross_clique","node_contraction_improved",0.8241,14
"centroid","hindex_strength",0.824,19
"centroid","lobby",0.824,19
"information","local_bridging",-0.824,19
"onion","subgraph",0.824,19
"closeness_vitality","harary",-0.8238,19
"authority","local_volume_dimension",-0.8237,19
"kpath","onion",0.8234,19
"local_bridging","spanning_tree",-0.8232,19
"community_based","hindex_strength",0.823,19
"community_based","lobby",0.823,19
"local_entropy","nonbacktracking",-0.823,19
"closeness_vitality","fragmentation",-0.8229,14
"local_bridging","markov",-0.8229,19
"cross_clique","diffusion",0.8226,19
"current_flow_closeness","local_bridging",-0.8226,19
"ncvoterank","voterank",0.8225,19
"centroid","epc",0.8224,14
"laplacian","local_volume_dimension",-0.8224,19
"dangalchev","local_bridging",-0.8218,19
"decay","local_bridging",-0.8218,19
"generalized_closeness","local_bridging",-0.8218,19
"local_bridging","residual_closeness",-0.8218,19
"communicability","local_volume_dimension",-0.8216,19
"eigenvector","local_volume_dimension",-0.8216,19
"communicability_betweenness","mnc",0.8216,18
"eigenvector","node_contraction_improved",0.8211,14
"community_based","eigenvector",0.821,19
"degree","expected",0.8209,19
"expected","expected_influence_1",0.8209,19
"expected","strength",0.8209,19
"markov","node_contraction",0.8206,19
"hide_information","laplacian",-0.8204,19
"node_contraction_improved","subgraph",0.8204,14
"delta_closeness","hindex_strength",0.8201,19
"gilschmidt","hindex_strength",0.8201,19
"delta_closeness","lobby",0.8201,19
"gilschmidt","lobby",0.8201,19
"integration","kpath",0.8198,19
"mnc","onion",0.8197,18
"hindex_strength","reaching_local",0.8197,19
"lobby","reaching_local",0.8197,19
"authority","community_based",0.8196,19
"harmonic","hindex_strength",0.8196,19
"harmonic","lobby",0.8196,19
"node_contraction","random_walk",0.8195,19
"centroid","closeness_vitality",-0.8191,19
"dangalchev","nonbacktracking",0.8188,19
"decay","nonbacktracking",0.8188,19
"generalized_closeness","nonbacktracking",0.8188,19
"nonbacktracking","residual_closeness",0.8188,19
"local_entropy","subgraph",-0.8187,19
"communicability","community_based",0.8186,19
"current_flow_betweenness","fragmentation",0.8186,14
"information","node_contraction",0.8185,19
"pagerank","shapley_game1",0.8185,19
"hub","information",0.8184,19
"hub","random_walk",0.8183,19
"authority","node_contraction_improved",0.8181,14
"diffusion","s_shell",0.818,19
"node_contraction","spanning_tree",0.818,19
"constraint","hide_information",0.8179,19
"average_distance","node_contraction",-0.8179,19
"barycenter","node_contraction",0.8179,19
"closeness","node_contraction",0.8179,19
"lin","node_contraction",0.8179,19
"node_contraction","radiality",0.8179,19
"node_contraction","wiener",-0.8179,19
"cross_clique","random_walk",0.8176,19
"integration","katz",0.8172,19
"flow_coefficient","local_efficiency",-0.8172,18
"cross_clique","information",0.817,19
"current_flow_closeness","node_contraction",0.817,19
"community_based","cross_clique",0.8167,19
"epc","mnc",0.8167,13
"hindex_strength","semilocal",0.8167,19
"lobby","semilocal",0.8167,19
"communicability","onion",0.8166,19
"eigenvector","onion",0.8164,19
"onion","s_shell",0.8164,19
"dangalchev","epc",0.8163,14
"decay","epc",0.8163,14
"epc","generalized_closeness",0.8163,14
"laplacian","onion",0.8163,19
"epc","residual_closeness",0.8163,14
"cross_clique","spanning_tree",0.8162,19
"laplacian","local_entropy",-0.816,19
"laplacian","s_shell",0.816,19
"harary","hide_information",-0.8159,19
"hub","spanning_tree",0.8159,19
"cross_clique","current_flow_closeness",0.8158,19
"expected_influence_2","s_shell",0.8158,19
"authority","onion",0.8156,19
"cross_clique","expected_influence_2",0.8154,19
"kpath","s_shell",0.8153,19
"effective_size","pagerank",0.8152,19
"flow_betweenness","local_bridging",-0.8151,19
"flow_betweenness","node_contraction",0.8149,19
"community_based","diffusion",0.8148,19
"kpath","local_volume_dimension",-0.8148,19
"integration","mnc",0.8148,18
"heatmap","pagerank",-0.8147,19
"local_volume_dimension","nonbacktracking",-0.8145,19
"degree","flow_betweenness",0.8144,19
"expected_influence_1","flow_betweenness",0.8144,19
"flow_betweenness","strength",0.8144,19
"mnc","semilocal",0.8142,18
"constraint","effective_size",-0.8141,19
"hide_information","katz",-0.8138,19
"heatmap","leverage",-0.8138,19
"effective_size","node_contraction",0.8138,19
"community_based","nonbacktracking",0.8138,19
"expected","s_shell",0.8138,19
"heatmap","stress",-0.8138,19
"cross_clique","epc",0.8136,14
"hide_information","kpath",-0.8135,19
"delta_betweenness","heatmap",-0.8133,19
"fuzzy_local_dimension","local_volume_dimension",-0.8131,19
"markov","onion",0.8131,19
"epc","onion",0.8129,14
"katz","s_shell",0.8127,19
"average_distance","diffusion",-0.8126,19
"barycenter","diffusion",0.8126,19
"closeness","diffusion",0.8126,19
"degree","hub",0.8126,19
"expected_influence_1","hub",0.8126,19
"diffusion","lin",0.8126,19
"diffusion","radiality",0.8126,19
"hub","strength",0.8126,19
"diffusion","wiener",-0.8126,19
"current_flow_closeness","hub",0.8123,19
"cross_clique","expected",0.8121,19
"centroid","heatmap",-0.812,19
"effective_size","local_bridging",-0.8118,19
"community_based","hub",0.8113,19
"heatmap","length_scaled_betweenness",-0.811,19
"integration","node_contraction",0.8109,19
"node_contraction","shapley_game1",0.8109,19
"hindex_strength","weighted_h_index",0.8107,19
"lobby","weighted_h_index",0.8107,19
"communicability","epc",0.8106,14
"cross_clique","harary",0.8105,19
"harary","hub",0.81,19
"authority","infection",0.8099,14
"diffusion","node_contraction_improved",0.8099,14
"s_shell","subgraph",0.8097,19
"current_flow_betweenness","degree",0.8096,19
"current_flow_betweenness","expected_influence_1",0.8096,19
"current_flow_betweenness","strength",0.8096,19
"mnc","node_contraction",0.8091,18
"gravity","s_shell",0.8091,19
"s_shell","semilocal",0.809,19
"heatmap","topological_coefficient",0.809,19
"centroid","diffusion",0.8087,19
"heatmap","local_bridging",0.8086,19
"gravity","pagerank",0.8086,19
"average_distance","expected_influence_2",-0.8085,19
"barycenter","expected_influence_2",0.8085,19
"closeness","expected_influence_2",0.8085,19
"expected_influence_2","lin",0.8085,19
"diffusion","onion",0.8085,19
"expected_influence_2","radiality",0.8085,19
"degree","semilocal",0.8085,19
"expected_influence_1","semilocal",0.8085,19
"semilocal","strength",0.8085,19
"expected_influence_2","wiener",-0.8085,19
"flow_betweenness","pagerank",0.8083,19
"communicability","s_shell",0.8082,19
"heatmap","load",-0.8079,19
"delta_closeness","hub",0.8075,19
"gilschmidt","hub",0.8075,19
"katz","pagerank",0.807,19
"eigenvector","infection",0.8068,14
"epc","subgraph",0.8065,14
"authority","s_shell",0.8064,19
"average_distance","semilocal",-0.8064,19
"barycenter","semilocal",0.8064,19
"closeness","semilocal",0.8064,19
"lin","semilocal",0.8064,19
"radiality","semilocal",0.8064,19
"delta_closeness","weighted_h_index",0.8064,19
"gilschmidt","weighted_h_index",0.8064,19
"semilocal","wiener",-0.8064,19
"kpath","local_entropy",-0.8063,19
"onion","random_walk",0.8063,19
"dangalchev","hindex_strength",0.8062,19
"decay","hindex_strength",0.8062,19
"generalized_closeness","hindex_strength",0.8062,19
"dangalchev","lobby",0.8062,19
"decay","lobby",0.8062,19
"generalized_closeness","lobby",0.8062,19
"hindex_strength","residual_closeness",0.8062,19
"lobby","residual_closeness",0.8062,19
"eigenvector","s_shell",0.8062,19
"average_distance","pagerank",-0.806,19
"barycenter","pagerank",0.806,19
"closeness","pagerank",0.806,19
"lin","pagerank",0.806,19
"pagerank","radiality",0.806,19
"pagerank","wiener",-0.806,19
"harmonic","hub",0.8058,19
"communicability","infection",0.8058,14
"hub","reaching_local",0.8058,19
"community_based","expected_influence_2",0.8057,19
"gravity","node_contraction",0.8057,19
"node_contraction_improved","nonbacktracking",0.8057,14
"information","onion",0.8057,19
"hide_information","reaching_local",-0.8057,19
"degree","effective_size",0.8056,19
"eigenvector","epc",0.8056,14
"effective_size","expected_influence_1",0.8056,19
"harmonic","hide_information",-0.8056,19
"effective_size","strength",0.8056,19
"harary","weighted_h_index",0.8055,19
"onion","spanning_tree",0.805,19
"communicability_betweenness","cross_clique",0.8047,19
"centroid","current_flow_betweenness",0.8047,19
"reaching_local","weighted_h_index",0.8047,19
"current_flow_closeness","onion",0.8046,19
"harmonic","weighted_h_index",0.8046,19
"average_distance","expected",-0.8045,19
"barycenter","expected",0.8045,19
"closeness","expected",0.8045,19
"average_distance","heatmap",0.8045,19
"barycenter","heatmap",-0.8045,19
"closeness","heatmap",-0.8045,19
"dangalchev","heatmap",-0.8045,19
"decay","heatmap",-0.8045,19
"generalized_closeness","heatmap",-0.8045,19
"expected","lin",0.8045,19
"heatmap","lin",-0.8045,19
"expected","radiality",0.8045,19
"heatmap","radiality",-0.8045,19
"heatmap","residual_closeness",-0.8045,19
"expected","wiener",-0.8045,19
"heatmap","wiener",0.8045,19
"average_distance","community_based",-0.8043,19
"barycenter","community_based",0.8043,19
"closeness","community_based",0.8043,19
"centroid","community_mediator",0.8043,19
"community_based","lin",0.8043,19
"community_based","radiality",0.8043,19
"community_based","wiener",-0.8043,19
"betweenness","heatmap",-0.8042,19
"heatmap","percolation",-0.8042,19
"delta_closeness","hide_information",-0.8041,19
"gilschmidt","hide_information",-0.8041,19
"infection","subgraph",0.8041,14
"closeness_vitality","node_contraction_improved",-0.8036,14
"authority","average_distance",-0.8031,19
"authority","barycenter",0.8031,19
"authority","closeness",0.8031,19
"authority","lin",0.8031,19
"authority","radiality",0.8031,19
"authority","wiener",-0.8031,19
"expected_influence_2","onion",0.803,19
"centroid","expected_influence_2",0.8029,19
"cross_clique","hub",0.8027,19
"harmonic","heatmap",-0.8021,19
"expected","onion",0.8021,19
"markov","weighted_h_index",0.8021,19
"heatmap","reaching_local",-0.802,19
"average_distance","communicability",-0.8019,19
"barycenter","communicability",0.8019,19
"closeness","communicability",0.8019,19
"communicability","lin",0.8019,19
"communicability","radiality",0.8019,19
"communicability","wiener",-0.8019,19
"katz","local_volume_dimension",-0.8017,19
"current_flow_betweenness","node_contraction_improved",0.8016,14
"local_volume_dimension","weighted_h_index",-0.8012,19
"centroid","constraint",-0.8011,19
"delta_closeness","heatmap",-0.8011,19
"gilschmidt","heatmap",-0.8011,19
"diffusion","integration",0.8009,19
"centroid","communicability",0.8006,19
"fragmentation","mnc",0.8003,13
"hide_information","node_contraction_improved",-0.8001,14
"authority","epc",0.8,14
"current_flow_betweenness","stress",0.8,19
"authority","centroid",0.7995,19
"degree","fuzzy_local_dimension",0.7995,19
"expected_influence_1","fuzzy_local_dimension",0.7995,19
"harary","heatmap",-0.7995,19
"fuzzy_local_dimension","strength",0.7995,19
"average_distance","eigenvector",-0.7994,19
"barycenter","eigenvector",0.7994,19
"closeness","eigenvector",0.7994,19
"eigenvector","lin",0.7994,19
"eigenvector","radiality",0.7994,19
"eigenvector","wiener",-0.7994,19
"ncvoterank","wvoterank",0.7994,19
"comm_centrality","degree",0.7993,19
"comm_centrality","expected_influence_1",0.7993,19
"hide_information","hindex_strength",-0.7993,19
"hide_information","lobby",-0.7993,19
"comm_centrality","strength",0.7993,19
"community_based","expected",0.7989,19
"expected_influence_2","node_contraction_improved",0.7988,14
"integration","pagerank",0.7985,19
"gravity","hide_information",-0.7984,19
"centroid","eigenvector",0.7982,19
"communicability_betweenness","hide_information",-0.7982,19
"centroid","expected",0.7979,19
"epc","pagerank",0.7978,14
"random_walk","s_shell",0.7977,19
"community_based","integration",0.7976,19
"authority","fragmentation",0.7975,14
"communicability","fragmentation",0.7975,14
"hindex_strength","hub",0.7975,19
"hub","lobby",0.7975,19
"fragmentation","local_bridging",-0.7973,14
"cross_clique","semilocal",0.7972,19
"fragmentation","stress",0.7972,14
"effective_size","leverage",0.7971,19
"information","s_shell",0.7971,19
"markov","s_shell",0.7971,19
"expected_influence_2","integration",0.797,19
"hindex_strength","pagerank",0.797,19
"lobby","pagerank",0.797,19
"diffusion","hide_information",-0.7967,19
"degree","local_dimension_fixed",-0.7967,19
"expected_influence_1","local_dimension_fixed",-0.7967,19
"local_dimension_fixed","strength",-0.7967,19
"community_based","hide_information",-0.7966,19
"gravity","local_bridging",-0.7966,19
"centroid","subgraph",0.7966,19
"s_shell","spanning_tree",0.7964,19
"current_flow_closeness","s_shell",0.7962,19
"lac","mnc",0.796,18
"mnc","redundancy",0.796,18
"community_mediator","hide_information",-0.7955,19
"heatmap","integration",-0.7954,19
"random_walk","weighted_h_index",0.7953,19
"cross_clique","delta_closeness",0.7952,19
"cross_clique","gilschmidt",0.7952,19
"hindex_strength","local_bridging",-0.7952,19
"lobby","local_bridging",-0.7952,19
"community_mediator","dangalchev",0.7949,19
"community_mediator","decay",0.7949,19
"community_mediator","generalized_closeness",0.7949,19
"community_mediator","residual_closeness",0.7949,19
"integration","semilocal",0.7949,19
"information","weighted_h_index",0.7948,19
"voterank_plus","wvoterank",0.7948,19
"degree","heatmap",-0.7947,19
"expected_influence_1","heatmap",-0.7947,19
"enrenew","leverage",0.7947,19
"heatmap","strength",-0.7947,19
"diffusion","epc",0.7946,14
"cross_clique","harmonic",0.7946,19
"cross_clique","reaching_local",0.7946,19
"dangalchev","weighted_h_index",0.7946,19
"decay","weighted_h_index",0.7946,19
"generalized_closeness","weighted_h_index",0.7946,19
"residual_closeness","weighted_h_index",0.7946,19
"node_contraction_improved","onion",0.7945,14
"dangalchev","hub",0.7944,19
"decay","hub",0.7944,19
"generalized_closeness","hub",0.7944,19
"hub","residual_closeness",0.7944,19
"communicability_betweenness","s_shell",0.7944,19
"heatmap","shapley_game1",-0.7942,19
"communicability_betweenness","local_entropy",-0.7941,19
"spanning_tree","weighted_h_index",0.7941,19
"heatmap","node_contraction_improved",-0.7937,14
"current_flow_closeness","weighted_h_index",0.7937,19
"nonbacktracking","s_shell",0.7935,19
"eigenvector","fragmentation",0.7933,14
"communicability","hide_information",-0.7933,19
"single_discount","voterank",0.7933,19
"dangalchev","hide_information",-0.7931,19
"decay","hide_information",-0.7931,19
"generalized_closeness","hide_information",-0.7931,19
"expected","integration",0.7931,19
"hide_information","residual_closeness",-0.7931,19
"infection","kpath",0.793,14
"epc","nonbacktracking",0.793,14
"community_mediator","harmonic",0.7926,19
"community_mediator","reaching_local",0.7926,19
"hide_information","subgraph",-0.7921,19
"community_mediator","delta_closeness",0.792,19
"community_mediator","gilschmidt",0.792,19
"closeness_vitality","mnc",-0.792,18
"mnc","weighted_h_index",0.7919,18
"degree","local_dimension",-0.7918,19
"expected_influence_1","local_dimension",-0.7918,19
"local_dimension","strength",-0.7918,19
"centroid","effective_size",0.7915,19
"current_flow_betweenness","topological_coefficient",-0.7915,19
"expected_influence_2","hide_information",-0.7913,19
"community_mediator","harary",0.791,19
"authority","integration",0.7906,19
"degree","weighted_h_index",0.7906,19
"expected_influence_1","weighted_h_index",0.7906,19
"strength","weighted_h_index",0.7906,19
"expected","node_contraction_improved",0.7904,14
"eigenvector","hide_information",-0.7902,19
"hub","local_entropy",-0.79,19
"average_distance","local_bridging",0.7899,19
"barycenter","local_bridging",-0.7899,19
"closeness","local_bridging",-0.7899,19
"lin","local_bridging",-0.7899,19
"local_bridging","radiality",-0.7899,19
"local_bridging","wiener",0.7899,19
"fuzzy_local_dimension","harary",0.7897,19
"constraint","degree",-0.7896,19
"constraint","expected_influence_1",-0.7896,19
"constraint","strength",-0.7896,19
"communicability","integration",0.7891,19
"community_based","semilocal",0.7891,19
"constraint","ego_betweenness",-0.789,19
"average_distance","epc",-0.789,14
"barycenter","epc",0.789,14
"closeness","epc",0.789,14
"epc","lin",0.789,14
"epc","radiality",0.789,14
"epc","wiener",-0.789,14
"community_based","onion",0.7889,19
"epc","local_bridging",-0.7888,14
"fragmentation","subgraph",0.7885,14
"expected","hide_information",-0.7884,19
"average_distance","subgraph",-0.7884,19
"barycenter","subgraph",0.7884,19
"closeness","subgraph",0.7884,19
"lin","subgraph",0.7884,19
"radiality","subgraph",0.7884,19
"subgraph","wiener",-0.7884,19
"katz","local_bridging",-0.7883,19
"hub","onion",0.7883,19
"onion","semilocal",0.7883,19
"harary","onion",0.7879,19
"centroid","semilocal",0.7879,19
"community_mediator","degree",0.7873,19
"community_mediator","expected_influence_1",0.7873,19
"katz","node_contraction",0.7873,19
"community_mediator","strength",0.7873,19
"infection","laplacian",0.7872,14
"voterank","voterank_plus",0.7872,19
"diffusion","fragmentation",0.787,14
"laplacian","pagerank",0.787,19
"eigenvector","integration",0.7869,19
"centroid","nonbacktracking",0.7867,19
"community_mediator","current_flow_closeness",0.7866,19
"authority","hide_information",-0.7866,19
"hub","local_volume_dimension",-0.7864,19
"effective_size","node_contraction_improved",0.7861,14
"average_distance","community_mediator",-0.7853,19
"barycenter","community_mediator",0.7853,19
"closeness","community_mediator",0.7853,19
"community_mediator","lin",0.7853,19
"community_mediator","radiality",0.7853,19
"shapley_game1","shapley_game2",0.7853,19
"community_mediator","wiener",-0.7853,19
"epc","expected_influence_2",0.7851,14
"renewed_coreness","s_shell",0.785,19
"community_mediator","random_walk",0.7848,19
"community_mediator","spanning_tree",0.7847,19
"infection","katz",0.7846,14
"community_mediator","information",0.7842,19
"hide_information","pagerank",-0.784,19
"single_discount","wvoterank",0.784,19
"average_distance","hindex_strength",-0.7839,19
"barycenter","hindex_strength",0.7839,19
"closeness","hindex_strength",0.7839,19
"hindex_strength","lin",0.7839,19
"average_distance","lobby",-0.7839,19
"barycenter","lobby",0.7839,19
"closeness","lobby",0.7839,19
"lin","lobby",0.7839,19
"average_distance","nonbacktracking",-0.7839,19
"barycenter","nonbacktracking",0.7839,19
"closeness","nonbacktracking",0.7839,19
"lin","nonbacktracking",0.7839,19
"hindex_strength","radiality",0.7839,19
"lobby","radiality",0.7839,19
"nonbacktracking","radiality",0.7839,19
"hindex_strength","wiener",-0.7839,19
"lobby","wiener",-0.7839,19
"nonbacktracking","wiener",-0.7839,19
"hide_information","semilocal",-0.7838,19
"constraint","random_walk",-0.7834,19
"flow_betweenness","harary",0.7831,19
"s_shell","weighted_h_index",0.783,19
"flow_betweenness","node_contraction_improved",0.7829,14
"coreness","gravity",0.7827,19
"constraint","information",-0.7827,19
"gravity","local_hindex",0.7827,19
"gravity","s_core",0.7827,19
"effective_size","shapley_game1",0.7827,19
"gravity","weighted_kshell",0.7827,19
"effective_size","heatmap",-0.7823,19
"centroid","cross_clique",0.7822,19
"constraint","current_flow_closeness",-0.7822,19
"integration","local_bridging",-0.7821,19
"constraint","spanning_tree",-0.7821,19
"katz","local_entropy",-0.782,19
"local_dimension","local_volume_dimension",0.782,19
"degree","enrenew",0.7815,19
"enrenew","expected_influence_1",0.7815,19
"enrenew","strength",0.7815,19
"fragmentation","length_scaled_betweenness",0.7814,14
"enrenew","local_bridging",-0.7812,19
"cross_clique","dangalchev",0.7811,19
"cross_clique","decay",0.7811,19
"delta_betweenness","fragmentation",0.7811,14
"cross_clique","generalized_closeness",0.7811,19
"cross_clique","residual_closeness",0.7811,19
"node_contraction_improved","semilocal",0.7809,14
"kpath","pagerank",0.7804,19
"current_flow_betweenness","ego_betweenness",0.7799,19
"communicability_betweenness","epc",0.7798,14
"current_flow_betweenness","harary",0.7798,19
"hide_information","nonbacktracking",-0.7796,19
"centroid","flow_betweenness",0.7794,19
"expected_influence_2","fragmentation",0.7794,14
"local_dimension_fixed","mnc",-0.7793,18
"cross_clique","weighted_h_index",0.7791,19
"hide_information","local_bridging",0.779,19
"constraint","fragmentation",-0.7788,14
"lac","onion",0.7786,18
"onion","redundancy",0.7786,18
"delta_betweenness","shapley_game1",0.7785,19
"average_distance","hide_information",0.7784,19
"barycenter","hide_information",-0.7784,19
"closeness","hide_information",-0.7784,19
"hide_information","lin",-0.7784,19
"hide_information","radiality",-0.7784,19
"hide_information","wiener",0.7784,19
"epc","expected",0.7783,14
"fragmentation","nonbacktracking",0.7783,14
"onion","weighted_h_index",0.7778,19
"current_flow_betweenness","flow_betweenness",0.7777,19
"communicability_betweenness","onion",0.7777,19
"closeness_vitality","degree",-0.7775,19
"closeness_vitality","expected_influence_1",-0.7775,19
"flow_betweenness","leverage",0.7775,19
"closeness_vitality","strength",-0.7775,19
"local_bridging","local_dimension_fixed",0.7771,19
"epc","fragmentation",0.7765,14
"degree","shapley_game1",0.7765,19
"expected_influence_1","shapley_game1",0.7765,19
"shapley_game1","strength",0.7765,19
"integration","subgraph",0.7763,19
"communicability_betweenness","local_volume_dimension",-0.7761,19
"community_mediator","fragmentation",0.776,14
"community_mediator","markov",0.7759,19
"hub","node_contraction_improved",0.7756,14
"delta_closeness","fuzzy_local_dimension",0.7753,19
"fuzzy_local_dimension","gilschmidt",0.7753,19
"epc","integration",0.7753,14
"community_mediator","integration",0.7752,19
"closeness_vitality","random_walk",-0.7751,19
"cross_clique","local_bridging",-0.7749,19
"closeness_vitality","information",-0.7746,19
"closeness_vitality","gravity",-0.7745,19
"enrenew","pagerank",0.7744,19
"enrenew","shapley_game1",0.7744,19
"constraint","markov",-0.7742,19
"degree","s_shell",0.7742,19
"expected_influence_1","s_shell",0.7742,19
"s_shell","strength",0.7742,19
"fragmentation","percolation",0.7741,14
"fuzzy_local_dimension","reaching_local",0.7741,19
"fuzzy_local_dimension","harmonic",0.774,19
"closeness_vitality","spanning_tree",-0.774,19
"betweenness","fragmentation",0.7739,14
"fragmentation","load",0.7739,14
"fragmentation","hindex_strength",0.7736,14
"fragmentation","lobby",0.7736,14
"fuzzy_local_dimension","random_walk",0.7736,19
"closeness_vitality","current_flow_closeness",-0.7735,19
"hindex_strength","integration",0.7731,19
"integration","lobby",0.7731,19
"expected","fragmentation",0.7729,14
"delta_betweenness","node_contraction",0.7729,19
"fuzzy_local_dimension","information",0.7727,19
"diffusion","infection",0.7723,14
"community_mediator","node_contraction_improved",0.7723,14
"epc","node_contraction",0.7719,14
"delta_betweenness","leverage",0.7716,19
"integration","nonbacktracking",0.7716,19
"fuzzy_local_dimension","spanning_tree",0.7716,19
"delta_closeness","onion",0.7715,19
"gilschmidt","onion",0.7715,19
"onion","reaching_local",0.7713,19
"harmonic","onion",0.7712,19
"communicability_betweenness","pagerank",0.7711,19
"length_scaled_betweenness","shapley_game1",0.7711,19
"leverage","node_contraction_improved",0.7709,14
"community_based","weighted_h_index",0.7709,19
"current_flow_closeness","fuzzy_local_dimension",0.7702,19
"fuzzy_local_dimension","katz",0.7702,19
"laplacian","node_contraction",0.7702,19
"effective_size","harary",0.77,19
"hub","s_shell",0.7699,19
"centroid","comm_centrality",0.7698,19
"community_based","community_hub_bridge",0.7698,19
"gravity","local_volume_dimension",-0.7698,19
"cross_clique","pagerank",0.7698,19
"epc","semilocal",0.7697,14
"hide_information","integration",-0.7693,19
"fuzzy_local_dimension","markov",0.7693,19
"current_flow_betweenness","harmonic",0.7692,19
"flow_betweenness","harmonic",0.7692,19
"current_flow_betweenness","reaching_local",0.7692,19
"flow_betweenness","reaching_local",0.7692,19
"kpath","local_bridging",-0.769,19
"laplacian","local_bridging",-0.7687,19
"closeness_vitality","markov",-0.7686,19
"comm_centrality","markov",0.7686,19
"hindex_strength","infection",0.7685,14
"infection","lobby",0.7685,14
"harary","s_shell",0.7685,19
"local_entropy","local_volume_dimension",0.7682,19
"local_dimension_fixed","pagerank",-0.7682,19
"communicability_betweenness","community_mediator",0.768,19
"delta_closeness","flow_betweenness",0.768,19
"flow_betweenness","gilschmidt",0.768,19
"centroid","onion",0.768,19
"fragmentation","semilocal",0.7679,14
"current_flow_betweenness","delta_closeness",0.7676,19
"current_flow_betweenness","gilschmidt",0.7676,19
"kpath","node_contraction",0.7675,19
"length_scaled_betweenness","node_contraction",0.7675,19
"leverage","local_dimension_fixed",-0.7672,19
"constraint","harary",-0.7671,19
"epc","hub",0.767,14
"hindex_strength","node_contraction",0.7668,19
"lobby","node_contraction",0.7668,19
"community_mediator","laplacian",0.7664,19
"eccentricity","shapley_game3",-0.7663,18
"epc","hide_information",-0.7662,14
"gravity","infection",0.7662,14
"average_distance","weighted_h_index",-0.7662,19
"barycenter","weighted_h_index",0.7662,19
"closeness","weighted_h_index",0.7662,19
"lin","weighted_h_index",0.7662,19
"radiality","weighted_h_index",0.7662,19
"weighted_h_index","wiener",-0.7662,19
"closeness_vitality","laplacian",-0.7658,19
"current_flow_betweenness","dangalchev",0.7655,19
"current_flow_betweenness","decay",0.7655,19
"current_flow_betweenness","generalized_closeness",0.7655,19
"current_flow_betweenness","residual_closeness",0.7655,19
"expected_influence_2","infection",0.765,14
"epc","s_shell",0.7646,14
"length_scaled_betweenness","leverage",0.7645,19
"comm_centrality","random_walk",0.7641,19
"comm_centrality","harary",0.7638,19
"constraint","stress",-0.7638,19
"hide_information","hub",-0.7636,19
"comm_centrality","information",0.7636,19
"comm_centrality","mnc",0.7635,18
"comm_centrality","community_based",0.7634,19
"communicability_betweenness","node_contraction",0.7634,19
"delta_closeness","s_shell",0.7633,19
"gilschmidt","s_shell",0.7633,19
"centroid","stress",0.7631,19
"harmonic","s_shell",0.763,19
"reaching_local","s_shell",0.763,19
"centroid","weighted_h_index",0.763,19
"community_based","flow_betweenness",0.7627,19
"expected","infection",0.7626,14
"community_based","leverage",0.7625,19
"enrenew","node_contraction",0.7623,19
"fuzzy_local_dimension","mnc",0.7622,18
"centroid","hub",0.7621,19
"load","shapley_game1",0.7619,19
"fuzzy_local_dimension","laplacian",0.7618,19
"constraint","pagerank",-0.7618,19
"effective_size","fragmentation",0.7617,14
"hide_information","mnc",-0.7617,18
"comm_centrality","spanning_tree",0.7616,19
"closeness_vitality","kpath",-0.7615,19
"constraint","current_flow_betweenness",-0.7614,19
"hindex_strength","renewed_coreness",0.7612,19
"lobby","renewed_coreness",0.7612,19
"local_volume_dimension","mnc",-0.7611,18
"hindex_strength","local_entropy",-0.761,19
"lobby","local_entropy",-0.761,19
"fuzzy_local_dimension","gravity",0.7605,19
"hide_information","weighted_h_index",-0.7605,19
"betweenness","shapley_game1",0.7604,19
"shapley_game1","wvoterank",0.7604,19
"centroid","leverage",0.7603,19
"percolation","shapley_game1",0.7603,19
"constraint","node_contraction_improved",-0.7602,14
"comm_centrality","node_contraction_improved",0.7596,14
"load","node_contraction",0.7593,19
"average_distance","hub",-0.7592,19
"barycenter","hub",0.7592,19
"closeness","hub",0.7592,19
"community_mediator","kpath",0.7592,19
"hub","lin",0.7592,19
"hub","radiality",0.7592,19
"hub","wiener",-0.7592,19
"average_distance","current_flow_betweenness",-0.7591,19
"barycenter","current_flow_betweenness",0.7591,19
"closeness","current_flow_betweenness",0.7591,19
"current_flow_betweenness","lin",0.7591,19
"current_flow_betweenness","radiality",0.7591,19
"current_flow_betweenness","wiener",-0.7591,19
"community_mediator","katz",0.7589,19
"comm_centrality","current_flow_closeness",0.7588,19
"harary","leverage",0.7588,19
"comm_centrality","gravity",0.7587,19
"closeness_vitality","katz",-0.7586,19
"cross_clique","fragmentation",0.7585,14
"fuzzy_local_dimension","kpath",0.7583,19
"coreness","cross_clique",0.7577,19
"cross_clique","local_hindex",0.7577,19
"cross_clique","s_core",0.7577,19
"integration","weighted_h_index",0.7577,19
"cross_clique","weighted_kshell",0.7577,19
"dangalchev","onion",0.7575,19
"decay","onion",0.7575,19
"generalized_closeness","onion",0.7575,19
"onion","residual_closeness",0.7575,19
"delta_betweenness","pagerank",0.7573,19
"node_contraction","percolation",0.7573,19
"local_volume_dimension","markov",-0.7572,19
"betweenness","node_contraction",0.7572,19
"comm_centrality","katz",0.757,19
"gravity","local_entropy",-0.7568,19
"dangalchev","fuzzy_local_dimension",0.7567,19
"decay","fuzzy_local_dimension",0.7567,19
"fuzzy_local_dimension","generalized_closeness",0.7567,19
"fuzzy_local_dimension","residual_closeness",0.7567,19
"infection","semilocal",0.7559,14
"ncvoterank","voterank_plus",0.7559,19
"delta_closeness","effective_size",0.7558,19
"effective_size","gilschmidt",0.7558,19
"constraint","delta_betweenness",-0.7556,19
"comm_centrality","pagerank",0.7556,19
"effective_size","harmonic",0.7553,19
"effective_size","reaching_local",0.7553,19
"dangalchev","flow_betweenness",0.7551,19
"decay","flow_betweenness",0.7551,19
"flow_betweenness","generalized_closeness",0.7551,19
"flow_betweenness","residual_closeness",0.7551,19
"centroid","fuzzy_local_dimension",0.755,19
"comm_centrality","hindex_strength",0.7548,19
"comm_centrality","lobby",0.7548,19
"comm_centrality","reaching_local",0.7548,19
"infection","s_shell",0.7548,14
"constraint","delta_closeness",-0.7547,19
"constraint","gilschmidt",-0.7547,19
"comm_centrality","harmonic",0.7547,19
"local_dimension","mnc",-0.7545,18
"comm_centrality","delta_closeness",0.7543,19
"comm_centrality","gilschmidt",0.7543,19
"constraint","harmonic",-0.7542,19
"leverage","load",0.7542,19
"constraint","reaching_local",-0.7542,19
"flow_betweenness","markov",0.754,19
"current_flow_betweenness","integration",0.7539,19
"delta_betweenness","topological_coefficient",-0.7539,19
"infection","onion",0.7538,14
"node_contraction_improved","weighted_h_index",0.7537,14
"degree","local_volume_dimension",-0.7534,19
"expected_influence_1","local_volume_dimension",-0.7534,19
"local_volume_dimension","strength",-0.7534,19
"local_entropy","s_shell",-0.7531,19
"betweenness","leverage",0.753,19
"leverage","percolation",0.753,19
"effective_size","random_walk",0.7528,19
"coreness","degree",0.7526,19
"coreness","expected_influence_1",0.7526,19
"degree","local_hindex",0.7526,19
"expected_influence_1","local_hindex",0.7526,19
"effective_size","markov",0.7526,19
"degree","s_core",0.7526,19
"expected_influence_1","s_core",0.7526,19
"coreness","strength",0.7526,19
"local_hindex","strength",0.7526,19
"s_core","strength",0.7526,19
"degree","weighted_kshell",0.7526,19
"expected_influence_1","weighted_kshell",0.7526,19
"strength","weighted_kshell",0.7526,19
"leverage","wvoterank",0.7525,19
"community_based","current_flow_betweenness",0.7524,19
"dangalchev","effective_size",0.7523,19
"decay","effective_size",0.7523,19
"effective_size","generalized_closeness",0.7523,19
"effective_size","information",0.7523,19
"effective_size","residual_closeness",0.7523,19
"comm_centrality","dangalchev",0.7521,19
"comm_centrality","decay",0.7521,19
"comm_centrality","generalized_closeness",0.7521,19
"comm_centrality","residual_closeness",0.7521,19
"local_volume_dimension","random_walk",-0.7518,19
"centroid","delta_betweenness",0.7517,19
"hide_information","node_contraction",-0.7516,19
"effective_size","spanning_tree",0.7516,19
"constraint","dangalchev",-0.7514,19
"constraint","decay",-0.7514,19
"constraint","generalized_closeness",-0.7514,19
"information","local_volume_dimension",-0.7514,19
"constraint","residual_closeness",-0.7514,19
"current_flow_closeness","effective_size",0.7513,19
"hub","infection",0.7513,14
"average_distance","cross_clique",-0.7512,19
"barycenter","cross_clique",0.7512,19
"closeness","cross_clique",0.7512,19
"cross_clique","lin",0.7512,19
"cross_clique","radiality",0.7512,19
"length_scaled_betweenness","topological_coefficient",-0.7512,19
"cross_clique","wiener",-0.7512,19
"delta_betweenness","local_bridging",-0.751,19
"infection","random_walk",0.7509,14
"flow_betweenness","mnc",0.7507,18
"local_volume_dimension","spanning_tree",-0.7506,19
"current_flow_closeness","infection",0.7505,14
"current_flow_betweenness","information",0.7504,19
"fuzzy_local_dimension","node_contraction_improved",0.7504,14
"flow_betweenness","heatmap",-0.7502,19
"flow_betweenness","information",0.7502,19
"infection","markov",0.7502,14
"cross_clique","node_contraction",0.7502,19
"current_flow_closeness","local_volume_dimension",-0.7501,19
"infection","information",0.75,14
"effective_size","hide_information",-0.7499,19
"constraint","length_scaled_betweenness",-0.7499,19
"dangalchev","s_shell",0.7499,19
"decay","s_shell",0.7499,19
"generalized_closeness","s_shell",0.7499,19
"residual_closeness","s_shell",0.7499,19
"community_mediator","gravity",0.7497,19
"hindex_strength","lac",0.7497,18
"lac","lobby",0.7497,18
"hindex_strength","redundancy",0.7497,18
"lobby","redundancy",0.7497,18
"infection","spanning_tree",0.7497,14
"communicability_betweenness","constraint",-0.7495,19
"current_flow_betweenness","random_walk",0.7495,19
"flow_betweenness","random_walk",0.7494,19
"node_contraction","stress",0.7494,19
"community_based","fuzzy_local_dimension",0.7492,19
"length_scaled_betweenness","pagerank",0.7492,19
"communicability_betweenness","infection",0.749,14
"load","topological_coefficient",-0.7489,19
"current_flow_betweenness","spanning_tree",0.7487,19
"centroid","length_scaled_betweenness",0.7486,19
"local_bridging","local_dimension",0.7486,19
"hide_information","s_shell",-0.7484,19
"constraint","node_contraction",-0.7481,19
"fragmentation","hide_information",-0.7474,14
"constraint","local_bridging",0.7474,19
"flow_betweenness","shapley_game1",0.747,19
"flow_betweenness","spanning_tree",0.747,19
"comm_centrality","node_contraction",0.7468,19
"hub","integration",0.7466,19
"community_based","local_dimension_fixed",-0.7466,19
"cross_clique","local_volume_dimension",-0.7466,19
"comm_centrality","local_bridging",-0.7462,19
"closeness_vitality","communicability_betweenness",-0.746,19
"shapley_game1","voterank",0.7458,19
"leverage","shapley_game2",0.7456,19
"percolation","topological_coefficient",-0.7456,19
"betweenness","topological_coefficient",-0.7455,19
"current_flow_betweenness","current_flow_closeness",0.7454,19
"communicability_betweenness","local_bridging",-0.7454,19
"leverage","mnc",0.7452,18
"enrenew","mnc",0.745,18
"ncvoterank","single_discount",0.7449,19
"delta_closeness","local_entropy",-0.7447,19
"gilschmidt","local_entropy",-0.7447,19
"harmonic","local_entropy",-0.7444,19
"local_entropy","reaching_local",-0.7444,19
"dangalchev","local_entropy",-0.7441,19
"decay","local_entropy",-0.7441,19
"generalized_closeness","local_entropy",-0.7441,19
"local_entropy","residual_closeness",-0.7441,19
"lac","nonbacktracking",0.7439,18
"nonbacktracking","redundancy",0.7439,18
"current_flow_closeness","flow_betweenness",0.7438,19
"coreness","katz",0.7437,19
"katz","local_hindex",0.7437,19
"katz","s_core",0.7437,19
"katz","weighted_kshell",0.7437,19
"epc","weighted_h_index",0.7435,14
"comm_centrality","kpath",0.7431,19
"lac","subgraph",0.743,18
"redundancy","subgraph",0.743,18
"constraint","percolation",-0.7429,19
"betweenness","constraint",-0.7428,19
"length_scaled_betweenness","local_bridging",-0.7428,19
"effective_size","flow_betweenness",0.7426,19
"hindex_strength","local_volume_dimension",-0.7426,19
"lobby","local_volume_dimension",-0.7426,19
"centroid","percolation",0.7426,19
"betweenness","centroid",0.7425,19
"centroid","s_shell",0.7425,19
"cross_clique","integration",0.7424,19
"community_based","constraint",-0.7422,19
"heatmap","random_walk",-0.742,19
"community_mediator","diffusion",0.7418,19
"comm_centrality","laplacian",0.7417,19
"heatmap","information",-0.7415,19
"centroid","load",0.7415,19
"fuzzy_local_dimension","local_bridging",-0.7415,19
"coreness","kpath",0.7413,19
"kpath","local_hindex",0.7413,19
"ego_betweenness","node_contraction",0.7413,19
"kpath","s_core",0.7413,19
"kpath","weighted_kshell",0.7413,19
"cross_clique","s_shell",0.7412,19
"average_distance","constraint",0.7408,19
"barycenter","constraint",-0.7408,19
"closeness","constraint",-0.7408,19
"constraint","lin",-0.7408,19
"constraint","radiality",-0.7408,19
"heatmap","spanning_tree",-0.7408,19
"average_distance","stress",-0.7408,19
"barycenter","stress",0.7408,19
"closeness","stress",0.7408,19
"lin","stress",0.7408,19
"radiality","stress",0.7408,19
"constraint","wiener",0.7408,19
"stress","wiener",-0.7408,19
"current_flow_closeness","heatmap",-0.7405,19
"infection","mnc",0.7403,13
"community_based","s_shell",0.7403,19
"community_based","effective_size",0.7401,19
"fragmentation","hub",0.74,14
"degree","infection",0.74,14
"expected_influence_1","infection",0.74,14
"infection","strength",0.74,14
"dangalchev","stress",0.74,19
"decay","stress",0.74,19
"generalized_closeness","stress",0.74,19
"residual_closeness","stress",0.74,19
"community_based","heatmap",-0.7399,19
"community_based","local_dimension",-0.7399,19
"node_contraction","topological_coefficient",-0.7398,19
"community_mediator","constraint",-0.7394,19
"constraint","load",-0.7393,19
"closeness_vitality","diffusion",-0.7391,19
"shapley_game1","topological_coefficient",-0.7391,19
"current_flow_betweenness","markov",0.739,19
"collective_influence","node_contraction",0.739,19
"constraint","katz",-0.7389,19
"coreness","mnc",0.7389,18
"local_hindex","mnc",0.7389,18
"fuzzy_local_dimension","pagerank",0.7389,19
"onion","pagerank",0.7389,19
"mnc","s_core",0.7389,18
"mnc","weighted_kshell",0.7389,18
"leverage","topological_coefficient",-0.7387,19
"local_entropy","markov",-0.7386,19
"degree","two_way_rw",0.7385,14
"expected_influence_1","two_way_rw",0.7385,14
"strength","two_way_rw",0.7385,14
"constraint","hindex_strength",-0.7384,19
"constraint","lobby",-0.7384,19
"harmonic","stress",0.7384,19
"reaching_local","stress",0.7384,19
"ego_betweenness","pagerank",0.7381,19
"load","pagerank",0.7381,19
"onion","renewed_coreness",0.7377,19
"delta_closeness","stress",0.7377,19
"gilschmidt","stress",0.7377,19
"betweenness","pagerank",0.7375,19
"pagerank","percolation",0.7375,19
"pagerank","stress",0.7375,19
"fragmentation","weighted_h_index",0.7374,14
"closeness_vitality","epc",-0.7373,14
"closeness_vitality","nonbacktracking",-0.7373,19
"delta_closeness","leverage",0.7371,19
"gilschmidt","leverage",0.7371,19
"local_dimension","pagerank",-0.7371,19
"harmonic","leverage",0.7368,19
"leverage","reaching_local",0.7367,19
"fragmentation","leverage",0.7366,14
"node_contraction_improved","s_shell",0.7366,14
"harary","local_volume_dimension",-0.7365,19
"local_bridging","onion",-0.7365,19
"enrenew","local_dimension_fixed",-0.7364,19
"constraint","gravity",-0.7363,19
"leverage","voterank",0.7361,19
"enrenew","node_contraction_improved",0.736,14
"delta_betweenness","node_contraction_improved",0.7359,14
"local_entropy","onion",-0.7358,19
"community_mediator","expected_influence_2",0.7357,19
"hide_information","onion",-0.7357,19
"closeness_vitality","expected_influence_2",-0.7356,19
"ego_betweenness","leverage",0.7354,19
"communicability","community_mediator",0.735,19
"local_entropy","mnc",-0.735,18
"authority","closeness_vitality",-0.7348,19
"coreness","laplacian",0.7346,19
"laplacian","local_hindex",0.7346,19
"laplacian","s_core",0.7346,19
"laplacian","weighted_kshell",0.7346,19
"community_mediator","node_contraction",0.7344,19
"ego_betweenness","local_bridging",-0.7343,19
"local_dimension_fixed","shapley_game1",-0.7342,19
"coreness","subgraph",0.7341,19
"local_hindex","subgraph",0.7341,19
"s_core","subgraph",0.7341,19
"subgraph","weighted_kshell",0.7341,19
"community_mediator","pagerank",0.7337,19
"local_bridging","wvoterank",-0.7334,19
"degree","delta_betweenness",0.7333,19
"delta_betweenness","expected_influence_1",0.7333,19
"community_mediator","mnc",0.7333,18
"delta_betweenness","strength",0.7333,19
"average_distance","comm_centrality",-0.7331,19
"barycenter","comm_centrality",0.7331,19
"closeness","comm_centrality",0.7331,19
"comm_centrality","lin",0.7331,19
"comm_centrality","radiality",0.7331,19
"comm_centrality","wiener",-0.7331,19
"constraint","laplacian",-0.7329,19
"heatmap","markov",-0.7329,19
"length_scaled_betweenness","node_contraction_improved",0.7329,14
"comm_centrality","epc",0.7328,14
"community_mediator","expected",0.7328,19
"harary","stress",0.7328,19
"community_mediator","local_bridging",-0.7327,19
"coreness","markov",0.7327,19
"local_hindex","markov",0.7327,19
"markov","s_core",0.7327,19
"markov","weighted_kshell",0.7327,19
"closeness_vitality","communicability",-0.7322,19
"closeness_vitality","eigenvector",-0.732,19
"closeness_vitality","node_contraction",-0.732,19
"coreness","random_walk",0.732,19
"local_hindex","random_walk",0.732,19
"random_walk","s_core",0.732,19
"random_walk","weighted_kshell",0.732,19
"closeness_vitality","expected",-0.7319,19
"authority","community_mediator",0.7318,19
"local_dimension","local_dimension_fixed",0.7318,19
"local_entropy","random_walk",-0.7317,19
"fuzzy_local_dimension","subgraph",0.7317,19
"local_dimension","markov",-0.7316,19
"coreness","information",0.7315,19
"load","local_bridging",-0.7315,19
"average_distance","local_entropy",0.7315,19
"barycenter","local_entropy",-0.7315,19
"closeness","local_entropy",-0.7315,19
"lin","local_entropy",-0.7315,19
"information","local_hindex",0.7315,19
"local_entropy","radiality",-0.7315,19
"information","s_core",0.7315,19
"local_bridging","two_way_rw",-0.7315,14
"information","weighted_kshell",0.7315,19
"local_entropy","wiener",0.7315,19
"flow_betweenness","gravity",0.7314,19
"authority","lac",0.7314,18
"authority","redundancy",0.7314,18
"information","local_entropy",-0.7313,19
"integration","stress",0.7313,19
"node_contraction_improved","stress",0.7313,14
"harary","local_entropy",-0.7311,19
"betweenness","local_bridging",-0.731,19
"coreness","nonbacktracking",0.731,19
"local_hindex","nonbacktracking",0.731,19
"local_bridging","percolation",-0.731,19
"nonbacktracking","s_core",0.731,19
"nonbacktracking","weighted_kshell",0.731,19
"coreness","spanning_tree",0.7309,19
"local_hindex","spanning_tree",0.7309,19
"s_core","spanning_tree",0.7309,19
"spanning_tree","weighted_kshell",0.7309,19
"closeness_vitality","community_based",-0.7308,19
"average_distance","effective_size",-0.7308,19
"barycenter","effective_size",0.7308,19
"closeness","effective_size",0.7308,19
"effective_size","lin",0.7308,19
"effective_size","radiality",0.7308,19
"effective_size","wiener",-0.7308,19
"coreness","current_flow_closeness",0.7307,19
"current_flow_closeness","local_hindex",0.7307,19
"community_based","local_volume_dimension",-0.7307,19
"current_flow_closeness","s_core",0.7307,19
"current_flow_closeness","weighted_kshell",0.7307,19
"local_entropy","spanning_tree",-0.7306,19
"average_distance","flow_betweenness",-0.7305,19
"barycenter","flow_betweenness",0.7305,19
"closeness","flow_betweenness",0.7305,19
"flow_betweenness","lin",0.7305,19
"flow_betweenness","radiality",0.7305,19
"flow_betweenness","wiener",-0.7305,19
"community_mediator","eigenvector",0.7304,19
"average_distance","onion",-0.7304,19
"barycenter","onion",0.7304,19
"closeness","onion",0.7304,19
"lin","onion",0.7304,19
"onion","radiality",0.7304,19
"onion","wiener",-0.7304,19
"diffusion","pagerank",0.7302,19
"eigenvector","lac",0.7301,18
"current_flow_closeness","local_entropy",-0.7301,19
"eigenvector","redundancy",0.7301,18
"pagerank","subgraph",0.7301,19
"collective_influence","degree",0.73,19
"collective_influence","expected_influence_1",0.73,19
"mnc","s_shell",0.73,18
"collective_influence","strength",0.73,19
"cross_clique","infection",0.7299,14
"hub","lac",0.7299,18
"hub","redundancy",0.7299,18
"diffusion","lac",0.7298,18
"diffusion","redundancy",0.7298,18
"constraint","kpath",-0.7297,19
"closeness_vitality","pagerank",-0.7297,19
"local_volume_dimension","onion",-0.7292,19
"katz","local_dimension",-0.7291,19
"gravity","renewed_coreness",0.7291,19
"infection","weighted_h_index",0.729,14
"coreness","diffusion",0.7289,19
"diffusion","local_hindex",0.7289,19
"diffusion","s_core",0.7289,19
"diffusion","weighted_kshell",0.7289,19
"communicability","lac",0.7288,18
"communicability","redundancy",0.7288,18
"local_dimension","random_walk",-0.7286,19
"constraint","integration",-0.7284,19
"flow_betweenness","katz",0.7283,19
"community_mediator","subgraph",0.7283,19
"information","local_dimension",-0.7282,19
"ego_betweenness","shapley_game1",0.7282,19
"community_mediator","semilocal",0.728,19
"local_bridging","subgraph",-0.728,19
"comm_centrality","cross_clique",0.7279,19
"degree","stress",0.7277,19
"expected_influence_1","stress",0.7277,19
"strength","stress",0.7277,19
"closeness_vitality","semilocal",-0.7275,19
"node_contraction_improved","shapley_game1",0.7275,14
"local_dimension","spanning_tree",-0.7275,19
"heatmap","mnc",-0.7273,18
"comm_centrality","communicability_betweenness",0.7272,19
"communicability","coreness",0.7271,19
"coreness","epc",0.7271,14
"current_flow_closeness","local_dimension",-0.7271,19
"communicability","local_hindex",0.7271,19
"epc","local_hindex",0.7271,14
"communicability","s_core",0.7271,19
"epc","s_core",0.7271,14
"communicability","weighted_kshell",0.7271,19
"epc","weighted_kshell",0.7271,14
"fragmentation","topological_coefficient",-0.727,14
"delta_closeness","local_volume_dimension",-0.7269,19
"gilschmidt","local_volume_dimension",-0.7269,19
"authority","coreness",0.7268,19
"authority","local_hindex",0.7268,19
"authority","s_core",0.7268,19
"authority","weighted_kshell",0.7268,19
"coreness","eigenvector",0.7264,19
"eigenvector","local_hindex",0.7264,19
"eigenvector","s_core",0.7264,19
"eigenvector","weighted_kshell",0.7264,19
"degree","length_scaled_betweenness",0.7263,19
"expected_influence_1","length_scaled_betweenness",0.7263,19
"ego_betweenness","node_contraction_improved",0.7263,14
"length_scaled_betweenness","strength",0.7263,19
"degree","ego_betweenness",0.7262,19
"ego_betweenness","expected_influence_1",0.7262,19
"ego_betweenness","strength",0.7262,19
"centroid","collective_influence",0.7261,19
"local_dimension_fixed","markov",-0.7261,19
"comm_centrality","onion",0.7259,19
"expected_influence_2","lac",0.7258,18
"expected_influence_2","redundancy",0.7258,18
"communicability","fuzzy_local_dimension",0.7256,19
"harmonic","local_volume_dimension",-0.7256,19
"local_volume_dimension","reaching_local",-0.7256,19
"community_mediator","effective_size",0.7255,19
"gravity","heatmap",-0.7254,19
"community_based","enrenew",0.7249,19
"coreness","expected_influence_2",0.7249,19
"expected_influence_2","local_hindex",0.7249,19
"expected_influence_2","s_core",0.7249,19
"expected_influence_2","weighted_kshell",0.7249,19
"cross_clique","hide_information",-0.7248,19
"eigenvector","fuzzy_local_dimension",0.7247,19
"load","node_contraction_improved",0.7247,14
"kpath","lac",0.7246,18
"kpath","redundancy",0.7246,18
"expected","lac",0.7245,18
"expected","redundancy",0.7245,18
"centroid","ego_betweenness",0.7242,19
"authority","fuzzy_local_dimension",0.7241,19
"coreness","expected",0.7239,19
"expected","local_hindex",0.7239,19
"expected","s_core",0.7239,19
"expected","weighted_kshell",0.7239,19
"communicability_betweenness","fuzzy_local_dimension",0.7238,19
"diffusion","fuzzy_local_dimension",0.7236,19
"community_mediator","hindex_strength",0.7232,19
"community_mediator","lobby",0.7232,19
"eigenvector","pagerank",0.7232,19
"node_contraction_improved","percolation",0.7232,14
"closeness_vitality","subgraph",-0.7232,19
"collective_influence","local_bridging",-0.7231,19
"betweenness","node_contraction_improved",0.7231,14
"local_bridging","stress",-0.7231,19
"comm_centrality","integration",0.7228,19
"closeness_vitality","heatmap",0.7227,19
"fragmentation","onion",0.7227,14
"average_distance","kreach",-0.7225,7
"barycenter","kreach",0.7225,7
"closeness","kreach",0.7225,7
"kreach","lin",0.7225,7
"local_dimension_fixed","node_contraction",-0.7225,19
"kreach","radiality",0.7225,7
"kreach","wiener",-0.7225,7
"average_distance","s_shell",-0.7224,19
"barycenter","s_shell",0.7224,19
"closeness","s_shell",0.7224,19
"lin","s_shell",0.7224,19
"radiality","s_shell",0.7224,19
"s_shell","wiener",-0.7224,19
"bridging","flow_coefficient",0.7223,18
"ego_betweenness","heatmap",-0.7222,19
"enrenew","harary",0.7221,19
"collective_influence","harary",0.7219,19
"effective_size","integration",0.7218,19
"local_dimension_fixed","random_walk",-0.7218,19
"communicability","pagerank",0.7217,19
"flow_betweenness","integration",0.7216,19
"information","local_dimension_fixed",-0.7214,19
"community_mediator","weighted_h_index",0.7214,19
"communicability_betweenness","renewed_coreness",0.7212,19
"local_dimension_fixed","spanning_tree",-0.721,19
"current_flow_closeness","local_dimension_fixed",-0.7209,19
"community_based","shapley_game1",0.7209,19
"gravity","lac",0.7208,18
"integration","onion",0.7208,19
"expected_influence_2","pagerank",0.7208,19
"gravity","redundancy",0.7208,18
"flow_betweenness","fragmentation",0.7205,14
"authority","pagerank",0.7204,19
"closeness_vitality","hindex_strength",-0.72,19
"closeness_vitality","lobby",-0.72,19
"katz","lac",0.7198,18
"katz","redundancy",0.7198,18
"comm_centrality","diffusion",0.7197,19
"fragmentation","fuzzy_local_dimension",0.7197,14
"current_flow_betweenness","hide_information",-0.7196,19
"dangalchev","leverage",0.7195,19
"decay","leverage",0.7195,19
"generalized_closeness","leverage",0.7195,19
"leverage","residual_closeness",0.7195,19
"lac","laplacian",0.7194,18
"laplacian","redundancy",0.7194,18
"node_contraction","onion",0.7193,19
"average_distance","fuzzy_local_dimension",-0.7191,19
"barycenter","fuzzy_local_dimension",0.7191,19
"closeness","fuzzy_local_dimension",0.7191,19
"fuzzy_local_dimension","lin",0.7191,19
"integration","local_entropy",-0.7191,19
"fuzzy_local_dimension","radiality",0.7191,19
"fuzzy_local_dimension","wiener",-0.7191,19
"harary","infection",0.7187,14
"fuzzy_local_dimension","node_contraction",0.7186,19
"leverage","random_walk",0.7186,19
"current_flow_closeness","leverage",0.7183,19
"closeness_vitality","local_bridging",0.7183,19
"information","leverage",0.7181,19
"random_walk","renewed_coreness",0.7179,19
"cross_clique","local_entropy",-0.7178,19
"node_contraction","subgraph",0.7178,19
"cross_clique","fuzzy_local_dimension",0.7176,19
"fuzzy_local_dimension","hindex_strength",0.7175,19
"fuzzy_local_dimension","lobby",0.7175,19
"information","renewed_coreness",0.7175,19
"leverage","spanning_tree",0.7175,19
"node_contraction","wvoterank",0.7175,19
"expected_influence_2","fuzzy_local_dimension",0.7174,19
"diffusion","node_contraction",0.7173,19
"collective_influence","pagerank",0.7172,19
"pagerank","wvoterank",0.7171,19
"fuzzy_local_dimension","nonbacktracking",0.7169,19
"renewed_coreness","spanning_tree",0.7169,19
"leverage","markov",0.7167,19
"community_mediator","nonbacktracking",0.7166,19
"current_flow_closeness","renewed_coreness",0.7166,19
"integration","kreach",0.7165,7
"centroid","shapley_game1",0.7164,19
"cross_clique","enrenew",0.7162,19
"delta_betweenness","harary",0.7161,19
"flow_betweenness","hindex_strength",0.7161,19
"flow_betweenness","lobby",0.7161,19
"comm_centrality","expected_influence_2",0.716,19
"community_based","coreness",0.7157,19
"communicability","local_bridging",-0.7157,19
"community_based","local_hindex",0.7157,19
"community_based","s_core",0.7157,19
"community_based","weighted_kshell",0.7157,19
"betweenness","degree",0.7156,19
"betweenness","expected_influence_1",0.7156,19
"degree","percolation",0.7156,19
"expected_influence_1","percolation",0.7156,19
"betweenness","strength",0.7156,19
"percolation","strength",0.7156,19
"local_volume_dimension","s_shell",-0.7155,19
"degree","load",0.7153,19
"expected_influence_1","load",0.7153,19
"harary","shapley_game1",0.7153,19
"load","strength",0.7153,19
"communicability","node_contraction",0.7151,19
"communicability_betweenness","heatmap",-0.715,19
"enrenew","flow_betweenness",0.7148,19
"current_flow_betweenness","wvoterank",0.7147,19
"lac","semilocal",0.7145,18
"redundancy","semilocal",0.7145,18
"coreness","semilocal",0.7142,19
"local_hindex","semilocal",0.7142,19
"s_core","semilocal",0.7142,19
"semilocal","weighted_kshell",0.7142,19
"eigenvector","local_bridging",-0.7141,19
"gravity","local_dimension",-0.7141,19
"effective_size","epc",0.7138,14
"expected","fuzzy_local_dimension",0.7136,19
"current_flow_betweenness","epc",0.7135,14
"expected","pagerank",0.7135,19
"laplacian","local_dimension",-0.7133,19
"authority","node_contraction",0.7133,19
"eigenvector","node_contraction",0.7131,19
"integration","s_shell",0.7131,19
"harary","length_scaled_betweenness",0.7129,19
"comm_centrality","expected",0.7123,19
"katz","local_dimension_fixed",-0.7122,19
"local_bridging","nonbacktracking",-0.7122,19
"nonbacktracking","pagerank",0.7122,19
"hide_information","local_volume_dimension",0.712,19
"leverage","stress",0.7119,19
"coreness","lac",0.7115,18
"flow_betweenness","laplacian",0.7115,19
"lac","local_hindex",0.7115,18
"coreness","redundancy",0.7115,18
"local_hindex","redundancy",0.7115,18
"lac","s_core",0.7115,18
"redundancy","s_core",0.7115,18
"lac","weighted_kshell",0.7115,18
"redundancy","weighted_kshell",0.7115,18
"coreness","harary",0.7113,19
"delta_closeness","infection",0.7113,14
"gilschmidt","infection",0.7113,14
"authority","local_bridging",-0.7113,19
"harary","local_hindex",0.7113,19
"collective_influence","node_contraction_improved",0.7113,14
"harary","s_core",0.7113,19
"harary","weighted_kshell",0.7113,19
"community_mediator","epc",0.7112,14
"diffusion","local_bridging",-0.7112,19
"centroid","enrenew",0.711,19
"dangalchev","local_volume_dimension",-0.711,19
"decay","local_volume_dimension",-0.711,19
"generalized_closeness","local_volume_dimension",-0.711,19
"local_volume_dimension","residual_closeness",-0.711,19
"delta_betweenness","flow_betweenness",0.7109,19
"kpath","local_dimension",-0.7106,19
"markov","renewed_coreness",0.7106,19
"constraint","epc",-0.7105,14
"delta_betweenness","harmonic",0.7105,19
"delta_betweenness","reaching_local",0.7105,19
"harmonic","infection",0.7104,14
"infection","reaching_local",0.7104,14
"flow_betweenness","kpath",0.7103,19
"community_hub_bridge","degree",0.7101,19
"community_hub_bridge","expected_influence_1",0.7101,19
"community_hub_bridge","strength",0.7101,19
"current_flow_betweenness","gravity",0.71,19
"fuzzy_local_dimension","integration",0.7099,19
"community_mediator","current_flow_betweenness",0.7098,19
"community_mediator","heatmap",-0.7096,19
"constraint","heatmap",0.7096,19
"effective_size","katz",0.7092,19
"effective_size","gravity",0.7091,19
"expected_influence_2","node_contraction",0.7091,19
"current_flow_betweenness","enrenew",0.709,19
"community_based","community_mediator",0.7089,19
"dangalchev","delta_betweenness",0.7089,19
"decay","delta_betweenness",0.7089,19
"delta_betweenness","generalized_closeness",0.7089,19
"delta_betweenness","residual_closeness",0.7089,19
"enrenew","heatmap",-0.7088,19
"harary","local_dimension",-0.7085,19
"shapley_game1","stress",0.7085,19
"delta_betweenness","delta_closeness",0.7084,19
"delta_betweenness","gilschmidt",0.7084,19
"fuzzy_local_dimension","hide_information",-0.7082,19
"harmonic","length_scaled_betweenness",0.7081,19
"length_scaled_betweenness","reaching_local",0.7081,19
"current_flow_betweenness","mnc",0.7079,18
"stress","topological_coefficient",-0.7078,19
"average_distance","delta_betweenness",-0.7074,19
"barycenter","delta_betweenness",0.7074,19
"closeness","delta_betweenness",0.7074,19
"delta_betweenness","lin",0.7074,19
"delta_betweenness","radiality",0.7074,19
"delta_betweenness","wiener",-0.7074,19
"node_contraction","two_way_rw",0.707,14
"comm_centrality","nonbacktracking",0.7068,19
"dangalchev","length_scaled_betweenness",0.7067,19
"decay","length_scaled_betweenness",0.7067,19
"flow_betweenness","length_scaled_betweenness",0.7067,19
"generalized_closeness","length_scaled_betweenness",0.7067,19
"length_scaled_betweenness","residual_closeness",0.7067,19
"authority","comm_centrality",0.7065,19
"comm_centrality","hide_information",-0.7065,19
"pagerank","two_way_rw",0.7065,14
"collective_influence","delta_closeness",0.7062,19
"collective_influence","gilschmidt",0.7062,19
"delta_closeness","length_scaled_betweenness",0.7062,19
"gilschmidt","length_scaled_betweenness",0.7062,19
"closeness_vitality","community_mediator",-0.7061,19
"collective_influence","harmonic",0.7061,19
"closeness_vitality","hide_information",0.7061,19
"collective_influence","reaching_local",0.7061,19
"centroid","renewed_coreness",0.706,19
"hide_information","renewed_coreness",-0.706,19
"degree","wvoterank",0.706,19
"expected_influence_1","wvoterank",0.706,19
"strength","wvoterank",0.706,19
"comm_centrality","eigenvector",0.7057,19
"fuzzy_local_dimension","semilocal",0.7055,19
"average_distance","length_scaled_betweenness",-0.7053,19
"barycenter","length_scaled_betweenness",0.7053,19
"closeness","length_scaled_betweenness",0.7053,19
"length_scaled_betweenness","lin",0.7053,19
"length_scaled_betweenness","radiality",0.7053,19
"length_scaled_betweenness","wiener",-0.7053,19
"epc","flow_betweenness",0.7052,14
"cross_clique","local_dimension",-0.7048,19
"random_walk","stress",0.7048,19
"coreness","infection",0.7046,14
"infection","local_hindex",0.7046,14
"infection","s_core",0.7046,14
"infection","weighted_kshell",0.7046,14
"information","stress",0.7043,19
"hub","pagerank",0.7042,19
"bridging","transitivity",-0.7041,18
"hide_information","local_entropy",0.704,19
"degree","local_entropy",-0.7039,19
"expected_influence_1","local_entropy",-0.7039,19
"local_entropy","strength",-0.7039,19
"effective_size","wvoterank",0.7039,19
"kpath","renewed_coreness",0.7038,19
"spanning_tree","stress",0.7038,19
"communicability_betweenness","coreness",0.7037,19
"ego_betweenness","hide_information",-0.7037,19
"communicability_betweenness","local_hindex",0.7037,19
"communicability","renewed_coreness",0.7037,19
"communicability_betweenness","s_core",0.7037,19
"current_flow_closeness","stress",0.7037,19
"communicability_betweenness","weighted_kshell",0.7037,19
"epc","fuzzy_local_dimension",0.7034,14
"harary","percolation",0.7034,19
"betweenness","harary",0.7033,19
"current_flow_betweenness","katz",0.7031,19
"harary","load",0.7029,19
"pagerank","topological_coefficient",-0.7029,19
"gravity","local_dimension_fixed",-0.7028,19
"node_contraction","nonbacktracking",0.7028,19
"pagerank","semilocal",0.7028,19
"comm_centrality","communicability",0.7027,19
"local_dimension_fixed","node_contraction_improved",-0.7025,14
"degree","lac",0.7024,18
"expected_influence_1","lac",0.7024,18
"degree","redundancy",0.7024,18
"expected_influence_1","redundancy",0.7024,18
"lac","strength",0.7024,18
"redundancy","strength",0.7024,18
"lac","weighted_h_index",0.7023,18
"redundancy","weighted_h_index",0.7023,18
"ego_betweenness","fragmentation",0.7022,14
"coreness","weighted_h_index",0.7022,19
"local_hindex","weighted_h_index",0.7022,19
"s_core","weighted_h_index",0.7022,19
"weighted_h_index","weighted_kshell",0.7022,19
"expected_influence_2","local_bridging",-0.702,19
"expected","node_contraction",0.702,19
"authority","renewed_coreness",0.7019,19
"enrenew","epc",0.7018,14
"enrenew","harmonic",0.7017,19
"local_dimension","node_contraction_improved",-0.7017,14
"enrenew","reaching_local",0.7017,19
"local_bridging","topological_coefficient",0.7016,19
"epc","infection",0.7014,14
"heatmap","katz",-0.7014,19
"eigenvector","renewed_coreness",0.7014,19
"delta_closeness","enrenew",0.7013,19
"enrenew","gilschmidt",0.7013,19
"degree","renewed_coreness",0.7013,19
"expected_influence_1","renewed_coreness",0.7013,19
"renewed_coreness","strength",0.7013,19
"diffusion","renewed_coreness",0.7012,19
"coreness","delta_closeness",0.701,19
"coreness","gilschmidt",0.701,19
"delta_closeness","local_hindex",0.701,19
"gilschmidt","local_hindex",0.701,19
"katz","renewed_coreness",0.701,19
"delta_closeness","s_core",0.701,19
"gilschmidt","s_core",0.701,19
"delta_closeness","weighted_kshell",0.701,19
"gilschmidt","weighted_kshell",0.701,19
"harmonic","load",0.7009,19
"load","reaching_local",0.7009,19
"fuzzy_local_dimension","local_information_dimension",0.7008,19
"harmonic","percolation",0.7008,19
"percolation","reaching_local",0.7008,19
"laplacian","renewed_coreness",0.7008,19
"comm_centrality","semilocal",0.7008,19
"betweenness","harmonic",0.7007,19
"betweenness","reaching_local",0.7007,19
"centroid","coreness",0.7005,19
"centroid","local_hindex",0.7005,19
"centroid","s_core",0.7005,19
"centroid","weighted_kshell",0.7005,19
"renewed_coreness","semilocal",0.7003,19
"collective_influence","dangalchev",0.7002,19
"collective_influence","decay",0.7002,19
"collective_influence","generalized_closeness",0.7002,19
"hide_information","infection",-0.7002,14
"dangalchev","percolation",0.7002,19
"decay","percolation",0.7002,19
"generalized_closeness","percolation",0.7002,19
"collective_influence","residual_closeness",0.7002,19
"percolation","residual_closeness",0.7002,19
"betweenness","dangalchev",0.7001,19
"betweenness","decay",0.7001,19
"betweenness","generalized_closeness",0.7001,19
"delta_betweenness","integration",0.7001,19
"betweenness","residual_closeness",0.7001,19
"coreness","harmonic",0.7,19
"epc","heatmap",-0.7,14
"harmonic","local_hindex",0.7,19
"coreness","reaching_local",0.7,19
"local_hindex","reaching_local",0.7,19
"harmonic","s_core",0.7,19
"reaching_local","s_core",0.7,19
"comm_centrality","subgraph",0.7,19
"harmonic","weighted_kshell",0.7,19
"reaching_local","weighted_kshell",0.7,19
"dangalchev","load",0.6998,19
"decay","load",0.6998,19
"generalized_closeness","load",0.6998,19
"load","residual_closeness",0.6998,19
"constraint","diffusion",-0.6995,19
"delta_closeness","load",0.6995,19
"gilschmidt","load",0.6995,19
"betweenness","flow_betweenness",0.6994,19
"flow_betweenness","percolation",0.6994,19
"fragmentation","shapley_game1",0.6994,14
"delta_closeness","percolation",0.6992,19
"gilschmidt","percolation",0.6992,19
"average_distance","betweenness",-0.6991,19
"barycenter","betweenness",0.6991,19
"betweenness","closeness",0.6991,19
"betweenness","delta_closeness",0.6991,19
"betweenness","gilschmidt",0.6991,19
"betweenness","lin",0.6991,19
"average_distance","percolation",-0.6991,19
"barycenter","percolation",0.6991,19
"closeness","percolation",0.6991,19
"lin","percolation",0.6991,19
"betweenness","radiality",0.6991,19
"percolation","radiality",0.6991,19
"betweenness","wiener",-0.6991,19
"percolation","wiener",-0.6991,19
"flow_betweenness","hide_information",-0.699,19
"average_distance","load",-0.699,19
"barycenter","load",0.699,19
"closeness","load",0.699,19
"lin","load",0.699,19
"load","radiality",0.699,19
"load","wiener",-0.699,19
"expected_influence_2","renewed_coreness",0.6987,19
"expected","renewed_coreness",0.6986,19
"integration","length_scaled_betweenness",0.6981,19
"mnc","shapley_game1",0.698,18
"flow_betweenness","load",0.6979,19
"ego_betweenness","harary",0.6977,19
"infection","node_contraction_improved",0.6975,14
"centroid","infection",0.6973,14
"epc","leverage",0.6973,14
"communicability_betweenness","effective_size",0.6972,19
"coreness","hub",0.6972,19
"hub","local_hindex",0.6972,19
"hub","s_core",0.6972,19
"hub","weighted_kshell",0.6972,19
"renewed_coreness","subgraph",0.6971,19
"collective_influence","current_flow_betweenness",0.697,19
"centroid","local_entropy",-0.697,19
"bottleneck","stress",0.6969,19
"heatmap","wvoterank",-0.6969,19
"enrenew","markov",0.6968,19
"leverage","two_way_rw",0.6966,14
"effective_size","laplacian",0.6963,19
"local_dimension","subgraph",-0.6963,19
"node_contraction_improved","two_way_rw",0.6962,14
"current_flow_closeness","enrenew",0.6961,19
"comm_centrality","fragmentation",0.696,14
"dangalchev","infection",0.696,14
"decay","infection",0.696,14
"generalized_closeness","infection",0.696,14
"infection","residual_closeness",0.696,14
"closeness_vitality","weighted_h_index",-0.696,19
"cross_clique","local_dimension_fixed",-0.6959,19
"hub","local_bridging",-0.6957,19
"community_mediator","stress",0.6956,19
"communicability_betweenness","current_flow_betweenness",0.6955,19
"lac","local_entropy",-0.6954,18
"local_entropy","redundancy",-0.6954,18
"fragmentation","s_shell",0.6954,14
"harary","renewed_coreness",0.6953,19
"enrenew","gravity",0.6952,19
"coreness","node_contraction_improved",0.6952,14
"local_hindex","node_contraction_improved",0.6952,14
"node_contraction_improved","s_core",0.6952,14
"effective_size","topological_coefficient",-0.6952,19
"node_contraction_improved","weighted_kshell",0.6952,14
"pagerank","weighted_h_index",0.695,19
"markov","stress",0.6948,19
"community_based","infection",0.6947,14
"fuzzy_local_dimension","hub",0.6946,19
"expected","local_bridging",-0.6946,19
"harmonic","shapley_game1",0.6945,19
"reaching_local","shapley_game1",0.6945,19
"enrenew","katz",0.6943,19
"enrenew","hindex_strength",0.694,19
"enrenew","lobby",0.694,19
"delta_closeness","shapley_game1",0.694,19
"gilschmidt","shapley_game1",0.694,19
"communicability","constraint",-0.6939,19
"enrenew","random_walk",0.6938,19
"node_contraction_improved","topological_coefficient",-0.6938,14
"harary","local_dimension_fixed",-0.6937,19
"enrenew","spanning_tree",0.6937,19
"heatmap","laplacian",-0.6936,19
"hindex_strength","local_dimension",-0.6936,19
"lobby","local_dimension",-0.6936,19
"delta_betweenness","random_walk",0.6932,19
"closeness_vitality","hub",-0.6931,19
"dangalchev","renewed_coreness",0.6931,19
"decay","renewed_coreness",0.6931,19
"delta_closeness","renewed_coreness",0.6931,19
"generalized_closeness","renewed_coreness",0.6931,19
"gilschmidt","renewed_coreness",0.6931,19
"harmonic","renewed_coreness",0.6931,19
"reaching_local","renewed_coreness",0.6931,19
"renewed_coreness","residual_closeness",0.6931,19
"constraint","expected_influence_2",-0.6929,19
"local_volume_dimension","node_contraction_improved",-0.6929,14
"gravity","leverage",0.6928,19
"constraint","subgraph",-0.6928,19
"cross_clique","flow_betweenness",0.6927,19
"delta_betweenness","information",0.6927,19
"hide_information","leverage",-0.6927,19
"constraint","leverage",-0.6923,19
"closeness_vitality","cross_clique",-0.6922,19
"leverage","local_dimension",-0.6922,19
"delta_betweenness","spanning_tree",0.6921,19
"current_flow_closeness","delta_betweenness",0.692,19
"integration","load",0.692,19
"integration","percolation",0.692,19
"average_distance","leverage",-0.6919,19
"barycenter","leverage",0.6919,19
"closeness","leverage",0.6919,19
"leverage","lin",0.6919,19
"leverage","radiality",0.6919,19
"leverage","wiener",-0.6919,19
"betweenness","integration",0.6918,19
"node_contraction","semilocal",0.6917,19
"comm_centrality","flow_betweenness",0.6916,19
"collective_influence","heatmap",-0.6916,19
"effective_size","kpath",0.6916,19
"infection","lac",0.6916,13
"infection","redundancy",0.6916,13
"constraint","eigenvector",-0.6915,19
"enrenew","information",0.6911,19
"local_bridging","voterank",-0.6911,19
"local_dimension","node_contraction",-0.6908,19
"collective_influence","random_walk",0.6908,19
"harary","two_way_rw",0.6906,14
"collective_influence","information",0.6903,19
"kpath","local_dimension_fixed",-0.6902,19
"community_based","local_entropy",-0.6902,19
"nonbacktracking","renewed_coreness",0.6902,19
"communicability_betweenness","flow_betweenness",0.6901,19
"centroid","local_dimension",-0.6899,19
"collective_influence","spanning_tree",0.6897,19
"collective_influence","current_flow_closeness",0.6896,19
"closeness_vitality","onion",-0.6891,19
"centroid","local_dimension_fixed",-0.689,19
"hub","node_contraction",0.689,19
"constraint","expected",-0.6888,19
"coreness","hide_information",-0.6888,19
"hide_information","local_hindex",-0.6888,19
"length_scaled_betweenness","random_walk",0.6888,19
"hide_information","s_core",-0.6888,19
"hide_information","weighted_kshell",-0.6888,19
"centroid","local_volume_dimension",-0.6887,19
"fuzzy_local_dimension","onion",0.6886,19
"authority","constraint",-0.6884,19
"information","length_scaled_betweenness",0.6882,19
"entropy_variation_degree","leverage",0.688,19
"constraint","renewed_coreness",-0.688,19
"closeness_vitality","current_flow_betweenness",-0.6879,19
"length_scaled_betweenness","spanning_tree",0.6877,19
"current_flow_closeness","length_scaled_betweenness",0.6876,19
"community_mediator","hub",0.6875,19
"mnc","two_way_rw",0.6875,13
"laplacian","local_dimension_fixed",-0.6874,19
"effective_size","mnc",0.6871,18
"community_based","renewed_coreness",0.687,19
"community_hub_bridge","mnc",0.6868,18
"dangalchev","enrenew",0.6867,19
"decay","enrenew",0.6867,19
"enrenew","generalized_closeness",0.6867,19
"enrenew","residual_closeness",0.6867,19
"heatmap","kpath",-0.6866,19
"fragmentation","renewed_coreness",0.6866,14
"fragmentation","infection",0.6863,14
"community_hub_bridge","cross_clique",0.6862,19
"ego_betweenness","flow_betweenness",0.6862,19
"hindex_strength","two_way_rw",0.6862,14
"lobby","two_way_rw",0.6862,14
"community_mediator","delta_betweenness",0.6858,19
"delta_closeness","ego_betweenness",0.6858,19
"ego_betweenness","gilschmidt",0.6858,19
"local_bridging","shapley_game2",-0.6858,19
"integration","leverage",0.6857,19
"average_distance","renewed_coreness",-0.6857,19
"barycenter","renewed_coreness",0.6857,19
"closeness","renewed_coreness",0.6857,19
"lin","renewed_coreness",0.6857,19
"radiality","renewed_coreness",0.6857,19
"current_flow_betweenness","voterank",0.6857,19
"renewed_coreness","wiener",-0.6857,19
"coreness","dangalchev",0.6855,19
"coreness","decay",0.6855,19
"collective_influence","fragmentation",0.6855,14
"coreness","generalized_closeness",0.6855,19
"dangalchev","local_hindex",0.6855,19
"decay","local_hindex",0.6855,19
"generalized_closeness","local_hindex",0.6855,19
"coreness","residual_closeness",0.6855,19
"local_hindex","residual_closeness",0.6855,19
"dangalchev","s_core",0.6855,19
"decay","s_core",0.6855,19
"generalized_closeness","s_core",0.6855,19
"residual_closeness","s_core",0.6855,19
"dangalchev","weighted_kshell",0.6855,19
"decay","weighted_kshell",0.6855,19
"generalized_closeness","weighted_kshell",0.6855,19
"residual_closeness","weighted_kshell",0.6855,19
"delta_closeness","local_dimension",-0.6854,19
"gilschmidt","local_dimension",-0.6854,19
"ego_betweenness","harmonic",0.6853,19
"ego_betweenness","reaching_local",0.6853,19
"comm_centrality","hub",0.6849,19
"harmonic","local_dimension",-0.6849,19
"hide_information","local_dimension",0.6848,19
"local_dimension","reaching_local",-0.6848,19
"average_distance","collective_influence",-0.6847,19
"barycenter","collective_influence",0.6847,19
"closeness","collective_influence",0.6847,19
"collective_influence","lin",0.6847,19
"collective_influence","radiality",0.6847,19
"collective_influence","wiener",-0.6847,19
"hide_information","stress",-0.6845,19
"local_bridging","semilocal",-0.6844,19
"shapley_game1","two_way_rw",0.6844,14
"enrenew","fragmentation",0.6841,14
"collective_influence","markov",0.6841,19
"constraint","s_shell",-0.6839,19
"fuzzy_local_dimension","weighted_h_index",0.6839,19
"flow_betweenness","stress",0.6837,19
"hindex_strength","leverage",0.6836,19
"leverage","lobby",0.6836,19
"lac","local_volume_dimension",-0.6834,18
"local_volume_dimension","redundancy",-0.6834,18
"effective_size","hindex_strength",0.6833,19
"effective_size","lobby",0.6833,19
"current_flow_betweenness","laplacian",0.6831,19
"communicability_betweenness","stress",0.6831,19
"bottleneck","percolation",0.683,19
"betweenness","bottleneck",0.6829,19
"comm_centrality","heatmap",-0.6828,19
"hide_information","local_dimension_fixed",0.6827,19
"centroid","two_way_rw",0.6822,14
"community_based","two_way_rw",0.6821,14
"dangalchev","ego_betweenness",0.682,19
"decay","ego_betweenness",0.682,19
"ego_betweenness","generalized_closeness",0.682,19
"delta_betweenness","markov",0.682,19
"ego_betweenness","residual_closeness",0.682,19
"delta_betweenness","hide_information",-0.6819,19
"eigenvector","local_dimension",-0.6819,19
"current_flow_betweenness","hindex_strength",0.6817,19
"current_flow_betweenness","lobby",0.6817,19
"community_mediator","length_scaled_betweenness",0.6816,19
"betweenness","random_walk",0.6816,19
"percolation","random_walk",0.6816,19
"communicability","local_dimension",-0.6815,19
"epc","local_volume_dimension",-0.6815,14
"hindex_strength","local_dimension_fixed",-0.6813,19
"lobby","local_dimension_fixed",-0.6813,19
"betweenness","information",0.6812,19
"centroid","topological_coefficient",-0.6812,19
"ego_betweenness","markov",0.6811,19
"information","percolation",0.6811,19
"ego_betweenness","random_walk",0.6811,19
"constraint","nonbacktracking",-0.6809,19
"ego_betweenness","information",0.6806,19
"load","random_walk",0.6806,19
"percolation","spanning_tree",0.6806,19
"community_based","lac",0.6805,18
"epc","local_dimension_fixed",-0.6805,14
"current_flow_closeness","percolation",0.6805,19
"community_based","redundancy",0.6805,18
"betweenness","spanning_tree",0.6805,19
"betweenness","current_flow_closeness",0.6804,19
"delta_betweenness","wvoterank",0.6804,19
"authority","local_dimension",-0.6803,19
"average_distance","infection",-0.6802,14
"barycenter","infection",0.6802,14
"closeness","infection",0.6802,14
"infection","lin",0.6802,14
"information","load",0.6802,19
"infection","radiality",0.6802,14
"infection","wiener",-0.6802,14
"entropy_variation_degree","neighborhood_connectivity",-0.6801,19
"constraint","semilocal",-0.6801,19
"local_dimension","nonbacktracking",-0.68,19
"ego_betweenness","spanning_tree",0.6799,19
"current_flow_closeness","load",0.6798,19
"current_flow_closeness","ego_betweenness",0.6797,19
"bottleneck","load",0.6797,19
"heatmap","hindex_strength",-0.6796,19
"collective_influence","integration",0.6796,19
"heatmap","lobby",-0.6796,19
"katz","leverage",0.6795,19
"load","spanning_tree",0.6795,19
"enrenew","laplacian",0.6793,19
"closeness_vitality","local_entropy",0.6793,19
"cross_clique","leverage",0.6791,19
"local_bridging","weighted_h_index",-0.6791,19
"community_mediator","ego_betweenness",0.679,19
"entropy_variation_degree","shapley_game1",0.679,19
"node_contraction_improved","wvoterank",0.6789,14
"current_flow_betweenness","kpath",0.6788,19
"communicability_betweenness","lac",0.6788,18
"communicability_betweenness","redundancy",0.6788,18
"pagerank","s_shell",0.6788,19
"node_contraction","weighted_h_index",0.6788,19
"bottleneck","delta_betweenness",0.6787,19
"enrenew","kpath",0.6784,19
"bottleneck","length_scaled_betweenness",0.6784,19
"community_based","delta_betweenness",0.6777,19
"length_scaled_betweenness","markov",0.6777,19
"dangalchev","shapley_game1",0.6773,19
"decay","shapley_game1",0.6773,19
"generalized_closeness","shapley_game1",0.6773,19
"residual_closeness","shapley_game1",0.6773,19
"enrenew","wvoterank",0.677,19
"infection","local_volume_dimension",-0.6769,14
"hide_information","length_scaled_betweenness",-0.6768,19
"lac","markov",0.6768,18
"markov","redundancy",0.6768,18
"local_dimension_fixed","shapley_game2",-0.6765,19
"constraint","weighted_h_index",-0.6763,19
"infection","local_entropy",-0.6759,14
"coreness","local_entropy",-0.6758,19
"local_entropy","local_hindex",-0.6758,19
"local_entropy","s_core",-0.6758,19
"comm_centrality","s_shell",0.6758,19
"local_entropy","weighted_kshell",-0.6758,19
"constraint","flow_betweenness",-0.6757,19
"length_scaled_betweenness","wvoterank",0.6756,19
"constraint","mnc",-0.6753,18
"epc","renewed_coreness",0.6753,14
"flow_betweenness","onion",0.6751,19
"renewed_coreness","weighted_h_index",0.6751,19
"community_mediator","flow_betweenness",0.675,19
"community_hub_bridge","gravity",0.6748,19
"enrenew","local_dimension",-0.6748,19
"pagerank","voterank",0.6745,19
"delta_closeness","two_way_rw",0.6743,14
"gilschmidt","two_way_rw",0.6743,14
"community_mediator","load",0.6742,19
"single_discount","voterank_plus",0.674,19
"comm_centrality","weighted_h_index",0.674,19
"random_walk","shapley_game1",0.6739,19
"coreness","local_bridging",-0.6736,19
"local_bridging","local_hindex",-0.6736,19
"local_bridging","s_core",-0.6736,19
"information","shapley_game1",0.6736,19
"local_bridging","weighted_kshell",-0.6736,19
"community_based","length_scaled_betweenness",0.6735,19
"integration","renewed_coreness",0.6735,19
"harmonic","two_way_rw",0.6733,14
"reaching_local","two_way_rw",0.6733,14
"community_hub_bridge","pagerank",0.6731,19
"coreness","pagerank",0.6731,19
"local_hindex","pagerank",0.6731,19
"pagerank","s_core",0.6731,19
"pagerank","weighted_kshell",0.6731,19
"shapley_game1","spanning_tree",0.673,19
"community_mediator","percolation",0.6729,19
"flow_betweenness","topological_coefficient",-0.6729,19
"betweenness","community_mediator",0.6728,19
"epc","local_dimension",-0.6728,14
"collective_influence","epc",0.6727,14
"community_mediator","s_shell",0.6727,19
"current_flow_closeness","shapley_game1",0.6727,19
"load","wvoterank",0.6727,19
"hub","renewed_coreness",0.6725,19
"markov","shapley_game1",0.6725,19
"local_dimension","onion",-0.6723,19
"comm_centrality","current_flow_betweenness",0.6721,19
"comm_centrality","effective_size",0.6721,19
"heatmap","hide_information",0.6718,19
"community_hub_bridge","local_bridging",-0.6718,19
"betweenness","wvoterank",0.6718,19
"percolation","wvoterank",0.6717,19
"closeness_vitality","comm_centrality",-0.6716,19
"community_mediator","cross_clique",0.6715,19
"community_hub_bridge","markov",0.6715,19
"node_contraction","voterank",0.6715,19
"bottleneck","ego_betweenness",0.6714,19
"diffusion","local_dimension",-0.6713,19
"harary","lac",0.6711,18
"harary","redundancy",0.6711,18
"community_based","stress",0.6711,19
"betweenness","markov",0.671,19
"markov","percolation",0.671,19
"gravity","two_way_rw",0.671,14
"comm_centrality","community_hub_bridge",0.6708,19
"closeness_vitality","flow_betweenness",-0.6707,19
"constraint","onion",-0.6707,19
"delta_closeness","local_dimension_fixed",-0.6705,19
"gilschmidt","local_dimension_fixed",-0.6705,19
"lac","s_shell",0.6705,18
"redundancy","s_shell",0.6705,18
"harary","wvoterank",0.6704,19
"community_hub_bridge","random_walk",0.6702,19
"load","markov",0.6701,19
"average_distance","local_volume_dimension",0.67,19
"barycenter","local_volume_dimension",-0.67,19
"closeness","local_volume_dimension",-0.67,19
"lin","local_volume_dimension",-0.67,19
"local_volume_dimension","radiality",-0.67,19
"local_volume_dimension","wiener",0.67,19
"leverage","within_module_z",0.67,19
"collective_influence","community_based",0.6699,19
"community_hub_bridge","harary",0.6698,19
"community_hub_bridge","information",0.6698,19
"harmonic","local_dimension_fixed",-0.6696,19
"comm_centrality","coreness",0.6695,19
"comm_centrality","local_hindex",0.6695,19
"local_dimension_fixed","reaching_local",-0.6695,19
"comm_centrality","s_core",0.6695,19
"comm_centrality","weighted_kshell",0.6695,19
"effective_size","two_way_rw",0.6694,14
"community_hub_bridge","katz",0.6693,19
"cross_clique","two_way_rw",0.6691,14
"ego_betweenness","topological_coefficient",-0.6689,19
"coreness","local_volume_dimension",-0.6688,19
"local_hindex","local_volume_dimension",-0.6688,19
"local_volume_dimension","s_core",-0.6688,19
"local_volume_dimension","weighted_kshell",-0.6688,19
"comm_centrality","community_mediator",0.6687,19
"hub","local_dimension",-0.6686,19
"bottleneck","effective_size",0.6685,19
"degree","topological_coefficient",-0.6685,19
"expected_influence_1","topological_coefficient",-0.6685,19
"strength","topological_coefficient",-0.6685,19
"community_based","ego_betweenness",0.6682,19
"community_hub_bridge","spanning_tree",0.6679,19
"community_mediator","onion",0.6677,19
"infection","integration",0.6676,14
"betweenness","hide_information",-0.6675,19
"hide_information","percolation",-0.6675,19
"effective_size","voterank",0.6675,19
"degree","voterank",0.6674,19
"expected_influence_1","voterank",0.6674,19
"strength","voterank",0.6674,19
"comm_centrality","constraint",-0.6671,19
"average_distance","ego_betweenness",-0.6669,19
"barycenter","ego_betweenness",0.6669,19
"closeness","ego_betweenness",0.6669,19
"ego_betweenness","lin",0.6669,19
"ego_betweenness","radiality",0.6669,19
"ego_betweenness","wiener",-0.6669,19
"fragmentation","kreach",0.6668,4
"gravity","stress",0.6667,19
"community_hub_bridge","node_contraction_improved",0.6666,14
"lac","random_walk",0.6666,18
"random_walk","redundancy",0.6666,18
"enrenew","two_way_rw",0.6665,14
"information","lac",0.6662,18
"information","redundancy",0.6662,18
"comm_centrality","leverage",0.6661,19
"dangalchev","local_dimension",-0.6661,19
"decay","local_dimension",-0.6661,19
"generalized_closeness","local_dimension",-0.6661,19
"local_dimension","residual_closeness",-0.6661,19
"closeness_vitality","stress",-0.6661,19
"heatmap","voterank",-0.666,19
"node_contraction_improved","renewed_coreness",0.6658,14
"markov","two_way_rw",0.6658,14
"hide_information","load",-0.6656,19
"lac","spanning_tree",0.6656,18
"redundancy","spanning_tree",0.6656,18
"diffusion","flow_betweenness",0.6653,19
"expected_influence_2","local_dimension",-0.6653,19
"current_flow_closeness","lac",0.6652,18
"current_flow_closeness","redundancy",0.6652,18
"local_dimension_fixed","subgraph",-0.6651,19
"community_hub_bridge","current_flow_closeness",0.665,19
"constraint","hub",-0.6647,19
"communicability_betweenness","local_dimension",-0.6647,19
"kreach","shapley_game3",0.6646,7
"community_mediator","fuzzy_local_dimension",0.6645,19
"collective_influence","leverage",0.6645,19
"neighborhood_connectivity","topological_coefficient",0.6645,19
"centroid","wvoterank",0.6644,19
"local_bridging","s_shell",-0.6639,19
"community_mediator","local_entropy",-0.6635,19
"local_entropy","renewed_coreness",-0.6634,19
"effective_size","enrenew",0.6633,19
"delta_closeness","lac",0.663,18
"gilschmidt","lac",0.663,18
"delta_closeness","redundancy",0.663,18
"gilschmidt","redundancy",0.663,18
"average_distance","coreness",-0.6629,19
"barycenter","coreness",0.6629,19
"closeness","coreness",0.6629,19
"coreness","lin",0.6629,19
"average_distance","local_hindex",-0.6629,19
"barycenter","local_hindex",0.6629,19
"closeness","local_hindex",0.6629,19
"lin","local_hindex",0.6629,19
"coreness","radiality",0.6629,19
"local_hindex","radiality",0.6629,19
"average_distance","s_core",-0.6629,19
"barycenter","s_core",0.6629,19
"closeness","s_core",0.6629,19
"lin","s_core",0.6629,19
"radiality","s_core",0.6629,19
"average_distance","weighted_kshell",-0.6629,19
"barycenter","weighted_kshell",0.6629,19
"closeness","weighted_kshell",0.6629,19
"lin","weighted_kshell",0.6629,19
"radiality","weighted_kshell",0.6629,19
"coreness","wiener",-0.6629,19
"local_hindex","wiener",-0.6629,19
"s_core","wiener",-0.6629,19
"weighted_kshell","wiener",-0.6629,19
"effective_size","local_dimension_fixed",-0.6628,19
"enrenew","voterank",0.6628,19
"harmonic","lac",0.6626,18
"lac","reaching_local",0.6626,18
"harmonic","redundancy",0.6626,18
"reaching_local","redundancy",0.6626,18
"current_flow_betweenness","two_way_rw",0.6625,14
"community_hub_bridge","epc",0.6622,14
"flow_betweenness","subgraph",0.6622,19
"collective_influence","gravity",0.6621,19
"betweenness","community_based",0.6619,19
"community_based","percolation",0.6619,19
"cross_clique","renewed_coreness",0.6617,19
"community_based","load",0.6615,19
"epc","lac",0.6613,13
"kpath","leverage",0.6613,19
"epc","redundancy",0.6613,13
"average_distance","topological_coefficient",0.6611,19
"barycenter","topological_coefficient",-0.6611,19
"closeness","topological_coefficient",-0.6611,19
"lin","topological_coefficient",-0.6611,19
"radiality","topological_coefficient",-0.6611,19
"topological_coefficient","wiener",0.6611,19
"expected","local_dimension",-0.661,19
"ego_betweenness","epc",0.6607,14
"community_hub_bridge","kpath",0.6607,19
"entropy_variation_degree","topological_coefficient",-0.6607,19
"eigenvector","flow_betweenness",0.6606,19
"epc","two_way_rw",0.6606,14
"hub","local_dimension_fixed",-0.6605,19
"closeness_vitality","infection",-0.6603,14
"ego_betweenness","integration",0.6603,19
"fuzzy_local_dimension","leverage",0.6601,19
"centroid","community_hub_bridge",0.66,19
"harary","topological_coefficient",-0.66,19
"random_walk","two_way_rw",0.6599,14
"integration","local_volume_dimension",-0.6598,19
"laplacian","leverage",0.6596,19
"community_hub_bridge","node_contraction",0.6596,19
"spanning_tree","two_way_rw",0.6596,14
"laplacian","stress",0.6595,19
"current_flow_betweenness","local_dimension_fixed",-0.6593,19
"current_flow_closeness","two_way_rw",0.6593,14
"authority","flow_betweenness",0.6592,19
"average_distance","enrenew",-0.6589,19
"barycenter","enrenew",0.6589,19
"closeness","enrenew",0.6589,19
"enrenew","lin",0.6589,19
"enrenew","radiality",0.6589,19
"enrenew","wiener",-0.6589,19
"community_based","wvoterank",0.6589,19
"community_hub_bridge","hindex_strength",0.6588,19
"community_hub_bridge","lobby",0.6588,19
"katz","stress",0.6588,19
"information","two_way_rw",0.6586,14
"community_hub_bridge","laplacian",0.6581,19
"dangalchev","topological_coefficient",-0.658,19
"decay","topological_coefficient",-0.658,19
"generalized_closeness","topological_coefficient",-0.658,19
"residual_closeness","topological_coefficient",-0.658,19
"two_way_rw","wvoterank",0.658,14
"fuzzy_local_dimension","heatmap",-0.6577,19
"local_entropy","node_contraction_improved",-0.6577,14
"communicability","flow_betweenness",0.6576,19
"flow_betweenness","fuzzy_local_dimension",0.6576,19
"fuzzy_local_dimension","s_shell",0.6576,19
"epc","local_entropy",-0.6573,14
"local_dimension","shapley_game1",-0.6573,19
"flow_betweenness","local_dimension_fixed",-0.6571,19
"harmonic","topological_coefficient",-0.6571,19
"reaching_local","topological_coefficient",-0.6571,19
"expected_influence_2","flow_betweenness",0.657,19
"shapley_game1","within_module_z",0.657,19
"community_mediator","local_volume_dimension",-0.6566,19
"fragmentation","local_volume_dimension",-0.6564,14
"epc","shapley_game1",0.6563,14
"enrenew","subgraph",0.6561,19
"dangalchev","two_way_rw",0.656,14
"decay","two_way_rw",0.656,14
"generalized_closeness","two_way_rw",0.656,14
"residual_closeness","two_way_rw",0.656,14
"delta_closeness","wvoterank",0.656,19
"gilschmidt","wvoterank",0.656,19
"enrenew","onion",0.6557,19
"node_contraction","s_shell",0.6556,19
"delta_closeness","topological_coefficient",-0.6556,19
"gilschmidt","topological_coefficient",-0.6556,19
"ego_betweenness","wvoterank",0.6552,19
"community_mediator","leverage",0.6551,19
"local_dimension_fixed","onion",-0.6551,19
"communicability_betweenness","enrenew",0.655,19
"community_mediator","gateway",0.6549,19
"closeness_vitality","s_shell",-0.6547,19
"clusterrank","dmnc",0.6544,18
"bottleneck","current_flow_betweenness",0.6542,19
"harmonic","wvoterank",0.6542,19
"reaching_local","wvoterank",0.6542,19
"constraint","fuzzy_local_dimension",-0.654,19
"delta_betweenness","voterank",0.654,19
"flow_betweenness","hub",0.6538,19
"fragmentation","wvoterank",0.6538,14
"flow_betweenness","nonbacktracking",0.6537,19
"cross_clique","heatmap",-0.6535,19
"average_distance","shapley_game1",-0.6534,19
"barycenter","shapley_game1",0.6534,19
"closeness","shapley_game1",0.6534,19
"lin","shapley_game1",0.6534,19
"radiality","shapley_game1",0.6534,19
"integration","topological_coefficient",-0.6534,19
"shapley_game1","wiener",-0.6534,19
"community_hub_bridge","harmonic",0.6532,19
"community_hub_bridge","reaching_local",0.6532,19
"current_flow_betweenness","fuzzy_local_dimension",0.653,19
"constraint","shapley_game1",-0.653,19
"katz","two_way_rw",0.653,14
"coreness","integration",0.6529,19
"dangalchev","lac",0.6529,18
"decay","lac",0.6529,18
"generalized_closeness","lac",0.6529,18
"integration","local_hindex",0.6529,19
"local_dimension_fixed","nonbacktracking",-0.6529,19
"dangalchev","redundancy",0.6529,18
"decay","redundancy",0.6529,18
"generalized_closeness","redundancy",0.6529,18
"lac","residual_closeness",0.6529,18
"redundancy","residual_closeness",0.6529,18
"integration","s_core",0.6529,19
"integration","weighted_kshell",0.6529,19
"fragmentation","local_entropy",-0.6528,14
"heatmap","two_way_rw",-0.6528,14
"shapley_game2","wvoterank",0.6527,19
"communicability_betweenness","local_dimension_fixed",-0.6523,19
"delta_betweenness","epc",0.6522,14
"community_hub_bridge","delta_closeness",0.6517,19
"community_hub_bridge","gilschmidt",0.6517,19
"communicability_betweenness","delta_betweenness",0.6512,19
"ego_betweenness","flow_coefficient",0.651,18
"enrenew","integration",0.651,19
"expected","flow_betweenness",0.6507,19
"closeness_vitality","constraint",0.6506,19
"dangalchev","local_dimension_fixed",-0.6506,19
"decay","local_dimension_fixed",-0.6506,19
"generalized_closeness","local_dimension_fixed",-0.6506,19
"local_dimension_fixed","residual_closeness",-0.6506,19
"community_hub_bridge","onion",0.6503,19
"closeness_vitality","fuzzy_local_dimension",-0.65,19
"collective_influence","hindex_strength",0.65,19
"collective_influence","lobby",0.65,19
"local_dimension","semilocal",-0.6499,19
"entropy_variation_betweenness","entropy_variation_degree",0.6496,14
"length_scaled_betweenness","voterank",0.6495,19
"collective_influence","flow_betweenness",0.6494,19
"lac","node_contraction_improved",0.6494,13
"node_contraction_improved","redundancy",0.6494,13
"pagerank","shapley_game2",0.6494,19
"collective_influence","effective_size",0.649,19
"onion","two_way_rw",0.6486,14
"communicability_betweenness","leverage",0.6484,19
"closeness_vitality","effective_size",-0.6482,19
"node_contraction","shapley_game2",0.6482,19
"diffusion","heatmap",-0.6481,19
"current_flow_betweenness","shapley_game2",0.6481,19
"collective_influence","constraint",-0.6479,19
"local_volume_dimension","pagerank",-0.6477,19
"integration","shapley_game1",0.6477,19
"communicability_betweenness","length_scaled_betweenness",0.6475,19
"current_flow_betweenness","entropy_variation_betweenness",0.6473,14
"enrenew","shapley_game2",0.6473,19
"epc","length_scaled_betweenness",0.6471,14
"diffusion","effective_size",0.6463,19
"comm_centrality","fuzzy_local_dimension",0.6462,19
"kpath","stress",0.6462,19
"eigenvector","local_dimension_fixed",-0.6459,19
"topological_coefficient","wvoterank",-0.6458,19
"gravity","shapley_game1",0.6457,19
"dangalchev","wvoterank",0.6457,19
"decay","wvoterank",0.6457,19
"generalized_closeness","wvoterank",0.6457,19
"residual_closeness","wvoterank",0.6457,19
"effective_size","fuzzy_local_dimension",0.6456,19
"delta_betweenness","gravity",0.6454,19
"communicability","local_dimension_fixed",-0.6454,19
"coreness","node_contraction",0.6451,19
"local_hindex","node_contraction",0.6451,19
"node_contraction","s_core",0.6451,19
"node_contraction","weighted_kshell",0.6451,19
"fragmentation","local_dimension_fixed",-0.6448,14
"leverage","single_discount",0.6447,19
"cross_clique","current_flow_betweenness",0.6446,19
"local_bridging","local_volume_dimension",0.6446,19
"hide_information","shapley_game1",-0.6445,19
"load","voterank",0.6445,19
"two_way_rw","voterank",0.6445,14
"shapley_game1","single_discount",0.6443,19
"node_contraction_improved","voterank",0.6441,14
"bottleneck","constraint",-0.644,19
"stress","wvoterank",0.6437,19
"bridging","local_efficiency",-0.6435,18
"betweenness","voterank",0.6435,19
"percolation","voterank",0.6434,19
"closeness_vitality","delta_betweenness",-0.6425,19
"mnc","renewed_coreness",0.6425,18
"community_hub_bridge","dangalchev",0.6424,19
"community_hub_bridge","decay",0.6424,19
"communicability","enrenew",0.6424,19
"community_hub_bridge","generalized_closeness",0.6424,19
"flow_betweenness","local_dimension",-0.6424,19
"authority","local_dimension_fixed",-0.6424,19
"community_hub_bridge","residual_closeness",0.6424,19
"community_hub_bridge","subgraph",0.6424,19
"gravity","length_scaled_betweenness",0.6423,19
"flow_betweenness","two_way_rw",0.6422,14
"effective_size","subgraph",0.642,19
"communicability","effective_size",0.6419,19
"authority","heatmap",-0.6418,19
"pagerank","renewed_coreness",0.6418,19
"betweenness","communicability_betweenness",0.6415,19
"communicability_betweenness","percolation",0.6415,19
"collective_influence","s_shell",0.6412,19
"community_hub_bridge","eigenvector",0.6411,19
"comm_centrality","enrenew",0.6411,19
"enrenew","fuzzy_local_dimension",0.641,19
"closeness_vitality","length_scaled_betweenness",-0.641,19
"enrenew","within_module_z",0.6407,19
"flow_betweenness","semilocal",0.6406,19
"delta_betweenness","enrenew",0.6405,19
"communicability_betweenness","load",0.6403,19
"ncvoterank","shapley_game1",0.6403,19
"authority","community_hub_bridge",0.6402,19
"expected_influence_2","heatmap",-0.6402,19
"diffusion","enrenew",0.6401,19
"collective_influence","katz",0.6401,19
"epc","load",0.6401,14
"communicability","heatmap",-0.6399,19
"delta_betweenness","katz",0.6399,19
"effective_size","eigenvector",0.6395,19
"epc","stress",0.6389,14
"closeness_vitality","leverage",-0.6388,19
"neighborhood_connectivity","shapley_game1",-0.6388,19
"betweenness","closeness_vitality",-0.6386,19
"closeness_vitality","percolation",-0.6386,19
"heatmap","subgraph",-0.6386,19
"epc","percolation",0.6384,14
"betweenness","epc",0.6382,14
"community_hub_bridge","hub",0.6382,19
"community_hub_bridge","nonbacktracking",0.6382,19
"communicability","community_hub_bridge",0.638,19
"katz","shapley_game1",0.6378,19
"effective_size","expected_influence_2",0.6377,19
"comm_centrality","local_dimension",-0.6377,19
"eigenvector","heatmap",-0.6376,19
"ego_betweenness","gravity",0.6373,19
"kpath","two_way_rw",0.637,14
"flow_betweenness","wvoterank",0.637,19
"closeness_vitality","load",-0.6369,19
"collective_influence","mnc",0.6368,18
"authority","effective_size",0.6363,19
"ego_betweenness","katz",0.6362,19
"eigenvector","enrenew",0.6361,19
"comm_centrality","local_volume_dimension",-0.636,19
"katz","length_scaled_betweenness",0.6359,19
"effective_size","local_dimension",-0.6356,19
"authority","enrenew",0.6354,19
"leverage","ncvoterank",0.6353,19
"constraint","coreness",-0.6351,19
"enrenew","length_scaled_betweenness",0.6351,19
"constraint","local_hindex",-0.6351,19
"constraint","s_core",-0.6351,19
"constraint","weighted_kshell",-0.6351,19
"fragmentation","local_dimension",-0.6349,14
"local_dimension","weighted_h_index",-0.6346,19
"expected","heatmap",-0.6345,19
"laplacian","two_way_rw",0.6345,14
"gravity","load",0.6343,19
"gravity","percolation",0.6341,19
"betweenness","gravity",0.634,19
"current_flow_closeness","wvoterank",0.634,19
"average_distance","two_way_rw",-0.6337,14
"barycenter","two_way_rw",0.6337,14
"closeness","two_way_rw",0.6337,14
"lin","two_way_rw",0.6337,14
"radiality","two_way_rw",0.6337,14
"two_way_rw","wiener",-0.6337,14
"cross_clique","shapley_game1",0.6335,19
"effective_size","shapley_game2",0.6334,19
"communicability_betweenness","community_hub_bridge",0.6331,19
"shapley_game1","voterank_plus",0.6331,19
"flow_betweenness","weighted_h_index",0.6331,19
"markov","wvoterank",0.6331,19
"node_contraction","renewed_coreness",0.6329,19
"coreness","fragmentation",0.6326,14
"coreness","fuzzy_local_dimension",0.6326,19
"fragmentation","local_hindex",0.6326,14
"fuzzy_local_dimension","local_hindex",0.6326,19
"fragmentation","s_core",0.6326,14
"fuzzy_local_dimension","s_core",0.6326,19
"fragmentation","weighted_kshell",0.6326,14
"fuzzy_local_dimension","weighted_kshell",0.6326,19
"hindex_strength","shapley_game1",0.6325,19
"lobby","shapley_game1",0.6325,19
"community_mediator","infection",0.6323,14
"enrenew","expected_influence_2",0.6322,19
"community_hub_bridge","diffusion",0.632,19
"heatmap","semilocal",-0.632,19
"mnc","stress",0.6319,18
"random_walk","wvoterank",0.6316,19
"spanning_tree","wvoterank",0.6316,19
"community_mediator","renewed_coreness",0.6315,19
"infection","renewed_coreness",0.6314,14
"effective_size","nonbacktracking",0.6313,19
"current_flow_betweenness","entropy_variation_degree",0.6312,19
"diffusion","local_dimension_fixed",-0.6312,19
"effective_size","expected",0.6311,19
"constraint","cross_clique",-0.631,19
"enrenew","hide_information",-0.631,19
"enrenew","topological_coefficient",-0.631,19
"mnc","wvoterank",0.6309,18
"leverage","onion",0.6306,19
"current_flow_betweenness","diffusion",0.6302,19
"collective_influence","hide_information",-0.6302,19
"topological_coefficient","voterank",-0.63,19
"delta_betweenness","entropy_variation_betweenness",0.6298,14
"dangalchev","kreach",0.6296,7
"decay","kreach",0.6296,7
"generalized_closeness","kreach",0.6296,7
"comm_centrality","local_entropy",-0.6296,19
"kreach","residual_closeness",0.6296,7
"enrenew","nonbacktracking",0.6294,19
"information","wvoterank",0.6291,19
"communicability_betweenness","ego_betweenness",0.6286,19
"average_distance","lac",-0.6285,18
"barycenter","lac",0.6285,18
"closeness","lac",0.6285,18
"lac","lin",0.6285,18
"comm_centrality","local_dimension_fixed",-0.6285,19
"lac","radiality",0.6285,18
"average_distance","redundancy",-0.6285,18
"barycenter","redundancy",0.6285,18
"closeness","redundancy",0.6285,18
"lin","redundancy",0.6285,18
"radiality","redundancy",0.6285,18
"lac","wiener",-0.6285,18
"redundancy","wiener",-0.6285,18
"enrenew","load",0.6284,19
"harary","voterank",0.6281,19
"hindex_strength","stress",0.6279,19
"lobby","stress",0.6279,19
"betweenness","katz",0.6277,19
"entropy_variation_betweenness","leverage",0.6277,14
"katz","percolation",0.6277,19
"ego_betweenness","laplacian",0.6275,19
"betweenness","enrenew",0.6274,19
"delta_betweenness","laplacian",0.6274,19
"enrenew","percolation",0.6274,19
"collective_influence","topological_coefficient",-0.6274,19
"heatmap","nonbacktracking",-0.6273,19
"fuzzy_local_dimension","local_dimension_fixed",-0.6272,19
"centroid","lac",0.6265,18
"centroid","redundancy",0.6265,18
"enrenew","expected",0.6264,19
"katz","load",0.6264,19
"current_flow_betweenness","onion",0.6263,19
"community_hub_bridge","expected_influence_2",0.626,19
"integration","two_way_rw",0.626,14
"constraint","local_dimension",0.6259,19
"community_based","voterank",0.6259,19
"shapley_game2","voterank",0.6259,19
"collective_influence","delta_betweenness",0.6258,19
"local_volume_dimension","renewed_coreness",-0.6258,19
"fuzzy_local_dimension","shapley_game1",0.6258,19
"current_flow_betweenness","local_dimension",-0.6256,19
"local_bridging","renewed_coreness",-0.6255,19
"collective_influence","kpath",0.6254,19
"comm_centrality","renewed_coreness",0.6251,19
"ego_betweenness","voterank",0.6251,19
"leverage","neighborhood_connectivity",-0.6249,19
"laplacian","length_scaled_betweenness",0.6246,19
"leverage","subgraph",0.6244,19
"closeness_vitality","coreness",-0.6243,19
"closeness_vitality","local_hindex",-0.6243,19
"closeness_vitality","s_core",-0.6243,19
"closeness_vitality","weighted_kshell",-0.6243,19
"entropy_variation_betweenness","length_scaled_betweenness",0.6242,14
"comm_centrality","shapley_game1",0.6242,19
"infection","local_bridging",-0.6241,14
"community_mediator","shapley_game1",0.6239,19
"current_flow_betweenness","eigenvector",0.6235,19
"delta_betweenness","mnc",0.6235,18
"average_distance","wvoterank",-0.6234,19
"barycenter","wvoterank",0.6234,19
"closeness","wvoterank",0.6234,19
"lin","wvoterank",0.6234,19
"radiality","wvoterank",0.6234,19
"wiener","wvoterank",-0.6234,19
"fuzzy_local_dimension","local_entropy",-0.6233,19
"ego_betweenness","two_way_rw",0.6233,14
"fragmentation","two_way_rw",0.6232,14
"communicability","current_flow_betweenness",0.623,19
"topological_coefficient","two_way_rw",-0.623,14
"expected_influence_2","local_dimension_fixed",-0.6229,19
"community_based","topological_coefficient",-0.6229,19
"authority","current_flow_betweenness",0.6228,19
"enrenew","hub",0.6228,19
"community_hub_bridge","fragmentation",0.6227,14
"heatmap","onion",-0.6227,19
"delta_betweenness","two_way_rw",0.6223,14
"local_volume_dimension","node_contraction",-0.6221,19
"effective_size","onion",0.6221,19
"community_hub_bridge","flow_betweenness",0.6218,19
"integration","lac",0.6216,18
"collective_influence","laplacian",0.6216,19
"integration","redundancy",0.6216,18
"lac","local_bridging",-0.6215,18
"local_bridging","redundancy",-0.6215,18
"effective_size","semilocal",0.6215,19
"current_flow_betweenness","expected_influence_2",0.6214,19
"ego_betweenness","hindex_strength",0.6213,19
"ego_betweenness","lobby",0.6213,19
"current_flow_betweenness","subgraph",0.6213,19
"comm_centrality","delta_betweenness",0.6209,19
"community_hub_bridge","expected",0.6209,19
"coreness","local_dimension",-0.6205,19
"local_dimension","local_hindex",-0.6205,19
"local_dimension","s_core",-0.6205,19
"diffusion","stress",0.6205,19
"local_dimension","weighted_kshell",-0.6205,19
"flow_coefficient","percolation",0.62,18
"betweenness","flow_coefficient",0.6199,18
"delta_betweenness","kpath",0.6198,19
"ego_betweenness","kpath",0.6196,19
"constraint","local_volume_dimension",0.6195,19
"collective_influence","shapley_game1",0.6195,19
"fuzzy_local_dimension","infection",0.6194,14
"entropy_variation_betweenness","load",0.6192,14
"collective_influence","length_scaled_betweenness",0.6191,19
"constraint","topological_coefficient",0.6191,19
"comm_centrality","stress",0.619,19
"local_dimension_fixed","two_way_rw",-0.6189,14
"leverage","voterank_plus",0.6189,19
"cross_clique","effective_size",0.6188,19
"constraint","local_dimension_fixed",0.6188,19
"community_hub_bridge","local_dimension",-0.6186,19
"comm_centrality","lac",0.6183,18
"comm_centrality","redundancy",0.6183,18
"average_distance","community_hub_bridge",-0.6182,19
"barycenter","community_hub_bridge",0.6182,19
"closeness","community_hub_bridge",0.6182,19
"community_hub_bridge","lin",0.6182,19
"current_flow_betweenness","nonbacktracking",0.6182,19
"community_hub_bridge","radiality",0.6182,19
"load","voterank_plus",0.6182,19
"community_hub_bridge","wiener",-0.6182,19
"comm_centrality","two_way_rw",0.618,14
"flow_coefficient","load",0.6179,18
"length_scaled_betweenness","mnc",0.6176,18
"ego_betweenness","transitivity",-0.6176,18
"delta_betweenness","hindex_strength",0.6175,19
"delta_betweenness","lobby",0.6175,19
"comm_centrality","infection",0.6174,14
"average_distance","local_dimension",0.6174,19
"barycenter","local_dimension",-0.6174,19
"closeness","local_dimension",-0.6174,19
"lin","local_dimension",-0.6174,19
"local_dimension","radiality",-0.6174,19
"local_dimension","wiener",0.6174,19
"laplacian","shapley_game1",0.6173,19
"fragmentation","voterank",0.6173,14
"integration","wvoterank",0.6173,19
"neighborhood_connectivity","shapley_game2",-0.6172,19
"community_hub_bridge","leverage",0.6171,19
"kpath","shapley_game1",0.6171,19
"centroid","voterank",0.6171,19
"bottleneck","pagerank",0.6168,19
"entropy_variation_betweenness","percolation",0.6168,14
"enrenew","semilocal",0.6168,19
"betweenness","entropy_variation_betweenness",0.6167,14
"collective_influence","communicability_betweenness",0.6166,19
"degree","shapley_game2",0.6166,19
"expected_influence_1","shapley_game2",0.6166,19
"shapley_game2","strength",0.6166,19
"kpath","length_scaled_betweenness",0.6165,19
"laplacian","percolation",0.6163,19
"betweenness","laplacian",0.6162,19
"effective_size","weighted_h_index",0.6162,19
"expected","local_dimension_fixed",-0.6161,19
"heatmap","shapley_game2",-0.6158,19
"kreach","stress",0.6155,7
"delta_betweenness","voterank_plus",0.6155,19
"laplacian","load",0.6154,19
"bottleneck","node_contraction",0.6154,19
"entropy_variation_betweenness","shapley_game1",0.6154,14
"flow_betweenness","shapley_game2",0.6154,19
"comm_centrality","length_scaled_betweenness",0.6153,19
"length_scaled_betweenness","two_way_rw",0.6152,14
"length_scaled_betweenness","voterank_plus",0.6152,19
"flow_coefficient","length_scaled_betweenness",0.615,18
"betweenness","voterank_plus",0.6148,19
"percolation","voterank_plus",0.6147,19
"current_flow_betweenness","expected",0.6145,19
"expected_influence_2","stress",0.6142,19
"subgraph","two_way_rw",0.6142,14
"heatmap","weighted_h_index",-0.6142,19
"lac","pagerank",0.6141,18
"pagerank","redundancy",0.6141,18
"delta_closeness","voterank",0.6141,19
"gilschmidt","voterank",0.6141,19
"community_hub_bridge","integration",0.6139,19
"comm_centrality","ego_betweenness",0.6137,19
"infection","pagerank",0.6137,14
"collective_influence","renewed_coreness",0.6137,19
"community_hub_bridge","lac",0.6136,18
"community_hub_bridge","redundancy",0.6136,18
"closeness_vitality","collective_influence",-0.6134,19
"average_distance","local_dimension_fixed",0.6134,19
"barycenter","local_dimension_fixed",-0.6134,19
"closeness","local_dimension_fixed",-0.6134,19
"lin","local_dimension_fixed",-0.6134,19
"local_dimension_fixed","radiality",-0.6134,19
"local_dimension_fixed","wiener",0.6134,19
"community_hub_bridge","semilocal",0.6133,19
"flow_betweenness","s_shell",0.6132,19
"closeness_vitality","local_volume_dimension",0.613,19
"local_dimension","s_shell",-0.6129,19
"effective_size","hub",0.6126,19
"bottleneck","heatmap",-0.6123,19
"harmonic","voterank",0.6123,19
"reaching_local","voterank",0.6123,19
"bottleneck","degree",0.6122,19
"bottleneck","expected_influence_1",0.6122,19
"bottleneck","strength",0.6122,19
"current_flow_betweenness","voterank_plus",0.6121,19
"community_hub_bridge","enrenew",0.6119,19
"heatmap","kreach",-0.6118,7
"hindex_strength","length_scaled_betweenness",0.6116,19
"length_scaled_betweenness","lobby",0.6116,19
"heatmap","local_dimension_fixed",0.6116,19
"fuzzy_local_dimension","lac",0.6115,18
"entropy_variation_betweenness","neighborhood_connectivity",-0.6115,14
"fuzzy_local_dimension","redundancy",0.6115,18
"lac","local_dimension",-0.6113,18
"local_dimension","redundancy",-0.6113,18
"local_information_dimension","local_volume_dimension",-0.6112,19
"collective_influence","comm_centrality",0.6109,19
"delta_betweenness","flow_coefficient",0.6108,18
"bottleneck","shapley_game1",0.6107,19
"betweenness","bridging",0.6105,19
"bridging","percolation",0.6105,19
"epc","wvoterank",0.6105,14
"integration","local_dimension",-0.6101,19
"communicability_betweenness","shapley_game1",0.6101,19
"epc","topological_coefficient",-0.6101,14
"collective_influence","load",0.61,19
"delta_betweenness","shapley_game2",0.61,19
"comm_centrality","load",0.6099,19
"betweenness","collective_influence",0.6098,19
"communicability","leverage",0.6098,19
"collective_influence","percolation",0.6098,19
"collective_influence","stress",0.6098,19
"random_walk","topological_coefficient",-0.6098,19
"authority","stress",0.6097,19
"expected","stress",0.6095,19
"information","topological_coefficient",-0.6094,19
"communicability","stress",0.6092,19
"constraint","local_entropy",0.6091,19
"betweenness","comm_centrality",0.609,19
"comm_centrality","percolation",0.609,19
"katz","wvoterank",0.609,19
"bridging","load",0.6088,19
"current_flow_closeness","topological_coefficient",-0.6088,19
"spanning_tree","topological_coefficient",-0.6088,19
"bottleneck","centroid",0.6087,19
"local_bridging","single_discount",-0.6087,19
"closeness_vitality","lac",-0.6086,18
"closeness_vitality","redundancy",-0.6086,18
"leverage","nonbacktracking",0.6084,19
"betweenness","kpath",0.6082,19
"kpath","percolation",0.6082,19
"coreness","flow_betweenness",0.608,19
"flow_betweenness","local_hindex",0.608,19
"flow_betweenness","s_core",0.608,19
"current_flow_betweenness","semilocal",0.608,19
"flow_betweenness","weighted_kshell",0.608,19
"eigenvector","leverage",0.6078,19
"bottleneck","local_bridging",-0.6076,19
"local_dimension","local_information_dimension",-0.6076,19
"stress","voterank",0.6076,19
"eigenvector","stress",0.6075,19
"local_bridging","within_module_z",-0.6075,19
"community_hub_bridge","hide_information",-0.6073,19
"bottleneck","hide_information",-0.6072,19
"load","two_way_rw",0.6072,14
"community_mediator","local_dimension",-0.607,19
"kpath","load",0.6069,19
"community_hub_bridge","weighted_h_index",0.6069,19
"collective_influence","coreness",0.6068,19
"collective_influence","local_hindex",0.6068,19
"collective_influence","s_core",0.6068,19
"collective_influence","weighted_kshell",0.6068,19
"load","mnc",0.6066,18
"hide_information","two_way_rw",-0.6062,14
"nonbacktracking","two_way_rw",0.6062,14
"effective_size","entropy_variation_betweenness",0.6061,14
"enrenew","stress",0.6061,19
"semilocal","stress",0.6061,19
"pagerank","within_module_z",0.6058,19
"integration","local_dimension_fixed",-0.6055,19
"betweenness","mnc",0.6053,18
"mnc","percolation",0.6053,18
"local_entropy","pagerank",-0.6052,19
"bridging","stress",0.6052,19
"closeness_vitality","enrenew",-0.605,19
"community_hub_bridge","fuzzy_local_dimension",0.6049,19
"authority","leverage",0.6048,19
"gravity","wvoterank",0.6048,19
"mnc","voterank",0.6043,18
"bottleneck","leverage",0.6041,19
"communicability","two_way_rw",0.6041,14
"heatmap","local_dimension",0.6039,19
"percolation","two_way_rw",0.6039,14
"hindex_strength","percolation",0.6038,19
"lobby","percolation",0.6038,19
"betweenness","hindex_strength",0.6037,19
"betweenness","lobby",0.6037,19
"betweenness","two_way_rw",0.6037,14
"degree","within_module_z",0.6037,19
"expected_influence_1","within_module_z",0.6037,19
"strength","within_module_z",0.6037,19
"length_scaled_betweenness","shapley_game2",0.6036,19
"community_hub_bridge","coreness",0.6035,19
"community_hub_bridge","local_hindex",0.6035,19
"community_hub_bridge","s_core",0.6035,19
"community_hub_bridge","weighted_kshell",0.6035,19
"local_dimension_fixed","semilocal",-0.6029,19
"constraint","infection",-0.6028,14
"bottleneck","fragmentation",0.6026,14
"eigenvector","two_way_rw",0.6026,14
"closeness_vitality","local_dimension_fixed",0.6023,19
"heatmap","hub",-0.602,19
"current_flow_betweenness","hub",0.6019,19
"diffusion","leverage",0.6019,19
"hindex_strength","load",0.6017,19
"load","lobby",0.6017,19
"enrenew","weighted_h_index",0.6017,19
"ego_betweenness","mnc",0.6016,18
"infection","node_contraction",0.6016,14
"heatmap","voterank_plus",-0.6016,19
"enrenew","lac",0.6015,18
"enrenew","redundancy",0.6015,18
"markov","topological_coefficient",-0.6015,19
"stress","subgraph",0.6014,19
"flow_betweenness","voterank",0.6011,19
"collective_influence","community_mediator",0.6008,19
"entropy_variation_betweenness","node_contraction",0.6008,14
"community_mediator","coreness",0.6007,19
"community_mediator","local_hindex",0.6007,19
"community_mediator","s_core",0.6007,19
"community_mediator","weighted_kshell",0.6007,19
"percolation","transitivity",-0.6006,18
"betweenness","transitivity",-0.6005,18
"flow_coefficient","stress",0.6004,18
"community_mediator","two_way_rw",0.6004,14
"authority","two_way_rw",0.6002,14
"fuzzy_local_dimension","two_way_rw",0.6002,14
"community_mediator","enrenew",0.5995,19
"local_dimension_fixed","wvoterank",-0.5995,19
"ego_betweenness","enrenew",0.5994,19
"dangalchev","voterank",0.5991,19
"decay","voterank",0.5991,19
"generalized_closeness","voterank",0.5991,19
"residual_closeness","voterank",0.5991,19
"closeness_vitality","ego_betweenness",-0.5986,19
"clusterrank","lac",0.5986,18
"hub","leverage",0.5986,19
"clusterrank","redundancy",0.5986,18
"entropy_variation_betweenness","local_bridging",-0.5985,14
"bridging","length_scaled_betweenness",0.5984,19
"delta_betweenness","local_dimension_fixed",-0.5984,19
"load","transitivity",-0.5984,18
"load","shapley_game2",0.5983,19
"fuzzy_local_dimension","stress",0.5983,19
"local_dimension","wvoterank",-0.5983,19
"collective_influence","onion",0.5978,19
"closeness_vitality","shapley_game1",-0.5977,19
"ego_betweenness","entropy_variation_betweenness",0.5973,14
"ncvoterank","two_way_rw",0.597,14
"node_contraction","single_discount",0.5969,19
"ego_betweenness","local_dimension_fixed",-0.5966,19
"kreach","topological_coefficient",-0.596,7
"betweenness","shapley_game2",0.5957,19
"percolation","shapley_game2",0.5957,19
"community_mediator","local_dimension_fixed",-0.5956,19
"nonbacktracking","stress",0.5956,19
"node_contraction","within_module_z",0.5956,19
"fragmentation","lac",0.5955,13
"fragmentation","redundancy",0.5955,13
"kreach","reaching_local",0.5954,7
"harmonic","kreach",0.5953,7
"effective_size","s_shell",0.5953,19
"closeness_vitality","two_way_rw",-0.5953,14
"pagerank","single_discount",0.5952,19
"kpath","wvoterank",0.5952,19
"collective_influence","cross_clique",0.5951,19
"fragmentation","voterank_plus",0.595,14
"bottleneck","wvoterank",0.595,19
"laplacian","wvoterank",0.595,19
"collective_influence","ego_betweenness",0.5945,19
"constraint","enrenew",-0.5945,19
"local_entropy","node_contraction",-0.5945,19
"length_scaled_betweenness","transitivity",-0.5944,18
"current_flow_betweenness","weighted_h_index",0.594,19
"mnc","topological_coefficient",-0.5934,18
"current_flow_closeness","voterank",0.5931,19
"lac","node_contraction",0.593,18
"node_contraction","redundancy",0.593,18
"fuzzy_local_dimension","renewed_coreness",0.593,19
"expected_influence_2","leverage",0.5929,19
"centroid","kreach",0.5927,7
"markov","voterank",0.5927,19
"bottleneck","random_walk",0.5926,19
"bottleneck","information",0.5923,19
"local_dimension","two_way_rw",-0.5922,14
"delta_closeness","kreach",0.5918,7
"gilschmidt","kreach",0.5918,7
"effective_size","renewed_coreness",0.5918,19
"constraint","wvoterank",-0.5918,19
"bottleneck","spanning_tree",0.5917,19
"lac","local_dimension_fixed",-0.5915,18
"local_dimension_fixed","redundancy",-0.5915,18
"degree","single_discount",0.5914,19
"expected_influence_1","single_discount",0.5914,19
"single_discount","strength",0.5914,19
"epc","voterank",0.5914,14
"bottleneck","current_flow_closeness",0.5913,19
"community_hub_bridge","heatmap",-0.5912,19
"delta_betweenness","fuzzy_local_dimension",0.5909,19
"flow_betweenness","local_volume_dimension",-0.5909,19
"communicability_betweenness","two_way_rw",0.5907,14
"spanning_tree","voterank",0.5906,19
"random_walk","voterank",0.5905,19
"community_mediator","topological_coefficient",-0.5904,19
"length_scaled_betweenness","local_dimension_fixed",-0.5902,19
"current_flow_betweenness","ncvoterank",0.5902,19
"bridging","delta_betweenness",0.5901,19
"local_dimension_fixed","local_volume_dimension",0.5899,19
"community_hub_bridge","local_volume_dimension",-0.5896,19
"stress","weighted_h_index",0.5895,19
"coreness","local_dimension_fixed",-0.5892,19
"local_dimension_fixed","local_hindex",-0.5892,19
"closeness_vitality","renewed_coreness",-0.5892,19
"local_dimension_fixed","s_core",-0.5892,19
"local_dimension_fixed","weighted_kshell",-0.5892,19
"delta_betweenness","transitivity",-0.589,18
"entropy_variation_degree","local_bridging",-0.5888,19
"community_hub_bridge","shapley_game1",0.5886,19
"local_dimension_fixed","neighborhood_connectivity",0.5884,19
"communicability_betweenness","wvoterank",0.5882,19
"collective_influence","entropy_variation_betweenness",0.5881,14
"information","voterank",0.588,19
"constraint","entropy_variation_betweenness",-0.5879,14
"enrenew","single_discount",0.5878,19
"local_bridging","ncvoterank",-0.5876,19
"diffusion","two_way_rw",0.5875,14
"ego_betweenness","fuzzy_local_dimension",0.587,19
"shapley_game2","topological_coefficient",-0.587,19
"effective_size","flow_coefficient",0.5868,18
"entropy_variation_betweenness","pagerank",0.5867,14
"community_hub_bridge","local_dimension_fixed",-0.5866,19
"local_bridging","local_entropy",0.5866,19
"collective_influence","fuzzy_local_dimension",0.5865,19
"topological_coefficient","voterank_plus",-0.5862,19
"community_hub_bridge","current_flow_betweenness",0.586,19
"gravity","topological_coefficient",-0.5859,19
"bottleneck","community_mediator",0.5857,19
"fuzzy_local_dimension","wvoterank",0.5856,19
"mnc","shapley_game2",0.5855,18
"fuzzy_local_dimension","length_scaled_betweenness",0.5853,19
"expected","leverage",0.5853,19
"bottleneck","markov",0.5852,19
"bottleneck","harary",0.585,19
"local_dimension_fixed","voterank",-0.5847,19
"community_mediator","participation",0.5842,19
"heatmap","s_shell",-0.5841,19
"voterank","within_module_z",0.5839,19
"shapley_game2","two_way_rw",0.5836,14
"local_dimension_fixed","weighted_h_index",-0.5836,19
"community_hub_bridge","s_shell",0.5834,19
"constraint","kreach",-0.5833,7
"collective_influence","two_way_rw",0.5832,14
"closeness_vitality","topological_coefficient",0.5831,19
"entropy_variation_degree","heatmap",-0.583,19
"ego_betweenness","shapley_game2",0.5826,19
"entropy_variation_betweenness","topological_coefficient",-0.5825,14
"single_discount","two_way_rw",0.5825,14
"stress","two_way_rw",0.5825,14
"local_bridging","voterank_plus",-0.5824,19
"community_mediator","wvoterank",0.5823,19
"delta_betweenness","entropy_variation_degree",0.5821,19
"kreach","rumor",0.5821,7
"current_flow_betweenness","renewed_coreness",0.5819,19
"kreach","load",0.5817,7
"hide_information","wvoterank",-0.5816,19
"heatmap","single_discount",-0.5815,19
"cross_clique","wvoterank",0.5815,19
"enrenew","local_volume_dimension",-0.5814,19
"hub","two_way_rw",0.5813,14
"centroid","local_information_dimension",0.5812,19
"onion","shapley_game1",0.5811,19
"kreach","length_scaled_betweenness",0.581,7
"current_flow_betweenness","s_shell",0.5809,19
"kreach","percolation",0.5805,7
"betweenness","kreach",0.5804,7
"stress","voterank_plus",0.5803,19
"delta_betweenness","kreach",0.5801,7
"diffusion","ego_betweenness",0.58,19
"communicability_betweenness","kreach",0.58,7
"renewed_coreness","stress",0.58,19
"node_contraction_improved","voterank_plus",0.58,14
"delta_betweenness","diffusion",0.5797,19
"expected_influence_2","two_way_rw",0.5797,14
"infection","local_dimension",-0.5794,14
"current_flow_betweenness","within_module_z",0.5794,19
"load","local_dimension_fixed",-0.5793,19
"effective_size","ncvoterank",0.5793,19
"betweenness","local_dimension_fixed",-0.5792,19
"local_dimension_fixed","percolation",-0.5792,19
"stress","transitivity",-0.5791,18
"bottleneck","community_based",0.579,19
"effective_size","voterank_plus",0.5786,19
"shapley_game1","subgraph",0.5784,19
"local_information_dimension","reaching_local",0.5782,19
"delta_closeness","local_information_dimension",0.5781,19
"gilschmidt","local_information_dimension",0.5781,19
"harmonic","local_information_dimension",0.5781,19
"hide_information","lac",-0.578,18
"fuzzy_local_dimension","percolation",0.578,19
"hide_information","redundancy",-0.578,18
"betweenness","fuzzy_local_dimension",0.5779,19
"flow_betweenness","within_module_z",0.5777,19
"katz","voterank",0.5776,19
"average_distance","voterank",-0.5775,19
"barycenter","voterank",0.5775,19
"closeness","voterank",0.5775,19
"lin","voterank",0.5775,19
"radiality","voterank",0.5775,19
"voterank","wiener",-0.5775,19
"diffusion","length_scaled_betweenness",0.5774,19
"entropy_variation_degree","length_scaled_betweenness",0.5774,19
"ego_betweenness","local_dimension",-0.5773,19
"heatmap","within_module_z",-0.5773,19
"bottleneck","delta_closeness",0.5772,19
"bottleneck","gilschmidt",0.5772,19
"collective_influence","subgraph",0.577,19
"communicability","ego_betweenness",0.5769,19
"bottleneck","harmonic",0.5769,19
"fuzzy_local_dimension","load",0.5769,19
"bottleneck","reaching_local",0.5769,19
"infection","local_dimension_fixed",-0.5765,14
"bottleneck","communicability_betweenness",0.5763,19
"bridging","ego_betweenness",0.5763,19
"bottleneck","fuzzy_local_dimension",0.5762,19
"local_dimension","within_module_z",-0.576,19
"heatmap","renewed_coreness",-0.5758,19
"local_dimension","voterank",-0.5756,19
"leverage","semilocal",0.5755,19
"current_flow_betweenness","single_discount",0.5755,19
"gravity","voterank",0.5753,19
"community_hub_bridge","effective_size",0.5752,19
"delta_betweenness","ncvoterank",0.5752,19
"entropy_variation_degree","load",0.5749,19
"local_entropy","second_order",0.5749,19
"node_contraction_improved","within_module_z",0.5749,14
"degree","entropy_variation_betweenness",0.5748,14
"entropy_variation_betweenness","expected_influence_1",0.5748,14
"dangalchev","local_information_dimension",0.5748,19
"decay","local_information_dimension",0.5748,19
"generalized_closeness","local_information_dimension",0.5748,19
"local_information_dimension","residual_closeness",0.5748,19
"entropy_variation_betweenness","strength",0.5748,14
"ego_betweenness","voterank_plus",0.5748,19
"constraint","two_way_rw",-0.5747,14
"ego_betweenness","eigenvector",0.5745,19
"current_flow_betweenness","kreach",0.5744,7
"effective_size","single_discount",0.5743,19
"ego_betweenness","subgraph",0.5743,19
"communicability","delta_betweenness",0.5741,19
"node_contraction_improved","shapley_game2",0.574,14
"closeness_vitality","local_dimension",0.5739,19
"harary","local_information_dimension",0.5737,19
"coreness","two_way_rw",0.5737,14
"local_hindex","two_way_rw",0.5737,14
"s_core","two_way_rw",0.5737,14
"two_way_rw","weighted_kshell",0.5737,14
"bottleneck","dangalchev",0.5736,19
"bottleneck","decay",0.5736,19
"bottleneck","generalized_closeness",0.5736,19
"bottleneck","residual_closeness",0.5736,19
"node_contraction","voterank_plus",0.5736,19
"expected","two_way_rw",0.5734,14
"length_scaled_betweenness","ncvoterank",0.5731,19
"community_hub_bridge","renewed_coreness",0.5727,19
"topological_coefficient","within_module_z",-0.5727,19
"s_shell","two_way_rw",0.5726,14
"heatmap","ncvoterank",-0.5725,19
"load","ncvoterank",0.5725,19
"entropy_variation_degree","percolation",0.5722,19
"betweenness","entropy_variation_degree",0.5721,19
"ego_betweenness","expected_influence_2",0.572,19
"delta_betweenness","eigenvector",0.5717,19
"collective_influence","communicability",0.5716,19
"average_distance","local_information_dimension",-0.5716,19
"barycenter","local_information_dimension",0.5716,19
"closeness","local_information_dimension",0.5716,19
"lin","local_information_dimension",0.5716,19
"bottleneck","node_contraction_improved",0.5716,14
"local_information_dimension","radiality",0.5716,19
"local_information_dimension","wiener",-0.5716,19
"delta_betweenness","expected_influence_2",0.5715,19
"communicability","length_scaled_betweenness",0.5714,19
"integration","voterank",0.5714,19
"authority","ego_betweenness",0.5713,19
"ncvoterank","node_contraction",0.571,19
"ncvoterank","pagerank",0.571,19
"collective_influence","eigenvector",0.5709,19
"authority","delta_betweenness",0.5708,19
"diffusion","percolation",0.5706,19
"hub","stress",0.5706,19
"betweenness","diffusion",0.5705,19
"betweenness","ncvoterank",0.5703,19
"effective_size","local_volume_dimension",-0.5702,19
"ncvoterank","percolation",0.5702,19
"community_hub_bridge","within_module_z",0.5702,19
"delta_betweenness","subgraph",0.5701,19
"flow_betweenness","lac",0.5699,18
"flow_betweenness","redundancy",0.5699,18
"leverage","weighted_h_index",0.5698,19
"authority","collective_influence",0.5697,19
"communicability_betweenness","topological_coefficient",-0.5697,19
"local_dimension","local_entropy",0.5694,19
"expected_influence_2","length_scaled_betweenness",0.5693,19
"diffusion","load",0.5693,19
"bottleneck","flow_betweenness",0.5692,19
"community_based","within_module_z",0.5691,19
"eigenvector","length_scaled_betweenness",0.569,19
"collective_influence","diffusion",0.5689,19
"authority","length_scaled_betweenness",0.5686,19
"comm_centrality","topological_coefficient",-0.5684,19
"two_way_rw","weighted_h_index",0.5682,14
"bottleneck","voterank",0.568,19
"current_flow_betweenness","infection",0.5679,14
"entropy_variation_degree","node_contraction",0.5678,19
"entropy_variation_degree","fragmentation",0.5676,14
"community_hub_bridge","constraint",-0.5675,19
"pagerank","voterank_plus",0.5674,19
"comm_centrality","wvoterank",0.5674,19
"length_scaled_betweenness","subgraph",0.5673,19
"flow_betweenness","renewed_coreness",0.5671,19
"coreness","enrenew",0.567,19
"coreness","leverage",0.567,19
"enrenew","local_hindex",0.567,19
"leverage","local_hindex",0.567,19
"enrenew","s_core",0.567,19
"leverage","s_core",0.567,19
"enrenew","weighted_kshell",0.567,19
"leverage","weighted_kshell",0.567,19
"ego_betweenness","nonbacktracking",0.5667,19
"collective_influence","kreach",0.5664,7
"local_dimension_fixed","stress",-0.5664,19
"entropy_variation_betweenness","local_dimension_fixed",-0.5662,14
"ncvoterank","node_contraction_improved",0.5662,14
"communicability","shapley_game1",0.5662,19
"cross_clique","delta_betweenness",0.5659,19
"ego_betweenness","expected",0.5659,19
"integration","local_information_dimension",0.5657,19
"centroid","shapley_game2",0.5657,19
"delta_betweenness","expected",0.5655,19
"local_dimension_fixed","s_shell",-0.5655,19
"entropy_variation_betweenness","hide_information",-0.5652,14
"bottleneck","local_dimension",-0.565,19
"community_based","shapley_game2",0.565,19
"bottleneck","topological_coefficient",-0.5648,19
"eigenvector","shapley_game1",0.5647,19
"harary","shapley_game2",0.5644,19
"enrenew","ncvoterank",0.5643,19
"laplacian","voterank",0.5642,19
"lac","renewed_coreness",0.5641,18
"redundancy","renewed_coreness",0.5641,18
"cross_clique","stress",0.5641,19
"degree","ncvoterank",0.564,19
"expected_influence_1","ncvoterank",0.564,19
"ncvoterank","strength",0.564,19
"kpath","voterank",0.5636,19
"betweenness","expected_influence_2",0.5635,19
"expected_influence_2","percolation",0.5635,19
"onion","stress",0.5635,19
"flow_betweenness","infection",0.5634,14
"betweenness","communicability",0.5633,19
"expected","length_scaled_betweenness",0.5633,19
"communicability","percolation",0.5633,19
"katz","topological_coefficient",-0.5633,19
"delta_betweenness","local_dimension",-0.5631,19
"semilocal","two_way_rw",0.563,14
"effective_size","within_module_z",0.563,19
"delta_betweenness","nonbacktracking",0.5629,19
"communicability","load",0.5627,19
"nonbacktracking","shapley_game1",0.5624,19
"expected_influence_2","load",0.5622,19
"community_hub_bridge","two_way_rw",0.562,14
"hide_information","topological_coefficient",0.5619,19
"entropy_variation_degree","pagerank",0.5618,19
"harary","single_discount",0.5618,19
"collective_influence","nonbacktracking",0.5616,19
"authority","shapley_game1",0.5616,19
"coreness","effective_size",0.5615,19
"effective_size","local_hindex",0.5615,19
"effective_size","s_core",0.5615,19
"effective_size","weighted_kshell",0.5615,19
"average_distance","bottleneck",-0.5609,19
"barycenter","bottleneck",0.5609,19
"bottleneck","closeness",0.5609,19
"bottleneck","lin",0.5609,19
"bottleneck","radiality",0.5609,19
"bottleneck","wiener",-0.5609,19
"harary","within_module_z",0.5609,19
"bottleneck","katz",0.5608,19
"eigenvector","percolation",0.5608,19
"betweenness","eigenvector",0.5607,19
"subgraph","wvoterank",0.5607,19
"community_based","single_discount",0.5605,19
"eigenvector","load",0.5604,19
"authority","betweenness",0.5603,19
"authority","percolation",0.5603,19
"length_scaled_betweenness","nonbacktracking",0.5602,19
"delta_betweenness","semilocal",0.5602,19
"authority","load",0.5599,19
"diffusion","shapley_game1",0.5597,19
"hindex_strength","wvoterank",0.5597,19
"lobby","wvoterank",0.5597,19
"collective_influence","expected_influence_2",0.5596,19
"cross_clique","length_scaled_betweenness",0.5596,19
"betweenness","subgraph",0.5593,19
"percolation","subgraph",0.5592,19
"degree","local_information_dimension",0.5591,19
"expected_influence_1","local_information_dimension",0.5591,19
"local_information_dimension","strength",0.5591,19
"two_way_rw","voterank_plus",0.5589,14
"mnc","single_discount",0.5585,18
"load","subgraph",0.5585,19
"length_scaled_betweenness","semilocal",0.5583,19
"ego_betweenness","semilocal",0.5582,19
"local_dimension","renewed_coreness",-0.558,19
"centroid","within_module_z",0.558,19
"community_mediator","kreach",0.5579,7
"ego_betweenness","ncvoterank",0.5577,19
"fuzzy_local_dimension","topological_coefficient",-0.5576,19
"ego_betweenness","onion",0.5575,19
"expected","percolation",0.5575,19
"betweenness","expected",0.5574,19
"infection","two_way_rw",0.5572,14
"entropy_variation_degree","within_module_z",0.5572,19
"average_distance","shapley_game3",-0.557,18
"barycenter","shapley_game3",0.557,18
"closeness","shapley_game3",0.557,18
"lin","shapley_game3",0.557,18
"radiality","shapley_game3",0.557,18
"shapley_game3","wiener",-0.557,18
"bottleneck","integration",0.5568,19
"entropy_variation_betweenness","stress",0.5566,14
"entropy_variation_betweenness","heatmap",-0.5565,14
"enrenew","s_shell",0.5565,19
"coreness","heatmap",-0.5564,19
"heatmap","local_hindex",-0.5564,19
"heatmap","s_core",-0.5564,19
"heatmap","weighted_kshell",-0.5564,19
"expected","load",0.5562,19
"length_scaled_betweenness","local_dimension",-0.5561,19
"fragmentation","within_module_z",0.556,14
"degree","voterank_plus",0.5558,19
"expected_influence_1","voterank_plus",0.5558,19
"strength","voterank_plus",0.5558,19
"ego_betweenness","weighted_h_index",0.5558,19
"bottleneck","laplacian",0.5556,19
"lac","two_way_rw",0.5556,13
"redundancy","two_way_rw",0.5556,13
"closeness_vitality","wvoterank",-0.5556,19
"entropy_variation_degree","two_way_rw",0.5552,14
"coreness","current_flow_betweenness",0.5549,19
"current_flow_betweenness","local_hindex",0.5549,19
"current_flow_betweenness","s_core",0.5549,19
"current_flow_betweenness","weighted_kshell",0.5549,19
"effective_size","transitivity",-0.5546,18
"local_information_dimension","random_walk",0.5544,19
"hub","shapley_game1",0.5544,19
"constraint","voterank",-0.5544,19
"information","local_information_dimension",0.5541,19
"fuzzy_local_dimension","voterank",0.5541,19
"cross_clique","voterank",0.5539,19
"local_information_dimension","spanning_tree",0.5537,19
"current_flow_closeness","local_information_dimension",0.5535,19
"closeness_vitality","community_hub_bridge",-0.5534,19
"integration","shapley_game3",0.5534,18
"local_dimension","stress",-0.5532,19
"collective_influence","infection",0.553,14
"enrenew","voterank_plus",0.5528,19
"delta_betweenness","onion",0.5527,19
"laplacian","local_information_dimension",0.5526,19
"percolation","semilocal",0.5525,19
"betweenness","semilocal",0.5524,19
"collective_influence","expected",0.5522,19
"flow_betweenness","local_entropy",-0.552,19
"nonbacktracking","percolation",0.552,19
"delta_betweenness","weighted_h_index",0.552,19
"betweenness","nonbacktracking",0.5519,19
"leverage","s_shell",0.5519,19
"load","nonbacktracking",0.5518,19
"centroid","entropy_variation_betweenness",0.5516,14
"load","semilocal",0.5516,19
"communicability","wvoterank",0.5516,19
"ncvoterank","topological_coefficient",-0.5512,19
"shapley_game2","single_discount",0.5511,19
"s_shell","stress",0.5508,19
"community_hub_bridge","infection",0.5507,14
"cross_clique","load",0.5507,19
"expected_influence_2","shapley_game1",0.5507,19
"betweenness","local_dimension",-0.5505,19
"local_dimension","percolation",-0.5505,19
"length_scaled_betweenness","weighted_h_index",0.5503,19
"collective_influence","enrenew",0.5502,19
"cross_clique","ego_betweenness",0.55,19
"kreach","renewed_coreness",0.5499,7
"katz","local_information_dimension",0.5498,19
"single_discount","topological_coefficient",-0.5498,19
"within_module_z","wvoterank",0.5497,19
"harary","kreach",0.5496,7
"local_information_dimension","markov",0.5496,19
"harmonic","shapley_game2",0.5496,19
"reaching_local","shapley_game2",0.5496,19
"betweenness","cross_clique",0.5493,19
"cross_clique","percolation",0.5493,19
"local_dimension_fixed","within_module_z",-0.5492,19
"load","local_dimension",-0.549,19
"bottleneck","kpath",0.5481,19
"eigenvector","wvoterank",0.5479,19
"laplacian","topological_coefficient",-0.5478,19
"ego_betweenness","hub",0.5476,19
"delta_closeness","shapley_game2",0.5476,19
"gilschmidt","shapley_game2",0.5476,19
"delta_betweenness","renewed_coreness",0.5474,19
"ncvoterank","shapley_game2",0.5474,19
"delta_closeness","single_discount",0.5474,19
"gilschmidt","single_discount",0.5474,19
"kpath","topological_coefficient",-0.5474,19
"heatmap","infection",-0.5473,14
"length_scaled_betweenness","onion",0.5472,19
"kpath","local_information_dimension",0.547,19
"effective_size","infection",0.5467,14
"shapley_game2","stress",0.5467,19
"community_mediator","lac",0.5466,18
"community_mediator","redundancy",0.5466,18
"leverage","local_volume_dimension",-0.5461,19
"epc","within_module_z",0.546,14
"ego_betweenness","renewed_coreness",0.5458,19
"gravity","local_information_dimension",0.5457,19
"delta_betweenness","within_module_z",0.5457,19
"authority","wvoterank",0.5457,19
"heatmap","local_volume_dimension",0.5455,19
"markov","within_module_z",0.5453,19
"node_contraction_improved","single_discount",0.5452,14
"current_flow_betweenness","neighborhood_connectivity",-0.5451,19
"harmonic","single_discount",0.5451,19
"reaching_local","single_discount",0.5451,19
"bridging","kreach",0.545,7
"collective_influence","wvoterank",0.545,19
"random_walk","within_module_z",0.5449,19
"diffusion","local_information_dimension",0.5447,19
"length_scaled_betweenness","renewed_coreness",0.5447,19
"current_flow_closeness","within_module_z",0.5447,19
"expected_influence_2","local_information_dimension",0.5446,19
"information","within_module_z",0.5445,19
"enrenew","entropy_variation_degree",0.5443,19
"community_hub_bridge","local_entropy",-0.5443,19
"spanning_tree","within_module_z",0.5443,19
"enrenew","infection",0.5438,14
"heatmap","local_entropy",0.5437,19
"expected","local_information_dimension",0.5437,19
"communicability_betweenness","voterank",0.5436,19
"delta_betweenness","hub",0.5435,19
"collective_influence","semilocal",0.5434,19
"harmonic","within_module_z",0.5431,19
"expected","shapley_game1",0.543,19
"delta_betweenness","single_discount",0.543,19
"hide_information","voterank",-0.543,19
"reaching_local","within_module_z",0.543,19
"local_dimension_fixed","single_discount",-0.5429,19
"flow_betweenness","single_discount",0.5428,19
"diffusion","wvoterank",0.5424,19
"bottleneck","gravity",0.5421,19
"current_flow_betweenness","local_volume_dimension",-0.5421,19
"single_discount","within_module_z",0.5421,19
"dmnc","transitivity",0.5419,18
"delta_closeness","within_module_z",0.5419,19
"gilschmidt","within_module_z",0.5419,19
"percolation","weighted_h_index",0.5418,19
"entropy_variation_degree","node_contraction_improved",0.5417,14
"betweenness","weighted_h_index",0.5417,19
"fragmentation","gateway",0.5412,14
"fragmentation","ncvoterank",0.541,14
"nonbacktracking","wvoterank",0.5409,19
"load","weighted_h_index",0.5406,19
"effective_size","entropy_variation_degree",0.5405,19
"collective_influence","hub",0.5404,19
"hub","length_scaled_betweenness",0.5403,19
"betweenness","renewed_coreness",0.5399,19
"percolation","renewed_coreness",0.5399,19
"length_scaled_betweenness","within_module_z",0.5399,19
"ego_betweenness","single_discount",0.539,19
"community_hub_bridge","wvoterank",0.5389,19
"length_scaled_betweenness","single_discount",0.5388,19
"local_information_dimension","semilocal",0.5387,19
"centroid","single_discount",0.5386,19
"hindex_strength","topological_coefficient",-0.5385,19
"lobby","topological_coefficient",-0.5385,19
"community_mediator","voterank",0.5381,19
"harary","voterank_plus",0.5381,19
"betweenness","onion",0.5378,19
"onion","percolation",0.5378,19
"load","onion",0.5373,19
"entropy_variation_betweenness","node_contraction_improved",0.537,14
"flow_coefficient","topological_coefficient",-0.5364,18
"entropy_variation_betweenness","flow_betweenness",0.5362,14
"dangalchev","shapley_game2",0.5361,19
"decay","shapley_game2",0.5361,19
"generalized_closeness","shapley_game2",0.5361,19
"residual_closeness","shapley_game2",0.5361,19
"load","single_discount",0.5361,19
"local_information_dimension","mnc",0.536,18
"ncvoterank","stress",0.536,19
"local_dimension","shapley_game2",-0.5356,19
"betweenness","single_discount",0.5351,19
"percolation","single_discount",0.535,19
"load","renewed_coreness",0.5349,19
"dangalchev","within_module_z",0.5347,19
"decay","within_module_z",0.5347,19
"generalized_closeness","within_module_z",0.5347,19
"residual_closeness","within_module_z",0.5347,19
"collective_influence","entropy_variation_degree",0.5346,19
"closeness_vitality","shapley_game2",-0.5346,19
"expected_influence_2","wvoterank",0.5342,19
"community_based","entropy_variation_betweenness",0.534,14
"centroid","voterank_plus",0.534,19
"ego_betweenness","s_shell",0.5339,19
"semilocal","shapley_game1",0.5339,19
"infection","leverage",0.5335,14
"cross_clique","topological_coefficient",-0.5333,19
"betweenness","within_module_z",0.5333,19
"percolation","within_module_z",0.5333,19
"load","within_module_z",0.5332,19
"enrenew","local_entropy",-0.5331,19
"comm_centrality","voterank",0.5331,19
"bottleneck","voterank_plus",0.5323,19
"community_hub_bridge","delta_betweenness",0.5322,19
"effective_size","local_entropy",-0.532,19
"bottleneck","enrenew",0.5318,19
"authority","local_information_dimension",0.5318,19
"community_based","ncvoterank",0.5317,19
"betweenness","hub",0.5316,19
"hub","percolation",0.5316,19
"dangalchev","single_discount",0.5313,19
"decay","single_discount",0.5313,19
"generalized_closeness","single_discount",0.5313,19
"residual_closeness","single_discount",0.5313,19
"subgraph","voterank",0.5313,19
"hub","load",0.5312,19
"communicability_betweenness","local_information_dimension",0.5312,19
"cross_clique","within_module_z",0.5309,19
"closeness_vitality","voterank",-0.5308,19
"dmnc","local_efficiency",0.5305,18
"second_order","semilocal",-0.5304,19
"shapley_game1","weighted_h_index",0.5302,19
"hub","wvoterank",0.5302,19
"community_hub_bridge","length_scaled_betweenness",0.5301,19
"collective_influence","community_hub_bridge",0.53,19
"kreach","random_walk",0.53,7
"collective_influence","weighted_h_index",0.5296,19
"communicability","local_information_dimension",0.5295,19
"entropy_variation_degree","voterank",0.5295,19
"information","kreach",0.5294,7
"lac","leverage",0.5292,18
"leverage","redundancy",0.5292,18
"random_walk","shapley_game2",0.529,19
"expected","second_order",-0.5288,19
"information","shapley_game2",0.5287,19
"markov","shapley_game2",0.5287,19
"kreach","spanning_tree",0.5286,7
"entropy_variation_degree","flow_betweenness",0.5285,19
"leverage","renewed_coreness",0.5285,19
"markov","single_discount",0.5285,19
"shapley_game2","spanning_tree",0.5282,19
"current_flow_closeness","kreach",0.528,7
"eigenvector","local_information_dimension",0.528,19
"katz","within_module_z",0.5279,19
"current_flow_closeness","shapley_game2",0.5278,19
"local_volume_dimension","two_way_rw",-0.5278,14
"entropy_variation_degree","wvoterank",0.5276,19
"expected","wvoterank",0.5276,19
"effective_size","kreach",0.5273,7
"bottleneck","ncvoterank",0.5273,19
"harary","ncvoterank",0.5271,19
"local_dimension","single_discount",-0.5268,19
"ego_betweenness","kreach",0.5266,7
"delta_closeness","voterank_plus",0.5265,19
"gilschmidt","voterank_plus",0.5265,19
"modularity_vitality","participation",-0.5263,19
"average_distance","gateway",-0.5261,19
"barycenter","gateway",0.5261,19
"closeness","gateway",0.5261,19
"gateway","lin",0.5261,19
"gateway","radiality",0.5261,19
"gateway","wiener",-0.5261,19
"collective_influence","local_dimension",-0.5259,19
"local_dimension_fixed","renewed_coreness",-0.5257,19
"community_hub_bridge","stress",0.5255,19
"harmonic","voterank_plus",0.5253,19
"reaching_local","voterank_plus",0.5252,19
"hindex_strength","voterank",0.5251,19
"lobby","voterank",0.5251,19
"delta_betweenness","s_shell",0.525,19
"local_information_dimension","subgraph",0.525,19
"centroid","gateway",0.5249,19
"entropy_variation_degree","voterank_plus",0.5249,19
"entropy_variation_betweenness","fragmentation",0.5248,14
"delta_betweenness","neighborhood_connectivity",-0.5248,19
"local_entropy","stress",-0.5243,19
"distance_entropy","entropy_variation_betweenness",0.524,14
"ego_betweenness","entropy_variation_degree",0.524,19
"constraint","flow_coefficient",-0.5239,18
"community_hub_bridge","ego_betweenness",0.5238,19
"second_order","weighted_h_index",-0.5237,19
"community_based","local_information_dimension",0.5236,19
"betweenness","community_hub_bridge",0.5233,19
"community_hub_bridge","percolation",0.5233,19
"bottleneck","diffusion",0.5232,19
"community_hub_bridge","load",0.5228,19
"expected_influence_2","second_order",-0.5228,19
"dangalchev","voterank_plus",0.5228,19
"decay","voterank_plus",0.5228,19
"generalized_closeness","voterank_plus",0.5228,19
"residual_closeness","voterank_plus",0.5228,19
"ego_betweenness","within_module_z",0.5226,19
"communicability","voterank",0.5224,19
"current_flow_closeness","single_discount",0.5221,19
"mnc","within_module_z",0.5221,18
"dangalchev","gateway",0.522,19
"decay","gateway",0.522,19
"gateway","generalized_closeness",0.522,19
"gateway","residual_closeness",0.522,19
"single_discount","spanning_tree",0.522,19
"local_volume_dimension","stress",-0.522,19
"community_hub_bridge","voterank",0.522,19
"local_information_dimension","pagerank",0.5219,19
"gateway","node_contraction_improved",0.5218,14
"random_walk","single_discount",0.5218,19
"epc","voterank_plus",0.5215,14
"constraint","gateway",-0.5206,19
"length_scaled_betweenness","neighborhood_connectivity",-0.5205,19
"infection","stress",0.5205,14
"length_scaled_betweenness","s_shell",0.5203,19
"onion","wvoterank",0.5203,19
"entropy_variation_betweenness","random_walk",0.52,14
"community_based","voterank_plus",0.5198,19
"entropy_variation_betweenness","information",0.5196,14
"local_information_dimension","node_contraction",0.5196,19
"entropy_variation_betweenness","spanning_tree",0.5194,14
"gravity","within_module_z",0.5194,19
"information","single_discount",0.5193,19
"single_discount","stress",0.5193,19
"kreach","node_contraction",0.5191,7
"local_dimension","ncvoterank",-0.519,19
"kreach","semilocal",0.519,7
"entropy_variation_betweenness","harary",0.5189,14
"eigenvector","voterank",0.5189,19
"semilocal","wvoterank",0.5189,19
"gateway","integration",0.5188,19
"hide_information","kreach",-0.5188,7
"centroid","ncvoterank",0.5184,19
"enrenew","neighborhood_connectivity",-0.5183,19
"heatmap","neighborhood_connectivity",0.5183,19
"local_bridging","neighborhood_connectivity",0.5183,19
"bottleneck","expected_influence_2",0.5182,19
"entropy_variation_degree","local_dimension_fixed",-0.5181,19
"current_flow_closeness","entropy_variation_betweenness",0.518,14
"gateway","hide_information",-0.518,19
"delta_closeness","ncvoterank",0.5178,19
"gilschmidt","ncvoterank",0.5178,19
"load","neighborhood_connectivity",-0.5178,19
"bottleneck","local_dimension_fixed",-0.5177,19
"average_distance","shapley_game2",-0.5177,19
"barycenter","shapley_game2",0.5177,19
"closeness","shapley_game2",0.5177,19
"lin","shapley_game2",0.5177,19
"radiality","shapley_game2",0.5177,19
"shapley_game2","wiener",-0.5177,19
"diffusion","second_order",-0.5174,19
"weighted_h_index","wvoterank",0.5174,19
"collective_influence","local_dimension_fixed",-0.5172,19
"stress","within_module_z",0.5171,19
"bottleneck","mnc",0.517,18
"authority","voterank",0.517,19
"delta_closeness","gateway",0.5167,19
"gateway","gilschmidt",0.5167,19
"bottleneck","communicability",0.5166,19
"harmonic","ncvoterank",0.5163,19
"ncvoterank","reaching_local",0.5163,19
"gateway","kreach",0.5161,7
"bottleneck","single_discount",0.5155,19
"gateway","harmonic",0.5154,19
"gateway","reaching_local",0.5154,19
"shapley_game2","voterank_plus",0.5154,19
"flow_betweenness","voterank_plus",0.5153,19
"integration","shapley_game2",0.515,19
"bottleneck","eigenvector",0.5148,19
"betweenness","s_shell",0.5148,19
"percolation","s_shell",0.5148,19
"authority","second_order",-0.5148,19
"betweenness","neighborhood_connectivity",-0.5145,19
"neighborhood_connectivity","percolation",-0.5145,19
"local_information_dimension","node_contraction_improved",0.5144,14
"enrenew","renewed_coreness",0.5144,19
"bottleneck","local_volume_dimension",-0.5143,19
"bottleneck","expected",0.5142,19
"current_flow_betweenness","local_entropy",-0.5142,19
"local_information_dimension","nonbacktracking",0.5142,19
"laplacian","within_module_z",0.5141,19
"katz","single_discount",0.514,19
"gravity","single_discount",0.5138,19
"bottleneck","hindex_strength",0.5137,19
"bottleneck","lobby",0.5137,19
"bottleneck","subgraph",0.5137,19
"dangalchev","shapley_game3",0.5135,18
"decay","shapley_game3",0.5135,18
"generalized_closeness","shapley_game3",0.5135,18
"residual_closeness","shapley_game3",0.5135,18
"authority","bottleneck",0.5133,19
"coreness","diversity",0.513,5
"diversity","local_hindex",0.513,5
"diversity","s_core",0.513,5
"fragmentation","single_discount",0.513,14
"diversity","weighted_kshell",0.513,5
"epc","shapley_game2",0.5125,14
"topological_coefficient","transitivity",0.5125,18
"diffusion","voterank",0.5123,19
"average_distance","within_module_z",-0.5122,19
"barycenter","within_module_z",0.5122,19
"closeness","within_module_z",0.5122,19
"lin","within_module_z",0.5122,19
"radiality","within_module_z",0.5122,19
"wiener","within_module_z",-0.5122,19
"local_bridging","local_information_dimension",-0.512,19
"entropy_variation_betweenness","markov",0.5119,14
"eigenvector","second_order",-0.5119,19
"nonbacktracking","voterank",0.5117,19
"bottleneck","comm_centrality",0.5115,19
"degree","entropy_variation_degree",0.5115,19
"entropy_variation_degree","expected_influence_1",0.5115,19
"entropy_variation_degree","strength",0.5115,19
"communicability_betweenness","gateway",0.5114,19
"load","s_shell",0.5112,19
"neighborhood_connectivity","two_way_rw",-0.5112,14
"current_flow_betweenness","flow_coefficient",0.511,18
"communicability","second_order",-0.5109,19
"local_dimension_fixed","ncvoterank",-0.5108,19
"kreach","local_entropy",-0.5105,7
"hide_information","local_information_dimension",-0.5105,19
"coreness","ego_betweenness",0.5104,19
"ego_betweenness","local_hindex",0.5104,19
"ego_betweenness","s_core",0.5104,19
"ego_betweenness","weighted_kshell",0.5104,19
"bottleneck","semilocal",0.5103,19
"bottleneck","epc",0.5102,14
"local_dimension_fixed","topological_coefficient",0.5102,19
"fuzzy_local_dimension","within_module_z",0.5102,19
"gateway","harary",0.51,19
"flow_betweenness","ncvoterank",0.51,19
"coreness","stress",0.51,19
"local_hindex","stress",0.51,19
"s_core","stress",0.51,19
"stress","weighted_kshell",0.51,19
"ego_betweenness","local_volume_dimension",-0.5097,19
"kreach","markov",0.5093,7
"local_volume_dimension","shapley_game1",-0.5088,19
"delta_betweenness","infection",0.5087,14
"kpath","within_module_z",0.5085,19
"local_information_dimension","weighted_h_index",0.5082,19
"epc","ncvoterank",0.508,14
"community_hub_bridge","topological_coefficient",-0.508,19
"gateway","weighted_h_index",0.508,19
"coreness","shapley_game1",0.5079,19
"local_hindex","shapley_game1",0.5079,19
"s_core","shapley_game1",0.5079,19
"fuzzy_local_dimension","single_discount",0.5079,19
"shapley_game1","weighted_kshell",0.5079,19
"gateway","laplacian",0.5078,19
"hindex_strength","local_information_dimension",0.5076,19
"lobby","local_information_dimension",0.5076,19
"local_dimension","topological_coefficient",0.5076,19
"kreach","participation",0.5075,7
"heatmap","lac",-0.5073,18
"local_dimension_fixed","local_entropy",0.5073,19
"heatmap","redundancy",-0.5073,18
"nonbacktracking","second_order",-0.5073,19
"integration","within_module_z",0.507,19
"entropy_variation_degree","stress",0.5065,19
"hindex_strength","within_module_z",0.5065,19
"lobby","within_module_z",0.5065,19
"diffusion","gateway",0.5061,19
"collective_influence","voterank",0.5059,19
"bridging","effective_size",0.5058,19
"entropy_variation_degree","shapley_game2",0.5051,19
"neighborhood_connectivity","node_contraction_improved",-0.5047,14
"fragmentation","local_information_dimension",0.5046,14
"average_distance","voterank_plus",-0.5046,19
"barycenter","voterank_plus",0.5046,19
"closeness","voterank_plus",0.5046,19
"lin","voterank_plus",0.5046,19
"radiality","voterank_plus",0.5046,19
"voterank_plus","wiener",-0.5046,19
"enrenew","entropy_variation_betweenness",0.5043,14
"gravity","shapley_game2",0.5041,19
"expected_influence_2","voterank",0.5041,19
"gateway","semilocal",0.504,19
"infection","length_scaled_betweenness",0.5039,14
"s_shell","shapley_game1",0.5039,19
"cross_clique","local_information_dimension",0.5038,19
"expected","gateway",0.5037,19
"bottleneck","weighted_h_index",0.5037,19
"entropy_variation_degree","epc",0.5034,14
"average_distance","single_discount",-0.5034,19
"barycenter","single_discount",0.5034,19
"closeness","single_discount",0.5034,19
"lin","single_discount",0.5034,19
"radiality","single_discount",0.5034,19
"single_discount","wiener",-0.5034,19
"neighborhood_connectivity","node_contraction",-0.5033,19
"bottleneck","shapley_game2",0.5032,19
"constraint","voterank_plus",-0.5031,19
"expected","kreach",0.503,7
"dangalchev","ncvoterank",0.503,19
"decay","ncvoterank",0.503,19
"generalized_closeness","ncvoterank",0.503,19
"kreach","node_contraction_improved",0.503,4
"ncvoterank","residual_closeness",0.503,19
"current_flow_closeness","gateway",0.5029,19
"modularity_vitality","second_order",0.5023,19
"kpath","single_discount",0.5022,19
"expected_influence_2","gateway",0.5021,19
"entropy_variation_betweenness","hindex_strength",0.5021,14
"entropy_variation_betweenness","lobby",0.5021,14
"hide_information","shapley_game2",-0.5021,19
"bottleneck","nonbacktracking",0.502,19
"communicability_betweenness","within_module_z",0.502,19
"ncvoterank","within_module_z",0.502,19
"closeness_vitality","local_information_dimension",-0.5019,19
"hub","voterank",0.5018,19
"laplacian","single_discount",0.5012,19
"gateway","spanning_tree",0.501,19
"local_entropy","local_information_dimension",-0.5009,19
"gateway","random_walk",0.5008,19
"expected_influence_2","kreach",0.5006,7
"gateway","information",0.5004,19
"comm_centrality","shapley_game2",0.5001,19
"neighborhood_connectivity","within_module_z",-0.4999,19
"subgraph","topological_coefficient",-0.4998,19
"diversity","hindex_strength",0.4997,5
"diversity","lobby",0.4997,5
"fragmentation","shapley_game2",0.4997,14
"authority","topological_coefficient",-0.4997,19
"fragmentation","neighborhood_connectivity",-0.4995,14
"integration","voterank_plus",0.4994,19
"closeness_vitality","kreach",-0.4993,7
"entropy_variation_betweenness","harmonic",0.4991,14
"entropy_variation_betweenness","reaching_local",0.4991,14
"delta_closeness","entropy_variation_betweenness",0.499,14
"entropy_variation_betweenness","gilschmidt",0.499,14
"community_mediator","entropy_variation_betweenness",0.4988,14
"diffusion","kreach",0.4988,7
"current_flow_closeness","voterank_plus",0.4987,19
"entropy_variation_betweenness","epc",0.4986,14
"communicability","topological_coefficient",-0.4984,19
"diffusion","topological_coefficient",-0.4983,19
"neighborhood_connectivity","voterank",-0.4983,19
"betweenness","infection",0.4979,14
"infection","percolation",0.4979,14
"integration","single_discount",0.4978,19
"markov","voterank_plus",0.4976,19
"cross_clique","shapley_game2",0.4974,19
"gateway","kpath",0.4972,19
"gateway","markov",0.4972,19
"expected","voterank",0.4972,19
"eigenvector","topological_coefficient",-0.4967,19
"bottleneck","flow_coefficient",0.4964,18
"spanning_tree","voterank_plus",0.4961,19
"constraint","transitivity",0.496,18
"random_walk","voterank_plus",0.4958,19
"infection","load",0.4953,14
"markov","ncvoterank",0.4951,19
"effective_size","neighborhood_connectivity",-0.4951,19
"ego_betweenness","local_efficiency",-0.4948,18
"community_mediator","shapley_game2",0.4946,19
"current_flow_closeness","ncvoterank",0.4945,19
"neighborhood_connectivity","pagerank",-0.4944,19
"mnc","voterank_plus",0.4944,18
"mnc","ncvoterank",0.4943,18
"cross_clique","single_discount",0.4943,19
"dangalchev","entropy_variation_betweenness",0.4942,14
"decay","entropy_variation_betweenness",0.4942,14
"entropy_variation_betweenness","generalized_closeness",0.4942,14
"entropy_variation_betweenness","residual_closeness",0.4942,14
"fragmentation","shapley_game3",0.494,13
"epc","single_discount",0.4933,14
"information","voterank_plus",0.4933,19
"katz","shapley_game2",0.4932,19
"kreach","local_information_dimension",0.493,7
"local_volume_dimension","wvoterank",-0.4929,19
"second_order","subgraph",-0.4926,19
"neighborhood_connectivity","wvoterank",-0.4926,19
"onion","topological_coefficient",-0.4925,19
"comm_centrality","within_module_z",0.4925,19
"voterank_plus","within_module_z",0.4924,19
"ncvoterank","spanning_tree",0.4921,19
"ncvoterank","random_walk",0.4919,19
"harmonic","shapley_game3",0.4918,18
"reaching_local","shapley_game3",0.4918,18
"ego_betweenness","infection",0.4912,14
"onion","voterank",0.4911,19
"entropy_variation_betweenness","shapley_game2",0.4906,14
"constraint","within_module_z",-0.4905,19
"gateway","local_entropy",-0.4902,19
"expected_influence_2","topological_coefficient",-0.4898,19
"bottleneck","cross_clique",0.4897,19
"gateway","katz",0.4897,19
"fuzzy_local_dimension","shapley_game2",0.4897,19
"bottleneck","community_hub_bridge",0.4895,19
"delta_closeness","shapley_game3",0.4895,18
"gilschmidt","shapley_game3",0.4895,18
"information","ncvoterank",0.4894,19
"bridging","topological_coefficient",-0.4894,19
"semilocal","voterank",0.489,19
"hub","local_information_dimension",0.4886,19
"hide_information","within_module_z",-0.4886,19
"communicability","gateway",0.4884,19
"subgraph","within_module_z",0.488,19
"delta_betweenness","local_volume_dimension",-0.4879,19
"hub","second_order",-0.4878,19
"hub","single_discount",0.4877,19
"entropy_variation_betweenness","gravity",0.4875,14
"lac","shapley_game1",0.4871,18
"redundancy","shapley_game1",0.4871,18
"fuzzy_local_dimension","ncvoterank",0.487,19
"voterank","weighted_h_index",0.4868,19
"kreach","s_shell",0.4866,7
"comm_centrality","kreach",0.4865,7
"local_information_dimension","s_shell",0.4864,19
"degree","gateway",0.4863,19
"expected_influence_1","gateway",0.4863,19
"average_distance","ncvoterank",-0.4863,19
"barycenter","ncvoterank",0.4863,19
"closeness","ncvoterank",0.4863,19
"lin","ncvoterank",0.4863,19
"ncvoterank","radiality",0.4863,19
"gateway","strength",0.4863,19
"ncvoterank","wiener",-0.4863,19
"current_flow_betweenness","transitivity",-0.4861,18
"infection","shapley_game1",0.4858,14
"renewed_coreness","two_way_rw",0.4858,14
"coreness","delta_betweenness",0.4856,19
"delta_betweenness","local_hindex",0.4856,19
"delta_betweenness","s_core",0.4856,19
"delta_betweenness","weighted_kshell",0.4856,19
"authority","gateway",0.4855,19
"gravity","kreach",0.4854,7
"neighborhood_connectivity","voterank_plus",-0.4854,19
"collective_influence","within_module_z",0.4854,19
"nonbacktracking","topological_coefficient",-0.4853,19
"length_scaled_betweenness","local_volume_dimension",-0.4851,19
"community_hub_bridge","community_mediator",0.485,19
"bottleneck","hub",0.485,19
"ego_betweenness","neighborhood_connectivity",-0.485,19
"average_distance","entropy_variation_betweenness",-0.4844,14
"barycenter","entropy_variation_betweenness",0.4844,14
"closeness","entropy_variation_betweenness",0.4844,14
"entropy_variation_betweenness","lin",0.4844,14
"entropy_variation_betweenness","radiality",0.4844,14
"entropy_variation_betweenness","wiener",-0.4844,14
"diversity","s_shell",0.4841,5
"kreach","laplacian",0.4838,7
"expected","topological_coefficient",-0.4835,19
"local_volume_dimension","second_order",0.4833,19
"eigenvector","gateway",0.483,19
"centroid","shapley_game3",0.4829,18
"gateway","gravity",0.4828,19
"integration","ncvoterank",0.4828,19
"heatmap","local_information_dimension",-0.4827,19
"renewed_coreness","shapley_game1",0.4827,19
"gateway","subgraph",0.4825,19
"semilocal","topological_coefficient",-0.4825,19
"centroid","entropy_variation_degree",0.4814,19
"katz","voterank_plus",0.4812,19
"onion","within_module_z",0.4812,19
"gateway","modularity_vitality",-0.4811,19
"katz","ncvoterank",0.4807,19
"communicability_betweenness","single_discount",0.4807,19
"gateway","stress",0.4806,19
"bottleneck","closeness_vitality",-0.4803,19
"current_flow_betweenness","lac",0.4803,18
"current_flow_betweenness","redundancy",0.4803,18
"coreness","length_scaled_betweenness",0.4801,19
"length_scaled_betweenness","local_hindex",0.4801,19
"length_scaled_betweenness","s_core",0.4801,19
"length_scaled_betweenness","weighted_kshell",0.4801,19
"kpath","second_order",-0.48,19
"bottleneck","entropy_variation_betweenness",0.4799,14
"entropy_variation_betweenness","local_dimension",-0.4799,14
"betweenness","local_volume_dimension",-0.4796,19
"local_volume_dimension","percolation",-0.4796,19
"flow_coefficient","heatmap",-0.4791,18
"bottleneck","two_way_rw",0.4788,14
"gravity","ncvoterank",0.4785,19
"kpath","kreach",0.4784,7
"flow_coefficient","kreach",0.4783,6
"community_hub_bridge","single_discount",0.4779,19
"leverage","local_entropy",-0.4778,19
"local_dimension","voterank_plus",-0.4777,19
"entropy_variation_betweenness","mnc",0.4772,13
"community_mediator","local_information_dimension",0.4771,19
"bridging","current_flow_betweenness",0.4765,19
"collective_influence","local_volume_dimension",-0.4764,19
"entropy_variation_betweenness","integration",0.4762,14
"kpath","shapley_game2",0.4762,19
"entropy_variation_betweenness","flow_coefficient",0.476,13
"effective_size","gateway",0.476,19
"coreness","percolation",0.4759,19
"local_hindex","percolation",0.4759,19
"percolation","s_core",0.4759,19
"percolation","weighted_kshell",0.4759,19
"betweenness","coreness",0.4758,19
"collective_influence","distance_entropy",0.4758,19
"betweenness","local_hindex",0.4758,19
"betweenness","s_core",0.4758,19
"betweenness","weighted_kshell",0.4758,19
"load","local_volume_dimension",-0.4756,19
"gravity","voterank_plus",0.4748,19
"communicability_betweenness","voterank_plus",0.4747,19
"constraint","entropy_variation_degree",-0.4746,19
"local_dimension_fixed","voterank_plus",-0.4746,19
"comm_centrality","single_discount",0.4745,19
"entropy_variation_degree","ncvoterank",0.4744,19
"single_discount","subgraph",0.4742,19
"neighborhood_connectivity","transitivity",0.4741,18
"two_way_rw","within_module_z",0.4741,14
"delta_betweenness","local_entropy",-0.474,19
"communicability","within_module_z",0.4738,19
"coreness","load",0.4736,19
"load","local_hindex",0.4736,19
"load","s_core",0.4736,19
"load","weighted_kshell",0.4736,19
"gateway","nonbacktracking",0.4733,19
"closeness_vitality","shapley_game3",-0.4733,18
"community_mediator","single_discount",0.4733,19
"ego_betweenness","local_entropy",-0.473,19
"laplacian","second_order",-0.473,19
"laplacian","shapley_game2",0.4727,19
"gateway","hindex_strength",0.4726,19
"gateway","lobby",0.4726,19
"length_scaled_betweenness","local_entropy",-0.4726,19
"constraint","single_discount",-0.4723,19
"community_based","entropy_variation_degree",0.4722,19
"constraint","ncvoterank",-0.4717,19
"eigenvector","within_module_z",0.4717,19
"local_information_dimension","onion",0.4715,19
"laplacian","voterank_plus",0.4714,19
"kreach","weighted_h_index",0.4714,7
"shapley_game2","within_module_z",0.4713,19
"delta_betweenness","gateway",0.4709,19
"entropy_variation_betweenness","katz",0.4709,14
"bridging","heatmap",-0.4707,19
"flow_betweenness","kreach",0.4707,7
"bottleneck","transitivity",-0.4707,18
"s_shell","second_order",-0.4706,19
"authority","kreach",0.4705,7
"entropy_variation_betweenness","wvoterank",0.4701,14
"gateway","length_scaled_betweenness",0.4698,19
"kpath","voterank_plus",0.4698,19
"betweenness","local_entropy",-0.4694,19
"local_entropy","percolation",-0.4694,19
"hub","topological_coefficient",-0.4693,19
"comm_centrality","entropy_variation_betweenness",0.4692,14
"constraint","local_information_dimension",-0.4691,19
"authority","within_module_z",0.4691,19
"gateway","percolation",0.4689,19
"betweenness","gateway",0.4688,19
"constraint","shapley_game2",-0.4687,19
"hindex_strength","shapley_game2",0.4687,19
"lobby","shapley_game2",0.4687,19
"s_shell","wvoterank",0.4687,19
"diffusion","within_module_z",0.4684,19
"kpath","ncvoterank",0.4683,19
"local_efficiency","percolation",-0.4682,18
"communicability","kreach",0.4681,7
"betweenness","local_efficiency",-0.4681,18
"average_distance","eccentricity",0.4677,18
"barycenter","eccentricity",-0.4677,18
"closeness","eccentricity",-0.4677,18
"eccentricity","lin",-0.4677,18
"epc","local_information_dimension",0.4677,14
"eccentricity","radiality",-0.4677,18
"collective_influence","shapley_game2",0.4677,19
"entropy_variation_betweenness","two_way_rw",0.4677,14
"eccentricity","wiener",0.4677,18
"hub","within_module_z",0.4675,19
"epc","gateway",0.4674,14
"local_entropy","two_way_rw",-0.4672,14
"harary","shapley_game3",0.467,18
"community_hub_bridge","shapley_game2",0.4665,19
"ncvoterank","neighborhood_connectivity",-0.4664,19
"flow_coefficient","shapley_game1",0.4664,18
"hide_information","single_discount",-0.4663,19
"load","local_entropy",-0.4661,19
"community_mediator","voterank_plus",0.4661,19
"comm_centrality","local_information_dimension",0.4659,19
"gateway","load",0.4658,19
"load","local_efficiency",-0.4657,18
"laplacian","ncvoterank",0.4657,19
"eigenvector","single_discount",0.4657,19
"degree","kreach",0.4656,7
"expected_influence_1","kreach",0.4656,7
"katz","kreach",0.4656,7
"kreach","strength",0.4656,7
"fuzzy_local_dimension","voterank_plus",0.4651,19
"bottleneck","within_module_z",0.465,19
"nonbacktracking","within_module_z",0.465,19
"local_volume_dimension","voterank",-0.4649,19
"communicability","single_discount",0.4644,19
"eigenvector","kreach",0.4641,7
"effective_size","local_information_dimension",0.4641,19
"cross_clique","voterank_plus",0.4638,19
"community_mediator","ncvoterank",0.4637,19
"eccentricity","integration",-0.4635,18
"epc","kreach",0.4633,4
"kreach","pagerank",0.4629,7
"bottleneck","renewed_coreness",0.4628,19
"bottleneck","kreach",0.4627,7
"hide_information","ncvoterank",-0.4625,19
"authority","single_discount",0.4624,19
"entropy_variation_betweenness","renewed_coreness",0.4619,14
"hindex_strength","single_discount",0.4619,19
"lobby","single_discount",0.4619,19
"closeness_vitality","gateway",-0.4617,19
"communicability_betweenness","second_order",-0.4615,19
"infection","topological_coefficient",-0.4613,14
"expected_influence_2","within_module_z",0.4612,19
"ego_betweenness","gateway",0.4611,19
"degree","diversity",0.461,5
"diversity","expected_influence_1",0.461,5
"cross_clique","ncvoterank",0.461,19
"flow_betweenness","neighborhood_connectivity",-0.461,19
"diversity","strength",0.461,5
"constraint","lac",-0.4609,18
"constraint","redundancy",-0.4609,18
"bottleneck","onion",0.4608,19
"infection","within_module_z",0.4608,14
"flow_coefficient","leverage",0.4607,18
"length_scaled_betweenness","local_efficiency",-0.4607,18
"bottleneck","collective_influence",0.4602,19
"gateway","heatmap",-0.4601,19
"diversity","onion",0.4601,5
"entropy_variation_degree","single_discount",0.46,19
"clusterrank","local_efficiency",0.4597,18
"gateway","s_shell",0.4595,19
"nonbacktracking","single_discount",0.4585,19
"topological_coefficient","weighted_h_index",-0.4582,19
"bridging","constraint",-0.458,19
"infection","wvoterank",0.4575,14
"shapley_game3","stress",0.4571,18
"entropy_variation_betweenness","kpath",0.4568,14
"flow_betweenness","local_information_dimension",0.4568,19
"hindex_strength","kreach",0.4566,7
"kreach","lobby",0.4566,7
"hide_information","voterank_plus",-0.4565,19
"current_flow_betweenness","gateway",0.4564,19
"delta_betweenness","local_efficiency",-0.4564,18
"renewed_coreness","topological_coefficient",-0.4564,19
"heatmap","transitivity",0.4564,18
"distance_entropy","entropy_variation_degree",0.456,19
"expected","within_module_z",0.456,19
"dmnc","flow_coefficient",-0.4558,18
"closeness_vitality","single_discount",-0.4555,19
"communicability_betweenness","entropy_variation_betweenness",0.455,14
"entropy_variation_degree","harary",0.455,19
"neighborhood_connectivity","single_discount",-0.4548,19
"entropy_variation_betweenness","laplacian",0.4547,14
"flow_coefficient","neighborhood_connectivity",-0.4544,18
"heatmap","shapley_game3",-0.4541,18
"gravity","second_order",-0.4536,19
"coreness","local_information_dimension",0.4523,19
"local_hindex","local_information_dimension",0.4523,19
"local_information_dimension","s_core",0.4523,19
"local_information_dimension","weighted_kshell",0.4523,19
"entropy_variation_betweenness","fuzzy_local_dimension",0.4516,14
"communicability_betweenness","ncvoterank",0.4513,19
"cross_clique","entropy_variation_betweenness",0.4511,14
"gateway","node_contraction",0.4506,19
"katz","second_order",-0.4506,19
"diffusion","single_discount",0.4506,19
"current_flow_betweenness","local_information_dimension",0.4505,19
"neighborhood_connectivity","stress",-0.4501,19
"entropy_variation_betweenness","voterank",0.4501,14
"entropy_variation_betweenness","infection",0.4496,14
"diversity","node_contraction_improved",0.4496,3
"cross_clique","diversity",0.4494,5
"collective_influence","single_discount",0.4491,19
"gateway","hub",0.4485,19
"semilocal","within_module_z",0.4485,19
"renewed_coreness","second_order",-0.4484,19
"hide_information","second_order",0.4483,19
"local_efficiency","stress",-0.4482,18
"communicability_betweenness","shapley_game3",0.448,18
"diversity","infection",0.4469,3
"collective_influence","local_entropy",-0.4465,19
"degree","neighborhood_connectivity",-0.4465,19
"expected_influence_1","neighborhood_connectivity",-0.4465,19
"neighborhood_connectivity","strength",-0.4465,19
"coreness","wvoterank",0.4465,19
"local_hindex","wvoterank",0.4465,19
"s_core","wvoterank",0.4465,19
"weighted_kshell","wvoterank",0.4465,19
"gateway","local_volume_dimension",-0.4462,19
"epc","neighborhood_connectivity",-0.4461,14
"subgraph","voterank_plus",0.446,19
"diversity","epc",0.4458,3
"collective_influence","diversity",0.4455,5
"clusterrank","coreness",0.4454,18
"clusterrank","local_hindex",0.4454,18
"clusterrank","s_core",0.4454,18
"clusterrank","weighted_kshell",0.4454,18
"bottleneck","s_shell",0.4453,19
"diversity","fragmentation",0.445,3
"clusterrank","onion",0.445,18
"local_information_dimension","stress",0.4448,19
"comm_centrality","voterank_plus",0.4448,19
"closeness_vitality","ncvoterank",-0.4446,19
"onion","second_order",-0.4445,19
"community_hub_bridge","ncvoterank",0.4444,19
"gateway","mnc",0.4443,18
"closeness_vitality","within_module_z",-0.4443,19
"lac","wvoterank",0.4443,18
"redundancy","wvoterank",0.4443,18
"onion","shapley_game2",0.4441,19
"comm_centrality","ncvoterank",0.444,19
"entropy_variation_betweenness","voterank_plus",0.444,14
"bottleneck","bridging",0.4438,19
"hindex_strength","second_order",-0.4438,19
"lobby","second_order",-0.4438,19
"entropy_variation_degree","local_dimension",-0.4435,19
"centroid","diversity",0.4433,5
"expected_influence_2","single_discount",0.4433,19
"closeness_vitality","entropy",-0.4431,5
"distance_entropy","local_dimension_fixed",-0.4431,19
"eccentricity","fragmentation",-0.4426,13
"weighted_h_index","within_module_z",0.4426,19
"s_shell","topological_coefficient",-0.4421,19
"closeness_vitality","entropy_variation_betweenness",-0.442,14
"shapley_game2","subgraph",0.4419,19
"community_mediator","shapley_game3",0.4417,18
"collective_influence","voterank_plus",0.4417,19
"eccentricity","stress",-0.4413,18
"closeness_vitality","voterank_plus",-0.4413,19
"s_shell","voterank",0.4411,19
"leverage","local_information_dimension",0.4409,19
"onion","single_discount",0.4408,19
"kreach","second_order",-0.4407,7
"local_volume_dimension","within_module_z",-0.4406,19
"entropy","fragmentation",-0.4403,3
"effective_size","lac",0.4403,18
"effective_size","redundancy",0.4403,18
"communicability_betweenness","shapley_game2",0.4403,19
"bottleneck","local_entropy",-0.44,19
"entropy_variation_betweenness","onion",0.44,14
"entropy_variation_betweenness","transitivity",-0.44,13
"constraint","diversity",-0.4398,5
"diversity","heatmap",-0.4397,5
"infection","local_information_dimension",0.4397,14
"average_distance","participation",-0.4392,19
"barycenter","participation",0.4392,19
"closeness","participation",0.4392,19
"lin","participation",0.4392,19
"participation","radiality",0.4392,19
"participation","wiener",-0.4392,19
"collective_influence","lac",0.439,18
"collective_influence","redundancy",0.439,18
"diversity","topological_coefficient",-0.439,5
"renewed_coreness","wvoterank",0.4387,19
"gateway","pagerank",0.4384,19
"hindex_strength","voterank_plus",0.4383,19
"lobby","voterank_plus",0.4383,19
"shapley_game1","transitivity",-0.4382,18
"gateway","local_bridging",-0.4381,19
"community_hub_bridge","voterank_plus",0.4381,19
"markov","second_order",-0.4377,19
"nonbacktracking","shapley_game2",0.4377,19
"community_mediator","second_order",-0.4376,19
"clusterrank","local_entropy",-0.4375,18
"expected","single_discount",0.4371,19
"gateway","infection",0.437,14
"random_walk","second_order",-0.4368,19
"communicability","voterank_plus",0.4368,19
"ncvoterank","subgraph",0.4367,19
"local_entropy","shapley_game1",-0.4365,19
"infection","voterank",0.4365,14
"entropy_variation_degree","flow_coefficient",0.4364,18
"delta_closeness","entropy_variation_degree",0.4361,19
"diversity","flow_betweenness",0.4361,5
"entropy_variation_degree","gilschmidt",0.4361,19
"distance_entropy","infection",0.4358,14
"lac","local_information_dimension",0.4357,18
"local_information_dimension","redundancy",0.4357,18
"entropy_variation_degree","harmonic",0.4356,19
"entropy_variation_degree","reaching_local",0.4356,19
"s_shell","within_module_z",0.4354,19
"average_distance","second_order",0.4353,19
"barycenter","second_order",-0.4353,19
"closeness","second_order",-0.4353,19
"lin","second_order",-0.4353,19
"radiality","second_order",-0.4353,19
"second_order","wiener",0.4353,19
"bridging","fragmentation",0.4348,14
"gateway","onion",0.4343,19
"information","second_order",-0.434,19
"fragmentation","participation",0.4335,14
"communicability","ncvoterank",0.4332,19
"node_contraction_improved","shapley_game3",0.4329,13
"second_order","spanning_tree",-0.4329,19
"hindex_strength","ncvoterank",0.4327,19
"lobby","ncvoterank",0.4327,19
"clusterrank","cross_clique",0.4324,18
"distance_entropy","leverage",0.4324,19
"diversity","local_bridging",-0.4324,5
"comm_centrality","diversity",0.4323,5
"community_based","diversity",0.4322,5
"eigenvector","shapley_game2",0.4322,19
"fuzzy_local_dimension","gateway",0.4317,19
"current_flow_closeness","second_order",-0.4315,19
"communicability","shapley_game2",0.4313,19
"integration","participation",0.4312,19
"eigenvector","voterank_plus",0.4312,19
"diversity","gravity",0.4311,5
"community_based","kreach",0.4307,7
"diversity","node_contraction",0.4307,5
"dangalchev","entropy_variation_degree",0.4304,19
"decay","entropy_variation_degree",0.4304,19
"entropy_variation_degree","generalized_closeness",0.4304,19
"bottleneck","local_information_dimension",0.4304,19
"entropy_variation_degree","residual_closeness",0.4304,19
"entropy_variation_betweenness","subgraph",0.4303,14
"diversity","random_walk",0.4301,5
"entropy_variation_degree","random_walk",0.43,19
"current_flow_closeness","entropy_variation_degree",0.4298,19
"eigenvector","ncvoterank",0.4298,19
"diversity","information",0.4297,5
"entropy_variation_degree","information",0.4296,19
"entropy_variation_degree","spanning_tree",0.4295,19
"degree","distance_entropy",0.4293,19
"distance_entropy","expected_influence_1",0.4293,19
"distance_entropy","strength",0.4293,19
"local_entropy","wvoterank",-0.4293,19
"semilocal","shapley_game3",0.4291,18
"semilocal","single_discount",0.429,19
"dmnc","lac",0.4289,18
"dmnc","redundancy",0.4289,18
"flow_coefficient","fragmentation",0.4287,13
"bottleneck","infection",0.4287,14
"diversity","markov",0.4287,5
"entropy_variation_degree","mnc",0.4287,18
"authority","shapley_game2",0.4287,19
"hub","shapley_game2",0.4287,19
"diffusion","shapley_game3",0.4286,18
"local_efficiency","neighborhood_connectivity",0.4285,18
"hide_information","participation",-0.4283,19
"integration","second_order",-0.4283,19
"expected_influence_2","shapley_game3",0.4283,18
"local_entropy","shapley_game3",-0.4283,18
"diversity","spanning_tree",0.4283,5
"authority","voterank_plus",0.428,19
"kreach","subgraph",0.4277,7
"expected","shapley_game3",0.4276,18
"betweenness","entropy",-0.4275,5
"entropy","load",-0.4275,5
"entropy","percolation",-0.4275,5
"current_flow_betweenness","diversity",0.4274,5
"entropy_variation_betweenness","nonbacktracking",0.4274,14
"diversity","fuzzy_local_dimension",0.4273,5
"flow_betweenness","gateway",0.4268,19
"current_flow_closeness","diversity",0.4267,5
"authority","ncvoterank",0.4265,19
"coreness","topological_coefficient",-0.4263,19
"local_hindex","topological_coefficient",-0.4263,19
"s_core","topological_coefficient",-0.4263,19
"topological_coefficient","weighted_kshell",-0.4263,19
"gateway","renewed_coreness",0.4262,19
"single_discount","weighted_h_index",0.4262,19
"entropy","length_scaled_betweenness",-0.426,5
"distance_entropy","pagerank",0.4256,19
"leverage","transitivity",-0.4256,18
"hub","ncvoterank",0.4255,19
"average_distance","entropy_variation_degree",-0.4254,19
"barycenter","entropy_variation_degree",0.4254,19
"closeness","entropy_variation_degree",0.4254,19
"entropy_variation_degree","lin",0.4254,19
"entropy_variation_degree","radiality",0.4254,19
"entropy_variation_degree","wiener",-0.4254,19
"diversity","katz",0.4253,5
"diversity","kpath",0.4253,5
"lac","voterank",0.4252,18
"redundancy","voterank",0.4252,18
"enrenew","local_information_dimension",0.4248,19
"coreness","second_order",-0.4247,19
"local_hindex","second_order",-0.4247,19
"s_core","second_order",-0.4247,19
"entropy","stress",-0.4247,5
"second_order","weighted_kshell",-0.4247,19
"eccentricity","load",-0.4245,18
"community_hub_bridge","local_information_dimension",0.4245,19
"clusterrank","flow_coefficient",-0.424,18
"distance_entropy","local_bridging",-0.4239,19
"clusterrank","transitivity",0.4239,18
"diffusion","voterank_plus",0.4236,19
"nonbacktracking","voterank_plus",0.4236,19
"hub","voterank_plus",0.4235,19
"constraint","participation",-0.4234,19
"eccentricity","length_scaled_betweenness",-0.4231,18
"entropy_variation_degree","infection",0.4229,14
"entropy_variation_degree","hide_information",-0.4228,19
"betweenness","eccentricity",-0.4224,18
"eccentricity","percolation",-0.4224,18
"eigenvector","entropy_variation_betweenness",0.4222,14
"diversity","laplacian",0.4221,5
"gateway","second_order",-0.422,19
"centroid","participation",0.4216,19
"diffusion","shapley_game2",0.4213,19
"communicability","entropy_variation_betweenness",0.4212,14
"laplacian","shapley_game3",0.421,18
"diversity","geodesic_kpath",0.4208,5
"entropy_variation_degree","integration",0.4208,19
"dangalchev","participation",0.4207,19
"decay","participation",0.4207,19
"generalized_closeness","participation",0.4207,19
"participation","residual_closeness",0.4207,19
"diffusion","diversity",0.4205,5
"delta_betweenness","eccentricity",-0.4204,18
"ego_betweenness","local_information_dimension",0.4204,19
"dangalchev","second_order",-0.4204,19
"decay","second_order",-0.4204,19
"generalized_closeness","second_order",-0.4204,19
"residual_closeness","second_order",-0.4204,19
"diversity","subgraph",0.4204,5
"bottleneck","gateway",0.4203,19
"local_information_dimension","renewed_coreness",0.4203,19
"closeness_vitality","second_order",0.4203,19
"coreness","voterank",0.4202,19
"local_hindex","voterank",0.4202,19
"s_core","voterank",0.4202,19
"voterank","weighted_kshell",0.4202,19
"diversity","gateway",0.4201,5
"eccentricity","heatmap",0.4201,18
"diversity","harary",0.42,5
"community_mediator","modularity_vitality",-0.42,19
"kreach","nonbacktracking",0.42,7
"diversity","nonbacktracking",0.4199,5
"ncvoterank","nonbacktracking",0.4199,19
"delta_betweenness","entropy",-0.4198,5
"local_volume_dimension","single_discount",-0.4197,19
"dangalchev","eccentricity",-0.4194,18
"decay","eccentricity",-0.4194,18
"eccentricity","generalized_closeness",-0.4194,18
"diversity","pagerank",0.4194,5
"eccentricity","residual_closeness",-0.4194,18
"delta_closeness","second_order",-0.4187,19
"gilschmidt","second_order",-0.4187,19
"reaching_local","second_order",-0.4187,19
"diversity","two_way_rw",0.4187,3
"harmonic","second_order",-0.4186,19
"community_hub_bridge","diversity",0.4185,5
"effective_size","local_efficiency",-0.4183,18
"entropy_variation_degree","markov",0.4181,19
"flow_coefficient","node_contraction",0.4179,18
"shapley_game3","weighted_h_index",0.4175,18
"communicability_betweenness","diversity",0.4171,5
"authority","entropy_variation_betweenness",0.4171,14
"kreach","local_bridging",-0.4169,7
"diversity","expected",0.4167,5
"local_entropy","modularity_vitality",0.4167,19
"clusterrank","s_shell",0.4163,18
"diffusion","ncvoterank",0.4162,19
"entropy_variation_betweenness","within_module_z",0.4162,14
"diversity","leverage",0.416,5
"centroid","eccentricity",-0.4159,18
"diversity","expected_influence_2",0.4159,5
"participation","second_order",-0.4159,19
"expected_influence_2","voterank_plus",0.4159,19
"bottleneck","entropy_variation_degree",0.4157,19
"collective_influence","local_information_dimension",0.4157,19
"coreness","within_module_z",0.4153,19
"local_hindex","within_module_z",0.4153,19
"s_core","within_module_z",0.4153,19
"weighted_kshell","within_module_z",0.4153,19
"authority","diversity",0.415,5
"diversity","local_volume_dimension",-0.4149,5
"local_information_dimension","shapley_game1",0.4148,19
"rumor","shapley_game3",0.4147,18
"entropy_variation_betweenness","hub",0.4146,14
"diversity","hide_information",-0.4145,5
"expected_influence_2","shapley_game2",0.4145,19
"kreach","transitivity",-0.4145,6
"diversity","semilocal",0.4144,5
"current_flow_betweenness","distance_entropy",0.4142,19
"fuzzy_local_dimension","kreach",0.4142,7
"communicability","diversity",0.4141,5
"local_volume_dimension","topological_coefficient",0.4141,19
"flow_coefficient","voterank_plus",0.4141,18
"comm_centrality","gateway",0.414,19
"delta_betweenness","local_information_dimension",0.414,19
"diversity","eigenvector",0.4139,5
"collective_influence","ncvoterank",0.4138,19
"diversity","hub",0.4134,5
"load","shapley_game3",0.4133,18
"cross_clique","gateway",0.4132,19
"percolation","shapley_game3",0.4132,18
"betweenness","shapley_game3",0.413,18
"length_scaled_betweenness","shapley_game3",0.4127,18
"entropy_variation_degree","transitivity",-0.4126,18
"hindex_strength","shapley_game3",0.4124,18
"lobby","shapley_game3",0.4124,18
"length_scaled_betweenness","local_information_dimension",0.4119,19
"entropy_variation_betweenness","ncvoterank",0.4118,14
"diversity","harmonic",0.4115,5
"diversity","reaching_local",0.4115,5
"betweenness","local_information_dimension",0.4114,19
"local_information_dimension","percolation",0.4114,19
"coreness","entropy_variation_betweenness",0.4108,14
"entropy_variation_betweenness","local_hindex",0.4108,14
"entropy_variation_betweenness","s_core",0.4108,14
"expected","voterank_plus",0.4108,19
"entropy_variation_betweenness","weighted_kshell",0.4108,14
"community_hub_bridge","entropy_variation_degree",0.4104,19
"gravity","shapley_game3",0.4101,18
"delta_closeness","diversity",0.41,5
"diversity","gilschmidt",0.41,5
"lac","within_module_z",0.4098,18
"redundancy","within_module_z",0.4098,18
"diversity","shapley_game3",0.4097,5
"gateway","two_way_rw",0.4094,14
"clusterrank","weighted_h_index",0.4094,18
"harmonic","participation",0.4092,19
"participation","reaching_local",0.4092,19
"distance_entropy","fragmentation",0.4091,14
"expected_influence_2","ncvoterank",0.4087,19
"delta_betweenness","shapley_game3",0.4087,18
"bottleneck","coreness",0.4083,19
"bottleneck","local_hindex",0.4083,19
"distance_entropy","mnc",0.4083,18
"bottleneck","s_core",0.4083,19
"bottleneck","weighted_kshell",0.4083,19
"diversity","lac",0.4082,5
"load","local_information_dimension",0.4082,19
"diversity","redundancy",0.4082,5
"distance_entropy","shapley_game1",0.408,19
"dangalchev","diversity",0.4078,5
"decay","diversity",0.4078,5
"diversity","generalized_closeness",0.4078,5
"delta_closeness","participation",0.4078,19
"gilschmidt","participation",0.4078,19
"diversity","residual_closeness",0.4078,5
"communicability_betweenness","participation",0.4077,19
"local_entropy","participation",-0.4077,19
"expected","shapley_game2",0.4077,19
"fragmentation","transitivity",-0.4077,13
"community_based","neighborhood_connectivity",-0.4075,19
"kpath","shapley_game3",0.4074,18
"clusterrank","nonbacktracking",0.4073,18
"community_based","gateway",0.4072,19
"flow_coefficient","voterank",0.4072,18
"distance_entropy","node_contraction",0.4071,19
"local_dimension","neighborhood_connectivity",0.407,19
"comm_centrality","entropy_variation_degree",0.4069,19
"flow_coefficient","wvoterank",0.4067,18
"information","shapley_game3",0.4066,18
"gateway","shapley_game3",0.406,18
"random_walk","shapley_game3",0.406,18
"entropy_variation_betweenness","s_shell",0.4058,14
"shapley_game3","spanning_tree",0.4057,18
"node_contraction","shapley_game3",0.4055,18
"clusterrank","expected",0.4053,18
"entropy_variation_degree","hindex_strength",0.4053,19
"entropy_variation_degree","lobby",0.4053,19
"community_based","distance_entropy",0.4052,19
"current_flow_closeness","shapley_game3",0.4051,18
"entropy","flow_coefficient",-0.405,5
"renewed_coreness","shapley_game3",0.4049,18
"diversity","weighted_h_index",0.4049,5
"diversity","local_dimension",-0.4045,5
"diffusion","entropy_variation_betweenness",0.4039,14
"entropy","transitivity",0.4039,5
"harary","second_order",-0.4038,19
"centroid","neighborhood_connectivity",-0.4037,19
"diversity","kreach",0.4035,4
"voterank_plus","weighted_h_index",0.4035,19
"clusterrank","subgraph",0.4034,18
"mnc","second_order",-0.4033,18
"bottleneck","neighborhood_connectivity",-0.4028,19
"semilocal","voterank_plus",0.4026,19
"coreness","kreach",0.4025,7
"kreach","local_hindex",0.4025,7
"kreach","s_core",0.4025,7
"kreach","weighted_kshell",0.4025,7
"expected","ncvoterank",0.4022,19
"local_dimension_fixed","local_information_dimension",-0.4021,19
"eccentricity","reaching_local",-0.402,18
"eccentricity","harmonic",-0.4019,18
"centroid","flow_coefficient",0.4018,18
"diversity","mnc",0.401,5
"ncvoterank","onion",0.401,19
"renewed_coreness","within_module_z",0.4008,19
"delta_closeness","eccentricity",-0.4006,18
"eccentricity","gilschmidt",-0.4006,18
"flow_coefficient","pagerank",0.4005,18
"community_hub_bridge","entropy_variation_betweenness",0.4004,14
"clusterrank","expected_influence_2",0.4003,18
"katz","shapley_game3",0.4002,18
"authority","shapley_game3",0.3998,18
"lac","single_discount",0.3997,18
"redundancy","single_discount",0.3997,18
"community_mediator","flow_coefficient",0.3996,18
"kreach","onion",0.3995,7
"current_flow_betweenness","shapley_game3",0.3992,18
"s_shell","shapley_game3",0.3992,18
"local_entropy","voterank",-0.3992,19
"communicability","shapley_game3",0.3989,18
"centroid","second_order",-0.3987,19
"diversity","dmnc",0.3986,5
"diversity","local_efficiency",0.3985,5
"markov","shapley_game3",0.3985,18
"flow_coefficient","local_bridging",-0.3983,18
"participation","weighted_h_index",0.3983,19
"average_distance","diversity",-0.3981,5
"barycenter","diversity",0.3981,5
"closeness","diversity",0.3981,5
"diversity","lin",0.3981,5
"diversity","radiality",0.3981,5
"diversity","wiener",-0.3981,5
"kreach","wvoterank",0.398,7
"clusterrank","diffusion",0.3979,18
"flow_betweenness","flow_coefficient",0.3978,18
"average_distance","bridging",-0.3975,19
"barycenter","bridging",0.3975,19
"bridging","closeness",0.3975,19
"entropy_variation_degree","fuzzy_local_dimension",0.3975,19
"distance_entropy","hindex_strength",0.3975,19
"bridging","lin",0.3975,19
"distance_entropy","lobby",0.3975,19
"bridging","radiality",0.3975,19
"onion","voterank_plus",0.3975,19
"bridging","wiener",-0.3975,19
"community_mediator","within_module_z",0.397,19
"collective_influence","shapley_game3",0.3968,18
"participation","semilocal",0.3966,19
"diversity","integration",0.3965,5
"eigenvector","shapley_game3",0.3965,18
"participation","stress",0.3958,19
"ncvoterank","semilocal",0.3957,19
"constraint","shapley_game3",-0.3957,18
"clusterrank","semilocal",0.3952,18
"gateway","topological_coefficient",-0.395,19
"communicability_betweenness","eccentricity",-0.3949,18
"cross_clique","kreach",0.3948,7
"distance_entropy","s_shell",0.3948,19
"lac","stress",0.3947,18
"redundancy","stress",0.3947,18
"centroid","distance_entropy",0.3945,19
"current_flow_closeness","distance_entropy",0.3943,19
"semilocal","shapley_game2",0.3943,19
"local_information_dimension","topological_coefficient",-0.3943,19
"entropy_variation_betweenness","expected_influence_2",0.3941,14
"distance_entropy","random_walk",0.394,19
"distance_entropy","information",0.3939,19
"distance_entropy","spanning_tree",0.3939,19
"expected","participation",0.3938,19
"renewed_coreness","voterank",0.3937,19
"diffusion","participation",0.3936,19
"transitivity","voterank_plus",-0.3934,18
"bridging","centroid",0.3933,19
"authority","clusterrank",0.3931,18
"current_flow_closeness","participation",0.3931,19
"harary","participation",0.393,19
"cross_clique","second_order",-0.3928,19
"clusterrank","eigenvector",0.3926,18
"cross_clique","entropy_variation_degree",0.3926,19
"clusterrank","hub",0.3926,18
"expected_influence_2","participation",0.3924,19
"local_entropy","topological_coefficient",0.3923,19
"current_flow_betweenness","eccentricity",-0.3922,18
"node_contraction_improved","participation",0.3922,14
"degree","shapley_game3",0.3917,18
"expected_influence_1","shapley_game3",0.3917,18
"shapley_game3","strength",0.3917,18
"coreness","distance_entropy",0.3916,19
"distance_entropy","local_hindex",0.3916,19
"distance_entropy","s_core",0.3916,19
"distance_entropy","weighted_kshell",0.3916,19
"bridging","integration",0.3915,19
"entropy_variation_degree","gravity",0.3914,19
"lac","second_order",-0.3914,18
"redundancy","second_order",-0.3914,18
"participation","spanning_tree",0.3911,19
"clusterrank","communicability",0.3908,18
"participation","random_walk",0.3907,19
"shapley_game2","weighted_h_index",0.3906,19
"information","participation",0.3904,19
"flow_coefficient","hide_information",-0.3902,18
"distance_entropy","epc",0.3897,14
"laplacian","participation",0.3894,19
"entropy","topological_coefficient",0.3894,5
"ncvoterank","weighted_h_index",0.3894,19
"community_mediator","entropy_variation_degree",0.3893,19
"distance_entropy","node_contraction_improved",0.3888,14
"clusterrank","hindex_strength",0.3885,18
"clusterrank","lobby",0.3885,18
"diversity","local_entropy",-0.3885,5
"closeness_vitality","participation",-0.3881,19
"harary","neighborhood_connectivity",-0.388,19
"delta_betweenness","lac",0.3876,18
"delta_betweenness","redundancy",0.3876,18
"betweenness","participation",0.3875,19
"participation","percolation",0.3875,19
"delta_betweenness","participation",0.3874,19
"mnc","neighborhood_connectivity",-0.3872,18
"shapley_game3","subgraph",0.3872,18
"distance_entropy","markov",0.3871,19
"entropy_variation_betweenness","expected",0.3864,14
"lac","shapley_game2",0.3861,18
"redundancy","shapley_game2",0.3861,18
"bridging","community_mediator",0.3858,19
"eccentricity","harary",-0.3858,18
"length_scaled_betweenness","participation",0.3857,19
"degree_discount","single_discount",0.3857,19
"lac","topological_coefficient",-0.3854,18
"redundancy","topological_coefficient",-0.3854,18
"load","participation",0.3846,19
"epc","shapley_game3",0.3845,13
"local_information_dimension","wvoterank",0.3842,19
"bridging","voterank_plus",0.3841,19
"participation","shapley_game3",0.384,18
"constraint","second_order",0.3838,19
"modularity_vitality","semilocal",-0.3838,19
"constraint","eccentricity",0.3837,18
"effective_size","participation",0.3837,19
"constraint","neighborhood_connectivity",0.3835,19
"kpath","participation",0.3834,19
"bridging","shapley_game1",0.3832,19
"local_volume_dimension","shapley_game2",-0.3828,19
"diversity","entropy_variation_degree",0.3827,5
"delta_betweenness","distance_entropy",0.3825,19
"bridging","node_contraction",0.3825,19
"clusterrank","local_volume_dimension",-0.3824,18
"s_shell","single_discount",0.3824,19
"local_volume_dimension","voterank_plus",-0.3823,19
"closeness_vitality","eccentricity",0.3822,18
"lac","length_scaled_betweenness",0.3822,18
"local_volume_dimension","ncvoterank",-0.3822,19
"markov","participation",0.3822,19
"length_scaled_betweenness","redundancy",0.3822,18
"flow_coefficient","ncvoterank",0.3821,18
"eccentricity","topological_coefficient",0.3821,18
"entropy","voterank_plus",-0.3819,5
"modularity_vitality","weighted_h_index",-0.3819,19
"distance_entropy","enrenew",0.3817,19
"shapley_game3","topological_coefficient",-0.3817,18
"constraint","distance_entropy",-0.381,19
"comm_centrality","second_order",-0.3805,19
"diversity","effective_size",0.3802,5
"communicability","participation",0.3802,19
"coreness","gateway",0.3801,19
"gateway","local_hindex",0.3801,19
"gateway","s_core",0.3801,19
"nonbacktracking","shapley_game3",0.3801,18
"gateway","weighted_kshell",0.3801,19
"entropy_variation_degree","katz",0.38,19
"infection","second_order",-0.3798,14
"node_contraction","transitivity",-0.3798,18
"transitivity","voterank",-0.3798,18
"transitivity","wvoterank",-0.3798,18
"community_mediator","eccentricity",-0.3797,18
"entropy_variation_betweenness","semilocal",0.3794,14
"entropy_variation_betweenness","single_discount",0.3792,14
"eccentricity","renewed_coreness",-0.3789,18
"distance_entropy","harary",0.3788,19
"coreness","single_discount",0.3788,19
"local_hindex","single_discount",0.3788,19
"s_core","single_discount",0.3788,19
"single_discount","weighted_kshell",0.3788,19
"authority","participation",0.3787,19
"expected","modularity_vitality",-0.3786,19
"comm_centrality","shapley_game3",0.3781,18
"gateway","leverage",0.378,19
"kreach","leverage",0.3776,7
"diversity","flow_coefficient",0.3773,5
"ego_betweenness","shapley_game3",0.3768,18
"distance_entropy","length_scaled_betweenness",0.3765,19
"degree","second_order",-0.3764,19
"expected_influence_1","second_order",-0.3764,19
"second_order","strength",-0.3764,19
"entropy","entropy_variation_degree",-0.3763,5
"flow_coefficient","within_module_z",0.3763,18
"bridging","eccentricity",-0.376,18
"eigenvector","participation",0.376,19
"effective_size","shapley_game3",0.3756,18
"community_based","second_order",-0.3755,19
"hide_information","shapley_game3",-0.3755,18
"shapley_game2","transitivity",-0.375,18
"bridging","dangalchev",0.3748,19
"bridging","decay",0.3748,19
"communicability_betweenness","entropy_variation_degree",0.3748,19
"bridging","generalized_closeness",0.3748,19
"ego_betweenness","participation",0.3748,19
"bridging","residual_closeness",0.3748,19
"hindex_strength","participation",0.3747,19
"lobby","participation",0.3747,19
"entropy_variation_betweenness","local_efficiency",-0.3745,13
"closeness_vitality","entropy_variation_degree",-0.3743,19
"flow_coefficient","node_contraction_improved",0.3743,13
"local_information_dimension","two_way_rw",0.3743,14
"distance_entropy","katz",0.3737,19
"clusterrank","mnc",0.3735,18
"eccentricity","ego_betweenness",-0.3734,18
"bottleneck","entropy",-0.3734,5
"local_efficiency","topological_coefficient",0.3734,18
"lac","load",0.373,18
"load","redundancy",0.373,18
"distance_entropy","renewed_coreness",0.3727,19
"expected_influence_2","modularity_vitality",-0.3726,19
"bridging","leverage",0.3725,19
"katz","participation",0.3719,19
"participation","subgraph",0.3718,19
"distance_entropy","effective_size",0.3716,19
"diversity","ego_betweenness",0.3715,5
"distance_entropy","load",0.3713,19
"betweenness","lac",0.371,18
"lac","percolation",0.371,18
"betweenness","redundancy",0.371,18
"percolation","redundancy",0.371,18
"distance_entropy","onion",0.3709,19
"gravity","participation",0.3706,19
"eccentricity","node_contraction_improved",-0.3705,13
"gateway","local_dimension",-0.3703,19
"nonbacktracking","participation",0.3703,19
"collective_influence","neighborhood_connectivity",-0.37,19
"eccentricity","node_contraction",-0.37,18
"betweenness","distance_entropy",0.3697,19
"diffusion","modularity_vitality",-0.3697,19
"distance_entropy","percolation",0.3697,19
"eccentricity","effective_size",-0.3696,18
"authority","modularity_vitality",-0.3695,19
"infection","voterank_plus",0.3693,14
"cross_clique","distance_entropy",0.3692,19
"heatmap","participation",-0.369,19
"current_flow_betweenness","participation",0.3688,19
"cross_clique","shapley_game3",0.3687,18
"fuzzy_local_dimension","second_order",-0.3679,19
"infection","ncvoterank",0.3678,14
"pagerank","shapley_game3",0.3678,18
"communicability","modularity_vitality",-0.3673,19
"delta_closeness","neighborhood_connectivity",-0.367,19
"gilschmidt","neighborhood_connectivity",-0.367,19
"community_mediator","transitivity",-0.3669,18
"communicability_betweenness","distance_entropy",0.3668,19
"bridging","entropy_variation_betweenness",0.3668,14
"average_distance","flow_coefficient",-0.3668,18
"barycenter","flow_coefficient",0.3668,18
"closeness","flow_coefficient",0.3668,18
"distance_entropy","hide_information",-0.3668,19
"flow_coefficient","lin",0.3668,18
"degree","participation",0.3668,19
"expected_influence_1","participation",0.3668,19
"flow_coefficient","radiality",0.3668,18
"participation","strength",0.3668,19
"flow_coefficient","wiener",-0.3668,18
"bridging","node_contraction_improved",0.3665,14
"harmonic","neighborhood_connectivity",-0.3663,19
"local_entropy","within_module_z",-0.3663,19
"distance_entropy","gravity",0.3662,19
"neighborhood_connectivity","reaching_local",-0.3662,19
"distance_entropy","heatmap",-0.3652,19
"eigenvector","modularity_vitality",-0.3652,19
"hub","kreach",0.3651,7
"diversity","stress",0.3648,5
"participation","s_shell",0.3646,19
"community_based","shapley_game3",0.3646,18
"degree","flow_coefficient",0.3644,18
"expected_influence_1","flow_coefficient",0.3644,18
"flow_coefficient","strength",0.3644,18
"distance_entropy","flow_betweenness",0.3641,19
"ego_betweenness","lac",0.3641,18
"ego_betweenness","redundancy",0.3641,18
"betweenness","diversity",0.3639,5
"bridging","diversity",0.3639,5
"delta_betweenness","diversity",0.3639,5
"diversity","length_scaled_betweenness",0.3639,5
"diversity","load",0.3639,5
"diversity","percolation",0.3639,5
"ncvoterank","transitivity",-0.3638,18
"clusterrank","second_order",-0.3636,18
"pagerank","transitivity",-0.3633,18
"eccentricity","random_walk",-0.3625,18
"local_efficiency","shapley_game2",-0.3625,18
"onion","shapley_game3",0.3625,18
"eccentricity","hindex_strength",-0.3624,18
"eccentricity","lobby",-0.3624,18
"bridging","closeness_vitality",-0.3623,19
"eccentricity","information",-0.3622,18
"current_flow_closeness","eccentricity",-0.362,18
"eccentricity","spanning_tree",-0.3619,18
"bridging","harmonic",0.3618,19
"bridging","reaching_local",0.3618,19
"centroid","transitivity",-0.3618,18
"transitivity","within_module_z",-0.3617,18
"gateway","wvoterank",0.3615,19
"flow_betweenness","shapley_game3",0.3613,18
"infection","shapley_game2",0.3604,14
"bridging","delta_closeness",0.3602,19
"bridging","gilschmidt",0.3602,19
"bridging","flow_betweenness",0.3599,19
"dangalchev","flow_coefficient",0.3599,18
"decay","flow_coefficient",0.3599,18
"flow_coefficient","generalized_closeness",0.3599,18
"flow_coefficient","residual_closeness",0.3599,18
"entropy_variation_betweenness","weighted_h_index",0.3598,14
"flow_coefficient","integration",0.3597,18
"dangalchev","neighborhood_connectivity",-0.3597,19
"decay","neighborhood_connectivity",-0.3597,19
"generalized_closeness","neighborhood_connectivity",-0.3597,19
"neighborhood_connectivity","residual_closeness",-0.3597,19
"flow_coefficient","single_discount",0.3597,18
"modularity_vitality","nonbacktracking",-0.3596,19
"delta_closeness","distance_entropy",0.3595,19
"distance_entropy","gilschmidt",0.3595,19
"diversity","within_module_z",0.3595,5
"entropy_variation_degree","onion",0.3593,19
"bridging","gateway",0.3591,19
"distance_entropy","two_way_rw",0.359,14
"diversity","renewed_coreness",0.3588,5
"distance_entropy","harmonic",0.3587,19
"distance_entropy","reaching_local",0.3587,19
"infection","single_discount",0.3586,14
"entropy_variation_degree","kpath",0.3583,19
"markov","neighborhood_connectivity",-0.3578,19
"gateway","shapley_game1",0.3578,19
"diffusion","eccentricity",-0.3577,18
"coreness","entropy_variation_degree",0.3577,19
"entropy_variation_degree","local_hindex",0.3577,19
"entropy_variation_degree","s_core",0.3577,19
"entropy_variation_degree","weighted_kshell",0.3577,19
"entropy_variation_degree","laplacian",0.3573,19
"comm_centrality","distance_entropy",0.357,19
"eccentricity","expected_influence_2",-0.357,18
"clusterrank","kpath",0.3568,18
"distance_entropy","laplacian",0.3568,19
"hub","shapley_game3",0.3568,18
"bottleneck","local_efficiency",-0.3567,18
"constraint","local_efficiency",0.3567,18
"eccentricity","semilocal",-0.3567,18
"coreness","dmnc",0.3566,18
"diversity","enrenew",0.3566,5
"dmnc","local_hindex",0.3566,18
"dmnc","s_core",0.3566,18
"dmnc","weighted_kshell",0.3566,18
"flow_coefficient","harary",0.3565,18
"entropy_variation_degree","renewed_coreness",0.3565,19
"epc","participation",0.3563,14
"current_flow_closeness","neighborhood_connectivity",-0.3561,19
"neighborhood_connectivity","random_walk",-0.3561,19
"participation","renewed_coreness",0.356,19
"local_information_dimension","within_module_z",0.3559,19
"flow_coefficient","harmonic",0.3558,18
"entropy_variation_betweenness","local_volume_dimension",-0.3558,14
"information","neighborhood_connectivity",-0.3558,19
"flow_coefficient","reaching_local",0.3558,18
"neighborhood_connectivity","spanning_tree",-0.3558,19
"local_bridging","transitivity",0.3557,18
"delta_closeness","flow_coefficient",0.3555,18
"flow_coefficient","gilschmidt",0.3555,18
"flow_betweenness","transitivity",-0.3555,18
"eccentricity","expected",-0.3551,18
"eccentricity","gravity",-0.355,18
"bottleneck","participation",0.355,19
"kreach","mnc",0.3547,6
"mnc","shapley_game3",0.3547,17
"local_information_dimension","voterank",0.3546,19
"local_bridging","shapley_game3",-0.3545,18
"eccentricity","markov",-0.354,18
"bridging","pagerank",0.3535,19
"dangalchev","distance_entropy",0.3533,19
"decay","distance_entropy",0.3533,19
"distance_entropy","generalized_closeness",0.3533,19
"distance_entropy","residual_closeness",0.3533,19
"kreach","within_module_z",0.3528,7
"clusterrank","laplacian",0.3526,18
"distance_entropy","kpath",0.3524,19
"eccentricity","laplacian",-0.3519,18
"kreach","shapley_game1",0.3519,7
"diversity","participation",0.3518,5
"collective_influence","gateway",0.3516,19
"comm_centrality","eccentricity",-0.3515,18
"community_mediator","diversity",0.3509,5
"bridging","hide_information",-0.3509,19
"hide_information","modularity_vitality",0.3509,19
"kreach","voterank",0.3508,7
"enrenew","gateway",0.3507,19
"coreness","shapley_game3",0.3504,18
"local_hindex","shapley_game3",0.3504,18
"s_core","shapley_game3",0.3504,18
"shapley_game3","weighted_kshell",0.3504,18
"bridging","harary",0.3494,19
"modularity_vitality","subgraph",-0.3494,19
"eccentricity","kpath",-0.3492,18
"bridging","shapley_game3",0.3489,18
"degree","eccentricity",-0.3486,18
"eccentricity","expected_influence_1",-0.3486,18
"eccentricity","strength",-0.3486,18
"hide_information","neighborhood_connectivity",0.3485,19
"hide_information","transitivity",0.3483,18
"current_flow_betweenness","local_efficiency",-0.3482,18
"eccentricity","local_entropy",0.3482,18
"flow_coefficient","random_walk",0.3482,18
"eccentricity","epc",-0.3479,13
"flow_coefficient","information",0.3479,18
"distance_entropy","stress",0.3479,19
"s_shell","voterank_plus",0.3478,19
"eccentricity","rumor",-0.3477,18
"current_flow_closeness","flow_coefficient",0.3475,18
"flow_coefficient","spanning_tree",0.3475,18
"local_volume_dimension","modularity_vitality",0.3474,19
"flow_coefficient","gateway",0.3471,18
"kreach","local_volume_dimension",-0.347,7
"distance_entropy","hub",0.3459,19
"eccentricity","weighted_h_index",-0.3456,18
"renewed_coreness","single_discount",0.3452,19
"average_distance","distance_entropy",-0.3451,19
"barycenter","distance_entropy",0.3451,19
"closeness","distance_entropy",0.3451,19
"distance_entropy","lin",0.3451,19
"distance_entropy","radiality",0.3451,19
"coreness","shapley_game2",0.3451,19
"local_hindex","shapley_game2",0.3451,19
"s_core","shapley_game2",0.3451,19
"shapley_game2","weighted_kshell",0.3451,19
"distance_entropy","wiener",-0.3451,19
"epc","second_order",-0.345,14
"ncvoterank","s_shell",0.3449,19
"bridging","wvoterank",0.3449,19
"node_contraction","participation",0.3446,19
"bottleneck","diversity",0.344,5
"comm_centrality","neighborhood_connectivity",-0.3438,19
"entropy","heatmap",0.3437,5
"distance_entropy","integration",0.3436,19
"bridging","local_bridging",-0.3436,19
"entropy","kreach",-0.3434,4
"constraint","entropy",0.3433,5
"eccentricity","pagerank",-0.343,18
"average_distance","modularity_vitality",0.3425,19
"barycenter","modularity_vitality",-0.3425,19
"closeness","modularity_vitality",-0.3425,19
"lin","modularity_vitality",-0.3425,19
"modularity_vitality","radiality",-0.3425,19
"modularity_vitality","wiener",0.3425,19
"distance_entropy","subgraph",0.3423,19
"local_entropy","single_discount",-0.3419,19
"collective_influence","eccentricity",-0.3417,18
"kpath","modularity_vitality",-0.3415,19
"infection","participation",0.3415,14
"eccentricity","katz",-0.3414,18
"renewed_coreness","voterank_plus",0.3413,19
"communicability","eccentricity",-0.3408,18
"distance_entropy","nonbacktracking",0.3403,19
"authority","eccentricity",-0.3399,18
"bottleneck","lac",0.3399,18
"bottleneck","redundancy",0.3399,18
"clusterrank","infection",0.3396,13
"hub","participation",0.3393,19
"eccentricity","gateway",-0.3392,18
"distance_entropy","lac",0.3392,18
"distance_entropy","redundancy",0.3392,18
"eccentricity","hide_information",0.3391,18
"s_shell","shapley_game2",0.3389,19
"kreach","voterank_plus",0.3389,7
"eccentricity","entropy",0.3388,5
"eccentricity","flow_betweenness",-0.3388,18
"hub","modularity_vitality",-0.3385,19
"eccentricity","eigenvector",-0.3384,18
"flow_coefficient","shapley_game2",0.3378,18
"flow_coefficient","markov",0.3374,18
"current_flow_betweenness","entropy",-0.3371,5
"integration","modularity_vitality",-0.337,19
"community_hub_bridge","distance_entropy",0.3369,19
"local_volume_dimension","participation",-0.3369,19
"communicability_betweenness","modularity_vitality",-0.3368,19
"clusterrank","katz",0.3367,18
"laplacian","modularity_vitality",-0.3366,19
"average_distance","neighborhood_connectivity",0.3365,19
"barycenter","neighborhood_connectivity",-0.3365,19
"closeness","neighborhood_connectivity",-0.3365,19
"lin","neighborhood_connectivity",-0.3365,19
"neighborhood_connectivity","radiality",-0.3365,19
"neighborhood_connectivity","wiener",0.3365,19
"distance_entropy","ego_betweenness",0.3361,19
"mnc","participation",0.3353,18
"pagerank","participation",0.3349,19
"bridging","voterank",0.3348,19
"local_bridging","participation",-0.3347,19
"gateway","voterank",0.3346,19
"average_distance","transitivity",0.3345,18
"barycenter","transitivity",-0.3345,18
"closeness","transitivity",-0.3345,18
"lin","transitivity",-0.3345,18
"radiality","transitivity",-0.3345,18
"transitivity","wiener",0.3345,18
"onion","participation",0.3343,19
"coreness","ncvoterank",0.3338,19
"local_hindex","ncvoterank",0.3338,19
"ncvoterank","s_core",0.3338,19
"node_contraction_improved","second_order",-0.3338,14
"ncvoterank","weighted_kshell",0.3338,19
"gravity","neighborhood_connectivity",-0.3337,19
"lac","voterank_plus",0.3335,18
"redundancy","voterank_plus",0.3335,18
"diversity","local_information_dimension",0.3331,5
"bridging","entropy",-0.333,5
"eccentricity","s_shell",-0.333,18
"lac","ncvoterank",0.3328,18
"integration","neighborhood_connectivity",-0.3328,19
"ncvoterank","redundancy",0.3328,18
"dangalchev","modularity_vitality",-0.3327,19
"decay","modularity_vitality",-0.3327,19
"generalized_closeness","modularity_vitality",-0.3327,19
"modularity_vitality","residual_closeness",-0.3327,19
"community_based","flow_coefficient",0.3325,18
"community_mediator","neighborhood_connectivity",-0.3325,19
"cross_clique","neighborhood_connectivity",-0.3325,19
"community_based","eccentricity",-0.3322,18
"fuzzy_local_dimension","neighborhood_connectivity",-0.3322,19
"community_hub_bridge","neighborhood_connectivity",-0.3319,19
"degree_discount","neighborhood_connectivity",-0.3318,19
"distance_entropy","local_dimension",-0.3315,19
"flow_coefficient","two_way_rw",0.3313,13
"coreness","voterank_plus",0.331,19
"local_hindex","voterank_plus",0.331,19
"s_core","voterank_plus",0.331,19
"voterank_plus","weighted_kshell",0.331,19
"bridging","participation",0.3307,19
"fragmentation","second_order",-0.3303,14
"clusterrank","gravity",0.3299,18
"closeness_vitality","modularity_vitality",0.3294,19
"local_information_dimension","single_discount",0.3293,19
"diversity","shapley_game2",-0.3292,5
"bridging","random_walk",0.3291,19
"bridging","information",0.329,19
"distance_entropy","eigenvector",0.3288,19
"bridging","spanning_tree",0.3285,19
"bridging","current_flow_closeness",0.3284,19
"communicability","distance_entropy",0.3284,19
"modularity_vitality","reaching_local",-0.3282,19
"harmonic","modularity_vitality",-0.3281,19
"distance_entropy","wvoterank",0.328,19
"bridging","degree",0.3278,19
"bridging","expected_influence_1",0.3278,19
"bridging","strength",0.3278,19
"local_information_dimension","shapley_game2",0.3274,19
"single_discount","transitivity",-0.3272,18
"flow_betweenness","participation",0.3271,19
"geodesic_kpath","s_shell",0.3271,19
"gravity","modularity_vitality",-0.3266,19
"integration","transitivity",-0.3261,18
"eccentricity","nonbacktracking",-0.326,18
"degree_discount","shapley_game2",0.326,19
"distance_entropy","neighborhood_connectivity",-0.3258,19
"authority","distance_entropy",0.3257,19
"delta_closeness","modularity_vitality",-0.3253,19
"gilschmidt","modularity_vitality",-0.3253,19
"renewed_coreness","shapley_game2",0.3253,19
"fuzzy_local_dimension","participation",0.325,19
"dangalchev","transitivity",-0.325,18
"decay","transitivity",-0.325,18
"generalized_closeness","transitivity",-0.325,18
"residual_closeness","transitivity",-0.325,18
"eccentricity","onion",-0.3249,18
"eccentricity","subgraph",-0.3249,18
"enrenew","flow_coefficient",0.3245,18
"local_information_dimension","second_order",-0.3245,19
"eccentricity","participation",-0.3241,18
"node_contraction_improved","transitivity",-0.3238,13
"comm_centrality","participation",0.3232,19
"infection","shapley_game3",0.323,13
"degree_discount","ncvoterank",0.3229,19
"entropy_variation_degree","subgraph",0.3226,19
"entropy_variation_degree","s_shell",0.3223,19
"collective_influence","flow_coefficient",0.3222,18
"distance_entropy","topological_coefficient",-0.322,19
"local_entropy","voterank_plus",-0.3217,19
"community_hub_bridge","kreach",0.3215,7
"cross_clique","eccentricity",-0.3214,18
"eccentricity","local_bridging",0.3206,18
"local_efficiency","shapley_game1",-0.3206,18
"ncvoterank","renewed_coreness",0.3204,19
"gateway","transitivity",-0.32,18
"diffusion","distance_entropy",0.3193,19
"entropy_variation_betweenness","kreach",0.3192,4
"bridging","markov",0.3192,19
"delta_closeness","transitivity",-0.3191,18
"gilschmidt","transitivity",-0.3191,18
"harmonic","transitivity",-0.3187,18
"reaching_local","transitivity",-0.3186,18
"closeness_vitality","neighborhood_connectivity",0.318,19
"community_mediator","distance_entropy",0.3175,19
"geodesic_kpath","renewed_coreness",0.3167,19
"access_information","diversity",0.3165,5
"cross_clique","dmnc",0.3165,18
"harary","transitivity",-0.3164,18
"geodesic_kpath","kreach",0.3156,7
"participation","two_way_rw",0.3153,14
"distance_entropy","expected_influence_2",0.3152,19
"gateway","voterank_plus",0.3152,19
"bridging","communicability_betweenness",0.3147,19
"bridging","entropy_variation_degree",0.3147,19
"katz","modularity_vitality",-0.3147,19
"katz","neighborhood_connectivity",-0.3146,19
"diversity","entropy_variation_betweenness",0.314,3
"gateway","lac",0.3136,18
"gateway","redundancy",0.3136,18
"local_entropy","shapley_game2",-0.3133,19
"entropy_variation_degree","hub",0.3126,19
"distance_entropy","within_module_z",0.3124,19
"diversity","single_discount",0.3123,5
"diversity","voterank_plus",0.3123,5
"degree","transitivity",-0.3122,18
"expected_influence_1","transitivity",-0.3122,18
"strength","transitivity",-0.3122,18
"heatmap","local_efficiency",0.3121,18
"local_entropy","ncvoterank",-0.3118,19
"diversity","wvoterank",0.3117,5
"bridging","dmnc",-0.3115,18
"eccentricity","hub",-0.3114,18
"distance_entropy","expected",0.3108,19
"harary","modularity_vitality",-0.3108,19
"epc","flow_coefficient",0.3107,13
"flow_coefficient","local_dimension_fixed",-0.3104,18
"markov","modularity_vitality",-0.3103,19
"communicability_betweenness","flow_coefficient",0.3102,18
"closeness_vitality","flow_coefficient",-0.31,18
"second_order","shapley_game3",-0.3091,18
"diversity","voterank",0.3088,5
"communicability","entropy_variation_degree",0.3086,19
"bridging","ncvoterank",0.3074,19
"bridging","comm_centrality",0.3073,19
"community_based","participation",0.3072,19
"eigenvector","entropy_variation_degree",0.3067,19
"eccentricity","mnc",-0.3067,17
"participation","topological_coefficient",-0.3067,19
"clusterrank","communicability_betweenness",0.306,18
"entropy_variation_degree","local_efficiency",-0.306,18
"entropy_variation_degree","nonbacktracking",0.306,19
"modularity_vitality","random_walk",-0.3056,19
"comm_centrality","flow_coefficient",0.3055,18
"random_walk","transitivity",-0.3055,18
"distance_entropy","voterank",0.3055,19
"information","modularity_vitality",-0.3054,19
"current_flow_closeness","modularity_vitality",-0.3053,19
"hindex_strength","modularity_vitality",-0.3053,19
"lobby","modularity_vitality",-0.3053,19
"community_based","modularity_vitality",-0.3052,19
"information","transitivity",-0.3052,18
"centroid","modularity_vitality",-0.3051,19
"current_flow_closeness","transitivity",-0.305,18
"spanning_tree","transitivity",-0.3049,18
"bridging","epc",0.3048,14
"flow_coefficient","participation",0.3047,18
"constraint","modularity_vitality",0.3046,19
"hindex_strength","neighborhood_connectivity",-0.3045,19
"lobby","neighborhood_connectivity",-0.3045,19
"ego_betweenness","entropy",-0.3043,5
"local_information_dimension","ncvoterank",0.3042,19
"modularity_vitality","spanning_tree",-0.3037,19
"authority","entropy_variation_degree",0.3034,19
"flow_coefficient","local_dimension",-0.3027,18
"modularity_vitality","onion",-0.3021,19
"local_dimension","second_order",0.3019,19
"modularity_vitality","renewed_coreness",-0.3018,19
"dmnc","onion",0.3017,18
"effective_size","entropy",-0.301,5
"clusterrank","renewed_coreness",0.301,18
"gateway","local_dimension_fixed",-0.3008,19
"diffusion","entropy_variation_degree",0.2996,19
"local_dimension_fixed","transitivity",0.2996,18
"cross_clique","participation",0.2989,19
"coreness","eccentricity",-0.2985,18
"eccentricity","local_hindex",-0.2985,18
"eccentricity","s_core",-0.2985,18
"eccentricity","weighted_kshell",-0.2985,18
"flow_coefficient","fuzzy_local_dimension",0.2984,18
"shapley_game3","wvoterank",0.2977,18
"gateway","local_information_dimension",0.2976,19
"modularity_vitality","s_shell",-0.2972,19
"distance_entropy","diversity",0.2971,5
"distance_entropy","semilocal",0.2968,19
"coreness","participation",0.2967,19
"local_hindex","participation",0.2967,19
"participation","s_core",0.2967,19
"participation","weighted_kshell",0.2967,19
"closeness_vitality","distance_entropy",-0.2963,19
"kreach","modularity_vitality",-0.2962,7
"leverage","local_efficiency",-0.296,18
"enrenew","transitivity",-0.2955,18
"bridging","clusterrank",-0.2952,18
"coreness","geodesic_kpath",0.2952,19
"geodesic_kpath","local_hindex",0.2952,19
"geodesic_kpath","s_core",0.2952,19
"geodesic_kpath","weighted_kshell",0.2952,19
"kpath","neighborhood_connectivity",-0.2945,19
"distance_entropy","weighted_h_index",0.2944,19
"gateway","ncvoterank",0.2943,19
"distance_entropy","shapley_game2",0.2941,19
"bridging","community_based",0.294,19
"infection","neighborhood_connectivity",-0.2936,14
"distance_entropy","eccentricity",-0.2933,18
"markov","transitivity",-0.2932,18
"eccentricity","leverage",-0.2928,18
"flow_coefficient","gravity",0.2923,18
"bridging","neighborhood_connectivity",-0.2919,19
"local_information_dimension","voterank_plus",0.2916,19
"diversity","shapley_game1",0.2914,5
"entropy_variation_degree","expected_influence_2",0.291,19
"flow_coefficient","katz",0.2909,18
"shapley_game3","two_way_rw",0.2904,13
"communicability_betweenness","neighborhood_connectivity",-0.2903,19
"pagerank","second_order",-0.2898,19
"kreach","ncvoterank",0.2897,7
"eccentricity","wvoterank",-0.2895,18
"bridging","laplacian",0.2891,19
"entropy_variation_betweenness","gateway",0.2888,14
"bridging","gravity",0.2888,19
"geodesic_kpath","hide_information",-0.2887,19
"node_contraction","second_order",-0.2885,19
"distance_entropy","voterank_plus",0.2879,19
"fragmentation","local_efficiency",-0.2877,13
"laplacian","neighborhood_connectivity",-0.2877,19
"clusterrank","entropy",0.2876,5
"geodesic_kpath","local_volume_dimension",-0.2876,19
"dmnc","s_shell",0.2871,18
"closeness_vitality","transitivity",0.2871,18
"community_based","transitivity",-0.2867,18
"enrenew","kreach",0.2865,7
"clusterrank","markov",0.2862,18
"lac","shapley_game3",0.2862,17
"leverage","shapley_game3",0.2862,18
"redundancy","shapley_game3",0.2862,17
"eccentricity","shapley_game1",-0.285,18
"bridging","two_way_rw",0.284,14
"degree_discount","voterank",0.2839,19
"clusterrank","community_hub_bridge",0.2835,18
"flow_coefficient","laplacian",0.2833,18
"local_efficiency","voterank_plus",-0.2832,18
"entropy_variation_degree","expected",0.2828,19
"bridging","katz",0.2827,19
"community_hub_bridge","second_order",-0.2827,19
"gateway","single_discount",0.2818,19
"mnc","modularity_vitality",-0.2817,18
"leverage","participation",0.2814,19
"communicability_betweenness","transitivity",-0.2814,18
"entropy_variation_betweenness","lac",0.2794,13
"entropy_variation_betweenness","redundancy",0.2794,13
"bridging","collective_influence",0.2787,19
"degree","modularity_vitality",-0.2787,19
"expected_influence_1","modularity_vitality",-0.2787,19
"modularity_vitality","strength",-0.2787,19
"degree_discount","wvoterank",0.2785,19
"local_bridging","second_order",0.2783,19
"collective_influence","transitivity",-0.278,18
"community_hub_bridge","shapley_game3",0.2778,18
"flow_coefficient","kpath",0.2773,18
"bridging","kpath",0.2771,19
"average_distance","rumor",-0.2771,19
"barycenter","rumor",0.2771,19
"closeness","rumor",0.2771,19
"lin","rumor",0.2771,19
"radiality","rumor",0.2771,19
"rumor","wiener",-0.2771,19
"bridging","hindex_strength",0.2769,19
"bridging","lobby",0.2769,19
"clusterrank","community_based",0.2767,18
"effective_size","second_order",-0.2767,19
"diversity","eccentricity",-0.2766,5
"integration","rumor",0.2757,19
"flow_betweenness","second_order",-0.2757,19
"entropy_variation_degree","weighted_h_index",0.2757,19
"comm_centrality","modularity_vitality",-0.2756,19
"bottleneck","distance_entropy",0.2755,19
"bridging","semilocal",0.2755,19
"entropy_variation_degree","semilocal",0.2755,19
"participation","wvoterank",0.2753,19
"entropy_variation_betweenness","local_entropy",-0.2751,14
"infection","kreach",0.275,4
"distance_entropy","single_discount",0.2749,19
"participation","transitivity",-0.2747,18
"clusterrank","current_flow_closeness",0.2741,18
"collective_influence","participation",0.2741,19
"bridging","diffusion",0.274,19
"clusterrank","information",0.2739,18
"clusterrank","random_walk",0.2739,18
"bridging","enrenew",0.2738,19
"clusterrank","spanning_tree",0.2738,18
"entropy","shapley_game1",-0.2737,5
"fuzzy_local_dimension","modularity_vitality",-0.2735,19
"neighborhood_connectivity","onion",-0.2734,19
"bridging","expected_influence_2",0.2732,19
"bridging","expected",0.2714,19
"enrenew","shapley_game3",0.2714,18
"hub","neighborhood_connectivity",-0.27,19
"bridging","mnc",0.269,18
"kreach","single_discount",0.269,7
"participation","shapley_game1",0.2681,19
"eccentricity","infection",-0.2678,13
"degree_discount","voterank_plus",0.2675,19
"eccentricity","voterank",-0.2674,18
"entropy_variation_degree","lac",0.267,18
"entropy_variation_degree","redundancy",0.267,18
"communicability_betweenness","entropy",-0.2665,5
"shapley_game1","shapley_game3",0.2664,18
"eccentricity","voterank_plus",-0.2662,18
"shapley_game3","voterank",0.2661,18
"gateway","rumor",0.2655,19
"local_efficiency","ncvoterank",-0.2652,18
"local_efficiency","voterank",-0.2651,18
"clusterrank","harary",0.2649,18
"entropy","rumor",-0.2648,5
"bridging","shapley_game2",0.2647,19
"clusterrank","degree",0.2645,18
"clusterrank","expected_influence_1",0.2645,18
"clusterrank","strength",0.2645,18
"access_information","geodesic_kpath",-0.2644,19
"entropy","entropy_variation_betweenness",-0.2643,3
"eccentricity","flow_coefficient",-0.2643,17
"local_efficiency","wvoterank",-0.2636,18
"transitivity","two_way_rw",-0.2635,13
"second_order","stress",-0.2631,19
"eccentricity","enrenew",-0.2627,18
"eccentricity","second_order",0.2626,18
"fragmentation","modularity_vitality",-0.2624,14
"entropy","wvoterank",-0.2618,5
"community_hub_bridge","eccentricity",-0.2616,18
"local_dimension","participation",-0.2616,19
"neighborhood_connectivity","subgraph",-0.2616,19
"eccentricity","two_way_rw",-0.2615,13
"flow_coefficient","hindex_strength",0.2612,18
"flow_coefficient","lobby",0.2612,18
"distance_entropy","fuzzy_local_dimension",0.261,19
"bridging","single_discount",0.2608,19
"bridging","local_entropy",-0.2602,19
"clusterrank","reaching_local",0.2597,18
"clusterrank","harmonic",0.2596,18
"flow_coefficient","mnc",0.2592,18
"kreach","two_way_rw",0.2592,4
"entropy_variation_degree","local_volume_dimension",-0.2591,19
"clusterrank","delta_closeness",0.259,18
"clusterrank","gilschmidt",0.259,18
"clusterrank","comm_centrality",0.2589,18
"bridging","weighted_h_index",0.2589,19
"diversity","ncvoterank",0.2586,5
"local_dimension","transitivity",0.2577,18
"comm_centrality","transitivity",-0.2574,18
"participation","rumor",0.2567,19
"entropy_variation_betweenness","local_information_dimension",0.2562,14
"modularity_vitality","node_contraction_improved",-0.256,14
"shapley_game3","voterank_plus",0.2558,18
"bridging","fuzzy_local_dimension",0.2557,19
"bottleneck","modularity_vitality",-0.2556,19
"dmnc","hindex_strength",0.2548,18
"dmnc","lobby",0.2548,18
"modularity_vitality","stress",-0.2545,19
"entropy","local_efficiency",0.2543,5
"effective_size","modularity_vitality",-0.2543,19
"authority","bridging",0.2535,19
"entropy","within_module_z",-0.253,5
"fuzzy_local_dimension","transitivity",-0.2523,18
"bridging","rumor",0.2521,19
"cross_clique","modularity_vitality",-0.2518,19
"clusterrank","dangalchev",0.2512,18
"clusterrank","decay",0.2512,18
"clusterrank","generalized_closeness",0.2512,18
"clusterrank","residual_closeness",0.2512,18
"entropy","neighborhood_connectivity",0.2509,5
"dangalchev","rumor",0.2509,19
"decay","rumor",0.2509,19
"generalized_closeness","rumor",0.2509,19
"residual_closeness","rumor",0.2509,19
"bridging","renewed_coreness",0.2507,19
"entropy","leverage",-0.2505,5
"local_efficiency","node_contraction",-0.2504,18
"community_hub_bridge","flow_coefficient",0.2501,18
"geodesic_kpath","local_entropy",-0.25,19
"epc","transitivity",-0.25,13
"flow_coefficient","renewed_coreness",0.2499,18
"coreness","modularity_vitality",-0.2497,19
"local_hindex","modularity_vitality",-0.2497,19
"modularity_vitality","s_core",-0.2497,19
"modularity_vitality","weighted_kshell",-0.2497,19
"bridging","communicability",0.2496,19
"entropy","renewed_coreness",-0.2496,5
"bottleneck","rumor",0.2495,19
"clusterrank","fuzzy_local_dimension",0.2493,18
"participation","voterank",0.2488,19
"neighborhood_connectivity","nonbacktracking",-0.2486,19
"bridging","eigenvector",0.2484,19
"community_mediator","local_efficiency",-0.2476,18
"eigenvector","neighborhood_connectivity",-0.2472,19
"enrenew","participation",0.2469,19
"geodesic_kpath","weighted_h_index",0.2467,19
"access_information","lac",0.2466,18
"access_information","redundancy",0.2466,18
"communicability","neighborhood_connectivity",-0.2464,19
"local_efficiency","within_module_z",-0.2464,18
"bridging","within_module_z",0.2463,19
"distance_entropy","ncvoterank",0.246,19
"heatmap","second_order",0.246,19
"bridging","nonbacktracking",0.2459,19
"eccentricity","transitivity",0.2452,17
"ego_betweenness","second_order",-0.2445,19
"diffusion","flow_coefficient",0.2442,18
"closeness_vitality","clusterrank",-0.2438,18
"ego_betweenness","modularity_vitality",-0.2435,19
"access_information","within_module_z",0.2433,19
"authority","neighborhood_connectivity",-0.2432,19
"gravity","transitivity",-0.2429,18
"constraint","geodesic_kpath",-0.2428,19
"katz","transitivity",-0.2426,18
"rumor","stress",0.2425,19
"fragmentation","rumor",0.2423,14
"expected","geodesic_kpath",0.2422,19
"gateway","shapley_game2",0.2422,19
"eccentricity","within_module_z",-0.242,18
"geodesic_kpath","semilocal",0.2418,19
"communicability","flow_coefficient",0.2409,18
"expected_influence_2","flow_coefficient",0.2406,18
"entropy","shapley_game3",-0.24,5
"authority","flow_coefficient",0.2395,18
"access_information","dmnc",0.239,18
"flow_coefficient","hub",0.239,18
"eigenvector","flow_coefficient",0.2389,18
"expected_influence_2","geodesic_kpath",0.2387,19
"bottleneck","eccentricity",-0.2386,18
"modularity_vitality","pagerank",-0.2386,19
"communicability","geodesic_kpath",0.2382,19
"diffusion","geodesic_kpath",0.2381,19
"eigenvector","geodesic_kpath",0.2379,19
"flow_coefficient","semilocal",0.2377,18
"local_dimension_fixed","local_efficiency",0.2375,18
"diversity","second_order",-0.2373,5
"diversity","rumor",0.2372,5
"expected","flow_coefficient",0.237,18
"distance_entropy","local_entropy",-0.2363,19
"centroid","local_efficiency",-0.2362,18
"geodesic_kpath","hindex_strength",0.2361,19
"geodesic_kpath","lobby",0.2361,19
"local_bridging","modularity_vitality",0.2361,19
"epc","modularity_vitality",-0.236,14
"bottleneck","shapley_game3",0.2359,18
"degree_discount","shapley_game1",0.2358,19
"bridging","subgraph",0.2357,19
"local_efficiency","pagerank",-0.2355,18
"modularity_vitality","shapley_game3",-0.2351,18
"laplacian","transitivity",-0.2349,18
"authority","geodesic_kpath",0.2345,19
"distance_entropy","geodesic_kpath",0.2344,19
"heatmap","rumor",-0.2339,19
"harmonic","rumor",0.2335,19
"reaching_local","rumor",0.2335,19
"local_volume_dimension","shapley_game3",-0.2335,18
"distance_entropy","local_volume_dimension",-0.2334,19
"flow_coefficient","subgraph",0.2332,18
"dmnc","local_entropy",-0.2327,18
"geodesic_kpath","hub",0.2324,19
"local_information_dimension","participation",0.2319,19
"modularity_vitality","node_contraction",-0.2316,19
"flow_betweenness","local_efficiency",-0.2314,18
"delta_closeness","rumor",0.2314,19
"gilschmidt","rumor",0.2314,19
"hide_information","local_efficiency",0.2311,18
"flow_coefficient","shapley_game3",0.231,17
"entropy","node_contraction",-0.2308,5
"entropy_variation_degree","local_information_dimension",0.2307,19
"entropy","ncvoterank",-0.2305,5
"dmnc","nonbacktracking",0.2305,18
"length_scaled_betweenness","modularity_vitality",-0.2301,19
"betweenness","modularity_vitality",-0.23,19
"modularity_vitality","percolation",-0.23,19
"dmnc","subgraph",0.2296,18
"eccentricity","lac",-0.2295,17
"eccentricity","redundancy",-0.2295,17
"dmnc","infection",0.2294,13
"local_bridging","local_efficiency",0.2292,18
"diffusion","neighborhood_connectivity",-0.2292,19
"geodesic_kpath","subgraph",0.229,19
"access_information","two_way_rw",0.229,14
"flow_coefficient","nonbacktracking",0.2288,18
"access_information","modularity_vitality",0.2287,19
"renewed_coreness","transitivity",-0.2286,18
"kpath","transitivity",-0.2283,18
"participation","voterank_plus",0.2282,19
"shapley_game3","within_module_z",0.2282,18
"load","modularity_vitality",-0.2279,19
"clusterrank","integration",0.2278,18
"kreach","lac",0.2278,6
"delta_betweenness","modularity_vitality",-0.2278,19
"kreach","redundancy",0.2278,6
"local_efficiency","node_contraction_improved",-0.2274,13
"heatmap","modularity_vitality",0.2264,19
"distance_entropy","entropy",-0.2262,5
"average_distance","clusterrank",-0.2261,18
"barycenter","clusterrank",0.2261,18
"closeness","clusterrank",0.2261,18
"clusterrank","lin",0.2261,18
"clusterrank","radiality",0.2261,18
"clusterrank","wiener",-0.2261,18
"flow_coefficient","weighted_h_index",0.2259,18
"clusterrank","local_dimension",-0.2253,18
"closeness_vitality","diversity",-0.2246,5
"degree_discount","two_way_rw",0.2238,14
"bottleneck","second_order",-0.2236,19
"entropy","voterank",-0.2234,5
"entropy_variation_betweenness","participation",0.2233,14
"local_information_dimension","modularity_vitality",-0.2232,19
"dmnc","expected",0.2231,18
"local_dimension","modularity_vitality",0.2231,19
"bridging","onion",0.223,19
"rumor","voterank_plus",0.223,19
"geodesic_kpath","nonbacktracking",0.2227,19
"access_information","second_order",0.2225,19
"geodesic_kpath","random_walk",0.2221,19
"fuzzy_local_dimension","shapley_game3",0.222,18
"geodesic_kpath","information",0.2219,19
"current_flow_betweenness","second_order",-0.2214,19
"geodesic_kpath","spanning_tree",0.2212,19
"geodesic_kpath","second_order",-0.2211,19
"expected_influence_2","neighborhood_connectivity",-0.2208,19
"current_flow_closeness","geodesic_kpath",0.2206,19
"flow_betweenness","modularity_vitality",-0.2206,19
"local_efficiency","single_discount",-0.2205,18
"authority","dmnc",0.2204,18
"dmnc","eigenvector",0.22,18
"dmnc","hub",0.2199,18
"lac","modularity_vitality",-0.2199,18
"modularity_vitality","redundancy",-0.2199,18
"dmnc","expected_influence_2",0.2195,18
"geodesic_kpath","local_dimension",-0.2194,19
"entropy_variation_betweenness","geodesic_kpath",0.2191,14
"centroid","rumor",0.2191,19
"diffusion","dmnc",0.2189,18
"clusterrank","local_information_dimension",0.2189,18
"bridging","community_hub_bridge",0.2188,19
"rumor","topological_coefficient",-0.2188,19
"communicability","dmnc",0.2186,18
"lac","participation",0.2184,18
"participation","redundancy",0.2184,18
"dmnc","weighted_h_index",0.2184,18
"geodesic_kpath","kpath",0.2183,19
"entropy","pagerank",-0.2182,5
"community_mediator","rumor",0.2182,19
"modularity_vitality","rumor",-0.2182,19
"clusterrank","epc",0.218,13
"access_information","participation",-0.218,19
"eccentricity","single_discount",-0.2179,18
"geodesic_kpath","laplacian",0.2177,19
"entropy","power",0.2175,4
"bridging","s_shell",0.2173,19
"communicability_betweenness","geodesic_kpath",0.2172,19
"bridging","infection",0.2169,14
"epc","geodesic_kpath",0.2166,14
"local_dimension_fixed","second_order",0.2161,19
"rumor","wvoterank",0.2159,19
"bridging","hub",0.2157,19
"harary","rumor",0.2157,19
"alpha","entropy",0.2155,4
"ncvoterank","shapley_game3",0.2155,18
"dmnc","mnc",0.2153,18
"dmnc","semilocal",0.2152,18
"communicability_betweenness","rumor",0.2151,19
"shapley_game3","single_discount",0.215,18
"centroid","clusterrank",0.2149,18
"average_distance","local_efficiency",0.2148,18
"barycenter","local_efficiency",-0.2148,18
"closeness","local_efficiency",-0.2148,18
"lin","local_efficiency",-0.2148,18
"local_efficiency","radiality",-0.2148,18
"local_efficiency","wiener",0.2148,18
"geodesic_kpath","markov",0.2142,19
"access_information","entropy_variation_degree",0.2133,19
"bottleneck","degree_discount",0.2129,19
"ncvoterank","participation",0.2129,19
"ncvoterank","rumor",0.2129,19
"collective_influence","geodesic_kpath",0.2127,19
"expected","neighborhood_connectivity",-0.2124,19
"entropy","gateway",-0.2123,5
"degree_discount","leverage",0.2122,19
"ego_betweenness","rumor",0.2122,19
"geodesic_kpath","onion",0.2117,19
"betweenness","rumor",0.2117,19
"percolation","rumor",0.2117,19
"degree_discount","geodesic_kpath",-0.2115,19
"clusterrank","hide_information",-0.2115,18
"dmnc","local_volume_dimension",-0.2114,18
"load","rumor",0.2111,19
"closeness_vitality","local_efficiency",0.2109,18
"average_distance","entropy",0.2108,5
"barycenter","entropy",-0.2108,5
"closeness","entropy",-0.2108,5
"entropy","lin",-0.2108,5
"entropy","radiality",-0.2108,5
"delta_betweenness","second_order",-0.2108,19
"enrenew","second_order",-0.2108,19
"entropy","wiener",0.2108,5
"bridging","local_dimension",-0.2105,19
"length_scaled_betweenness","rumor",0.2103,19
"degree_discount","transitivity",-0.2096,18
"geodesic_kpath","katz",0.2095,19
"integration","local_efficiency",-0.2093,18
"length_scaled_betweenness","second_order",-0.209,19
"dmnc","entropy",0.2087,5
"geodesic_kpath","rumor",-0.2078,19
"bridging","modularity_vitality",-0.2076,19
"flow_coefficient","rumor",0.2076,18
"dmnc","neighborhood_connectivity",0.2074,18
"degree_discount","within_module_z",0.2072,19
"clusterrank","neighborhood_connectivity",0.207,18
"rumor","voterank",0.2068,19
"degree_discount","local_dimension_fixed",-0.2063,19
"entropy_variation_degree","gateway",0.2062,19
"percolation","second_order",-0.2061,19
"betweenness","second_order",-0.206,19
"entropy","integration",-0.2058,5
"current_flow_betweenness","modularity_vitality",-0.2057,19
"degree_discount","topological_coefficient",-0.2054,19
"infection","modularity_vitality",-0.2052,14
"bridging","local_dimension_fixed",-0.2051,19
"delta_betweenness","rumor",0.2051,19
"local_dimension_fixed","participation",-0.2045,19
"eccentricity","ncvoterank",-0.2043,18
"fuzzy_local_dimension","geodesic_kpath",0.2041,19
"gateway","local_efficiency",-0.2039,18
"neighborhood_connectivity","semilocal",-0.2037,19
"load","second_order",-0.2032,19
"flow_coefficient","local_volume_dimension",-0.2026,18
"flow_coefficient","local_information_dimension",0.2024,18
"eccentricity","entropy_variation_betweenness",-0.2021,13
"dangalchev","local_efficiency",-0.2019,18
"decay","local_efficiency",-0.2019,18
"generalized_closeness","local_efficiency",-0.2019,18
"local_efficiency","residual_closeness",-0.2019,18
"lac","neighborhood_connectivity",-0.2015,18
"neighborhood_connectivity","redundancy",-0.2015,18
"neighborhood_connectivity","renewed_coreness",-0.2009,19
"shapley_game3","transitivity",-0.2001,17
"centroid","entropy",-0.1998,5
"dmnc","renewed_coreness",0.1998,18
"distance_entropy","rumor",-0.1996,19
"access_information","single_discount",0.1991,19
"dangalchev","entropy",-0.199,5
"decay","entropy",-0.199,5
"entropy","generalized_closeness",-0.199,5
"entropy","residual_closeness",-0.199,5
"bridging","local_information_dimension",0.1988,19
"flow_coefficient","s_shell",0.1983,18
"local_volume_dimension","neighborhood_connectivity",0.198,19
"participation","single_discount",0.1974,19
"closeness_vitality","rumor",-0.1971,19
"access_information","enrenew",0.1969,19
"community_mediator","entropy",-0.1968,5
"access_information","community_hub_bridge",0.1965,19
"rumor","transitivity",-0.1965,18
"flow_coefficient","onion",0.1964,18
"dmnc","kpath",0.1963,18
"degree_discount","flow_coefficient",0.1958,18
"community_hub_bridge","transitivity",-0.1956,18
"harmonic","local_efficiency",-0.1952,18
"local_efficiency","reaching_local",-0.1952,18
"dmnc","gravity",0.195,18
"effective_size","rumor",0.1949,19
"mnc","transitivity",-0.1948,18
"delta_closeness","local_efficiency",-0.1947,18
"gilschmidt","local_efficiency",-0.1947,18
"bridging","cross_clique",0.1945,19
"gateway","within_module_z",0.1941,19
"geodesic_kpath","infection",0.1939,14
"coreness","neighborhood_connectivity",-0.1933,19
"local_hindex","neighborhood_connectivity",-0.1933,19
"neighborhood_connectivity","s_core",-0.1933,19
"neighborhood_connectivity","weighted_kshell",-0.1933,19
"flow_coefficient","infection",0.1932,13
"kreach","local_dimension",-0.193,7
"geodesic_kpath","gravity",0.1928,19
"node_contraction_improved","rumor",0.1921,14
"diffusion","transitivity",-0.1915,18
"dmnc","katz",0.1914,18
"clusterrank","local_dimension_fixed",-0.1914,18
"neighborhood_connectivity","weighted_h_index",-0.1912,19
"kreach","local_efficiency",-0.191,6
"harary","local_efficiency",-0.1906,18
"rumor","semilocal",0.1906,19
"degree_discount","local_efficiency",-0.1905,18
"bridging","local_volume_dimension",-0.1905,19
"dmnc","laplacian",0.1904,18
"second_order","two_way_rw",-0.1904,14
"entropy_variation_degree","kreach",0.1898,7
"community_hub_bridge","gateway",0.1897,19
"entropy","local_bridging",0.1897,5
"semilocal","transitivity",-0.1893,18
"expected","rumor",0.1887,19
"expected_influence_2","transitivity",-0.1883,18
"enrenew","local_efficiency",-0.1881,18
"expected_influence_2","rumor",0.1876,19
"communicability","transitivity",-0.1875,18
"degree_discount","enrenew",0.1872,19
"diffusion","rumor",0.1869,19
"access_information","cross_clique",0.1867,19
"laplacian","rumor",0.1866,19
"current_flow_betweenness","rumor",0.1862,19
"degree","local_efficiency",-0.1861,18
"expected_influence_1","local_efficiency",-0.1861,18
"local_efficiency","strength",-0.1861,18
"collective_influence","second_order",-0.1859,19
"flow_coefficient","local_entropy",-0.1851,18
"bridging","coreness",0.1849,19
"bridging","local_hindex",0.1849,19
"bridging","s_core",0.1849,19
"bridging","weighted_kshell",0.1849,19
"degree_discount","dmnc",-0.1848,18
"authority","transitivity",-0.1848,18
"current_flow_closeness","local_efficiency",-0.1847,18
"local_efficiency","random_walk",-0.1847,18
"information","local_efficiency",-0.1845,18
"local_efficiency","spanning_tree",-0.1845,18
"hub","transitivity",-0.1845,18
"eigenvector","transitivity",-0.1843,18
"node_contraction","rumor",0.1842,19
"expected","transitivity",-0.1842,18
"eccentricity","modularity_vitality",0.1838,18
"access_information","voterank",0.1837,19
"local_entropy","rumor",-0.1836,19
"clusterrank","enrenew",0.1833,18
"leverage","second_order",-0.1833,19
"community_based","geodesic_kpath",0.1831,19
"hindex_strength","transitivity",-0.1829,18
"lobby","transitivity",-0.1829,18
"degree","geodesic_kpath",0.1825,19
"expected_influence_1","geodesic_kpath",0.1825,19
"geodesic_kpath","strength",0.1825,19
"local_efficiency","participation",-0.1824,18
"entropy","single_discount",-0.182,5
"entropy_variation_degree","local_entropy",-0.1816,19
"rumor","weighted_h_index",0.1816,19
"clusterrank","pagerank",0.1813,18
"degree_discount","entropy_variation_degree",0.1812,19
"access_information","local_efficiency",0.1809,18
"kpath","rumor",0.1798,19
"eccentricity","entropy_variation_degree",-0.1795,18
"cross_clique","flow_coefficient",0.1795,18
"community_mediator","geodesic_kpath",0.1792,19
"local_efficiency","two_way_rw",-0.1783,13
"eccentricity","local_efficiency",0.1782,17
"access_information","node_contraction_improved",0.1782,14
"clusterrank","local_bridging",-0.1771,18
"diversity","power",-0.1769,4
"alpha","diversity",-0.1768,4
"degree_discount","effective_size",0.1758,19
"subgraph","transitivity",-0.1758,18
"degree_discount","ego_betweenness",0.175,19
"local_efficiency","markov",-0.1746,18
"access_information","kreach",-0.1741,7
"community_hub_bridge","modularity_vitality",-0.1735,19
"access_information","topological_coefficient",-0.1734,19
"rumor","single_discount",0.1729,19
"participation","shapley_game2",0.1727,19
"transitivity","weighted_h_index",-0.1727,18
"delta_closeness","entropy",-0.172,5
"entropy","gilschmidt",-0.172,5
"kreach","power",-0.1719,6
"access_information","voterank_plus",0.1717,19
"alpha","kreach",-0.1714,6
"rumor","second_order",-0.1713,19
"access_information","shapley_game1",0.1712,19
"entropy","participation",-0.1707,5
"entropy","harmonic",-0.1703,5
"entropy","reaching_local",-0.1703,5
"communicability","rumor",0.1701,19
"clusterrank","distance_entropy",0.1699,18
"access_information","ncvoterank",0.1699,19
"degree_discount","delta_betweenness",0.1698,19
"access_information","wvoterank",0.1695,19
"access_information","epc",0.1694,14
"random_walk","rumor",0.1692,19
"authority","rumor",0.1689,19
"information","rumor",0.1689,19
"dmnc","rumor",-0.1688,18
"distance_entropy","flow_coefficient",0.1686,18
"comm_centrality","geodesic_kpath",0.1686,19
"modularity_vitality","wvoterank",-0.1686,19
"rumor","spanning_tree",0.1685,19
"dmnc","geodesic_kpath",0.1683,18
"markov","rumor",0.1683,19
"clusterrank","community_mediator",0.1681,18
"katz","rumor",0.1681,19
"current_flow_closeness","rumor",0.1679,19
"flow_betweenness","rumor",0.1679,19
"access_information","leverage",0.1678,19
"eigenvector","rumor",0.1678,19
"degree_discount","length_scaled_betweenness",0.1677,19
"degree_discount","load",0.1675,19
"epc","local_efficiency",-0.1675,13
"entropy","harary",-0.1673,5
"constraint","rumor",-0.1673,19
"degree_discount","flow_betweenness",0.1672,19
"neighborhood_connectivity","s_shell",-0.167,19
"local_dimension_fixed","modularity_vitality",0.1669,19
"access_information","neighborhood_connectivity",-0.1668,19
"eccentricity","shapley_game2",-0.1668,18
"geodesic_kpath","node_contraction_improved",0.1662,14
"community_hub_bridge","dmnc",0.1661,18
"access_information","mnc",0.1661,18
"distance_entropy","dmnc",0.1657,18
"coreness","flow_coefficient",0.1657,18
"flow_coefficient","local_hindex",0.1657,18
"flow_coefficient","s_core",0.1657,18
"flow_coefficient","weighted_kshell",0.1657,18
"clusterrank","node_contraction",0.1654,18
"betweenness","degree_discount",0.1653,19
"community_based","local_efficiency",-0.1652,18
"degree_discount","percolation",0.1652,19
"eccentricity","local_dimension_fixed",0.1636,18
"leverage","modularity_vitality",-0.1636,19
"local_information_dimension","neighborhood_connectivity",-0.1634,19
"alpha","transitivity",0.1633,17
"modularity_vitality","two_way_rw",-0.1632,14
"pagerank","rumor",0.1629,19
"access_information","transitivity",0.1629,18
"enrenew","entropy",-0.1628,5
"nonbacktracking","transitivity",-0.1624,18
"cross_clique","geodesic_kpath",0.1617,19
"modularity_vitality","transitivity",0.1615,18
"communicability_betweenness","dmnc",0.1608,18
"gravity","rumor",0.1605,19
"collective_influence","local_efficiency",-0.1604,18
"access_information","heatmap",-0.1592,19
"second_order","wvoterank",-0.159,19
"enrenew","modularity_vitality",-0.1588,19
"degree_discount","node_contraction",0.1586,19
"flow_coefficient","modularity_vitality",-0.1583,18
"rumor","subgraph",0.1583,19
"alpha","flow_coefficient",-0.1582,17
"clusterrank","flow_betweenness",0.1579,18
"geodesic_kpath","local_information_dimension",0.1575,19
"modularity_vitality","shapley_game2",-0.1573,19
"degree_discount","local_bridging",-0.1572,19
"centroid","geodesic_kpath",0.1571,19
"current_flow_betweenness","degree_discount",0.1568,19
"local_information_dimension","transitivity",-0.1564,18
"degree_discount","local_dimension",-0.1557,19
"degree","rumor",0.1554,19
"expected_influence_1","rumor",0.1554,19
"rumor","strength",0.1554,19
"collective_influence","entropy",-0.1551,5
"modularity_vitality","shapley_game1",-0.1551,19
"clusterrank","node_contraction_improved",0.1544,13
"degree","entropy",-0.1543,5
"entropy","expected_influence_1",-0.1543,5
"entropy","strength",-0.1543,5
"geodesic_kpath","harary",0.1542,19
"power","transitivity",0.1541,17
"entropy","flow_betweenness",-0.1535,5
"alpha","length_scaled_betweenness",-0.1534,18
"entropy","second_order",-0.1533,5
"alpha","percolation",-0.1531,18
"alpha","betweenness",-0.153,18
"comm_centrality","dmnc",0.1527,18
"alpha","load",-0.1527,18
"communicability_betweenness","local_efficiency",-0.1526,18
"degree","dmnc",0.1521,18
"dmnc","expected_influence_1",0.1521,18
"dmnc","strength",0.1521,18
"hub","rumor",0.1519,19
"dmnc","epc",0.1517,13
"clusterrank","collective_influence",0.1516,18
"gateway","geodesic_kpath",0.1515,19
"alpha","delta_betweenness",-0.1511,18
"alpha","bridging",-0.151,18
"access_information","local_bridging",-0.1508,19
"community_based","entropy",-0.1504,5
"clusterrank","degree_discount",-0.15,18
"dmnc","second_order",-0.15,18
"entropy","hide_information",0.1498,5
"nonbacktracking","rumor",0.1494,19
"alpha","topological_coefficient",0.1494,18
"length_scaled_betweenness","power",-0.1491,18
"community_based","rumor",0.1491,19
"flow_coefficient","power",-0.149,17
"percolation","power",-0.149,18
"diversity","entropy",-0.1489,5
"betweenness","power",-0.1489,18
"gateway","neighborhood_connectivity",-0.1487,19
"load","power",-0.1484,18
"access_information","gateway",-0.1482,19
"geodesic_kpath","harmonic",0.1482,19
"lac","local_efficiency",0.1482,18
"geodesic_kpath","reaching_local",0.1482,19
"local_efficiency","redundancy",0.1482,18
"degree_discount","kreach",-0.148,7
"dmnc","markov",0.1479,18
"community_based","dmnc",0.1475,18
"delta_closeness","geodesic_kpath",0.1475,19
"geodesic_kpath","gilschmidt",0.1475,19
"access_information","onion",0.147,19
"bridging","power",-0.147,18
"delta_betweenness","power",-0.147,18
"power","topological_coefficient",0.1469,18
"alpha","stress",-0.1463,18
"access_information","fragmentation",0.146,14
"local_volume_dimension","transitivity",0.1459,18
"local_dimension","local_efficiency",0.1456,18
"modularity_vitality","voterank",-0.1456,19
"degree_discount","heatmap",-0.1455,19
"comm_centrality","local_efficiency",-0.1452,18
"hide_information","rumor",-0.1452,19
"geodesic_kpath","participation",0.1441,19
"local_information_dimension","rumor",0.1441,19
"local_information_dimension","shapley_game3",0.1434,18
"power","stress",-0.1434,18
"geodesic_kpath","pagerank",0.1431,19
"access_information","node_contraction",0.1425,19
"local_bridging","rumor",-0.1424,19
"s_shell","transitivity",-0.1417,18
"shapley_game2","shapley_game3",0.1416,18
"entropy_variation_degree","shapley_game3",0.1413,18
"clusterrank","entropy_variation_degree",-0.1407,18
"geodesic_kpath","local_dimension_fixed",-0.1397,19
"ego_betweenness","geodesic_kpath",0.1393,19
"current_flow_closeness","entropy",-0.1392,5
"neighborhood_connectivity","second_order",-0.1392,19
"entropy_variation_betweenness","shapley_game3",0.1387,13
"local_dimension_fixed","shapley_game3",-0.1387,18
"effective_size","geodesic_kpath",0.1383,19
"alpha","heatmap",0.1383,18
"local_entropy","transitivity",0.1381,18
"entropy","markov",-0.1379,5
"dmnc","random_walk",0.1379,18
"dmnc","information",0.1378,18
"entropy","spanning_tree",-0.1377,5
"current_flow_closeness","dmnc",0.1376,18
"dmnc","spanning_tree",0.1376,18
"entropy","random_walk",-0.1375,5
"entropy","information",-0.1372,5
"heatmap","power",0.1371,18
"second_order","voterank",-0.1371,19
"second_order","single_discount",-0.1361,19
"access_information","flow_betweenness",0.1359,19
"bottleneck","geodesic_kpath",0.1358,19
"degree_discount","entropy_variation_betweenness",0.1355,14
"fuzzy_local_dimension","local_efficiency",-0.1355,18
"community_hub_bridge","entropy",-0.1353,5
"geodesic_kpath","local_bridging",-0.1348,19
"second_order","shapley_game1",-0.1348,19
"comm_centrality","rumor",0.1337,19
"degree_discount","pagerank",0.1336,19
"entropy","fuzzy_local_dimension",-0.1334,5
"access_information","pagerank",0.1333,19
"degree_discount","stress",0.133,19
"dangalchev","geodesic_kpath",0.1329,19
"decay","geodesic_kpath",0.1329,19
"generalized_closeness","geodesic_kpath",0.1329,19
"geodesic_kpath","residual_closeness",0.1329,19
"access_information","degree",0.1327,19
"access_information","expected_influence_1",0.1327,19
"access_information","strength",0.1327,19
"collective_influence","dmnc",0.132,18
"fuzzy_local_dimension","rumor",0.1318,19
"alpha","current_flow_betweenness",-0.1315,18
"dmnc","harary",0.1313,18
"local_efficiency","rumor",-0.131,18
"access_information","infection",0.1307,14
"entropy_variation_degree","participation",0.1304,19
"gravity","local_efficiency",-0.129,18
"alpha","fragmentation",-0.1287,14
"degree_discount","entropy",-0.1286,5
"power","voterank_plus",-0.1286,18
"bottleneck","dmnc",-0.1284,18
"dmnc","ego_betweenness",-0.1284,18
"betweenness","dmnc",-0.1283,18
"dmnc","percolation",-0.1283,18
"fragmentation","power",-0.1283,14
"alpha","bottleneck",-0.1278,18
"current_flow_betweenness","power",-0.1278,18
"access_information","local_dimension",-0.1277,19
"alpha","voterank_plus",-0.1276,18
"alpha","local_efficiency",0.1271,17
"modularity_vitality","ncvoterank",-0.1271,19
"dmnc","load",-0.1265,18
"clusterrank","geodesic_kpath",0.1262,18
"dmnc","fuzzy_local_dimension",0.1261,18
"katz","local_efficiency",-0.1261,18
"rumor","shapley_game1",0.1261,19
"fragmentation","geodesic_kpath",0.1256,14
"access_information","clusterrank",0.1249,18
"alpha","constraint",0.1247,18
"alpha","wvoterank",-0.1247,18
"access_information","coreness",0.1243,19
"access_information","local_hindex",0.1243,19
"access_information","s_core",0.1243,19
"access_information","weighted_kshell",0.1243,19
"distance_entropy","transitivity",-0.124,18
"access_information","community_based",0.1238,19
"alpha","ego_betweenness",-0.1238,18
"mnc","rumor",0.1238,18
"power","wvoterank",-0.1238,18
"bottleneck","power",-0.1237,18
"delta_closeness","dmnc",0.1236,18
"dmnc","gilschmidt",0.1236,18
"dmnc","reaching_local",0.1233,18
"dmnc","harmonic",0.1232,18
"entropy","node_contraction_improved",-0.1232,3
"degree_discount","node_contraction_improved",0.123,14
"community_hub_bridge","degree_discount",0.1229,19
"degree_discount","fuzzy_local_dimension",0.1228,19
"distance_entropy","shapley_game3",0.1228,18
"degree","degree_discount",0.1225,19
"degree_discount","expected_influence_1",0.1225,19
"degree_discount","strength",0.1225,19
"alpha","effective_size",-0.1221,18
"cross_clique","rumor",0.122,19
"bridging","distance_entropy",0.1214,19
"modularity_vitality","topological_coefficient",0.1205,19
"dmnc","local_dimension",-0.1204,18
"onion","transitivity",-0.1202,18
"alpha","leverage",-0.1201,18
"community_hub_bridge","geodesic_kpath",0.1199,19
"laplacian","local_efficiency",-0.1199,18
"constraint","power",0.1198,18
"dmnc","shapley_game2",-0.1198,18
"clusterrank","modularity_vitality",-0.1195,18
"leverage","rumor",0.1194,19
"access_information","hindex_strength",0.1192,19
"access_information","lobby",0.1192,19
"dmnc","length_scaled_betweenness",-0.1191,18
"ego_betweenness","power",-0.1189,18
"alpha","voterank",-0.1189,18
"effective_size","power",-0.118,18
"power","voterank",-0.118,18
"access_information","harary",0.1178,19
"alpha","shapley_game1",-0.1178,18
"local_efficiency","power",0.1172,17
"alpha","clusterrank",0.1171,17
"clusterrank","rumor",-0.117,18
"rumor","two_way_rw",0.1169,14
"geodesic_kpath","modularity_vitality",-0.1168,19
"geodesic_kpath","mnc",0.1166,18
"leverage","power",-0.1166,18
"current_flow_betweenness","geodesic_kpath",0.1162,19
"kreach","neighborhood_connectivity",0.1162,7
"community_based","degree_discount",0.116,19
"entropy","katz",-0.1159,5
"access_information","distance_entropy",0.1156,19
"second_order","topological_coefficient",0.1155,19
"average_distance","geodesic_kpath",-0.1154,19
"barycenter","geodesic_kpath",0.1154,19
"closeness","geodesic_kpath",0.1154,19
"geodesic_kpath","lin",0.1154,19
"geodesic_kpath","radiality",0.1154,19
"geodesic_kpath","wiener",-0.1154,19
"local_efficiency","renewed_coreness",-0.1152,18
"delta_betweenness","dmnc",-0.1149,18
"dangalchev","dmnc",0.1145,18
"decay","dmnc",0.1145,18
"dmnc","generalized_closeness",0.1145,18
"dmnc","residual_closeness",0.1145,18
"power","shapley_game1",-0.1144,18
"entropy","laplacian",-0.1143,5
"modularity_vitality","single_discount",-0.1143,19
"flow_betweenness","geodesic_kpath",0.1142,19
"access_information","gravity",0.114,19
"local_dimension","shapley_game3",-0.1138,18
"power","shapley_game3",-0.1133,17
"kpath","local_efficiency",-0.1132,18
"dmnc","local_information_dimension",0.113,18
"geodesic_kpath","integration",0.1127,19
"local_efficiency","modularity_vitality",0.1127,18
"alpha","dmnc",0.1125,17
"degree_discount","diversity",-0.1124,5
"cross_clique","transitivity",-0.1119,18
"collective_influence","modularity_vitality",-0.1115,19
"geodesic_kpath","node_contraction",0.1114,19
"access_information","degree_discount",0.1112,19
"power","rumor",-0.1112,18
"centroid","degree_discount",0.1111,19
"access_information","flow_coefficient",-0.1106,18
"average_distance","power",0.1105,18
"barycenter","power",-0.1105,18
"closeness","power",-0.1105,18
"lin","power",-0.1105,18
"power","radiality",-0.1105,18
"power","wiener",0.1105,18
"local_volume_dimension","rumor",-0.1104,19
"alpha","ncvoterank",-0.1102,18
"local_efficiency","shapley_game3",-0.11,17
"comm_centrality","entropy",-0.1097,5
"alpha","node_contraction",-0.1097,18
"access_information","delta_closeness",0.1096,19
"access_information","gilschmidt",0.1096,19
"dmnc","power",0.1096,17
"distance_entropy","gateway",0.1095,19
"eccentricity","local_volume_dimension",0.1095,18
"degree_discount","rumor",0.1094,19
"distance_entropy","kreach",0.1088,7
"dmnc","stress",-0.1082,18
"ncvoterank","power",-0.1073,18
"access_information","harmonic",0.1072,19
"access_information","reaching_local",0.1072,19
"node_contraction","power",-0.1069,18
"entropy","semilocal",-0.1062,5
"alpha","average_distance",0.106,18
"alpha","barycenter",-0.106,18
"alpha","closeness",-0.106,18
"alpha","lin",-0.106,18
"alpha","radiality",-0.106,18
"alpha","wiener",0.106,18
"access_information","comm_centrality",0.1058,19
"clusterrank","power",0.1057,17
"alpha","shapley_game3",-0.1055,17
"modularity_vitality","within_module_z",0.1054,19
"integration","power",-0.1053,18
"rumor","within_module_z",0.1051,19
"dmnc","enrenew",0.1049,18
"alpha","entropy_variation_degree",-0.1048,18
"local_entropy","neighborhood_connectivity",0.1045,19
"alpha","local_bridging",0.1043,18
"alpha","neighborhood_connectivity",0.1043,18
"entropy","weighted_h_index",-0.1043,5
"epc","rumor",0.1042,14
"alpha","enrenew",-0.1039,18
"entropy","kpath",-0.1032,5
"entropy","gravity",-0.1029,5
"degree_discount","mnc",0.1029,18
"access_information","local_dimension_fixed",-0.1026,19
"access_information","shapley_game2",0.1026,19
"enrenew","power",-0.1025,18
"clusterrank","shapley_game3",0.1017,17
"delta_betweenness","geodesic_kpath",0.1015,19
"access_information","fuzzy_local_dimension",0.101,19
"local_bridging","power",0.1009,18
"degree_discount","harary",0.1008,19
"geodesic_kpath","shapley_game3",-0.1006,18
"closeness_vitality","dmnc",-0.1003,18
"geodesic_kpath","leverage",0.1003,19
"community_hub_bridge","rumor",0.0999,19
"alpha","integration",-0.0994,18
"alpha","flow_betweenness",-0.0993,18
"infection","transitivity",-0.0993,13
"clusterrank","two_way_rw",0.0993,13
"diffusion","entropy",-0.099,5
"modularity_vitality","voterank_plus",-0.0988,19
"geodesic_kpath","length_scaled_betweenness",0.0987,19
"geodesic_kpath","lac",0.0985,18
"geodesic_kpath","redundancy",0.0985,18
"access_information","dangalchev",0.0982,19
"access_information","decay",0.0982,19
"access_information","generalized_closeness",0.0982,19
"access_information","residual_closeness",0.0982,19
"flow_betweenness","power",-0.0981,18
"neighborhood_connectivity","power",0.0981,18
"access_information","bridging",-0.098,19
"access_information","katz",0.098,19
"betweenness","geodesic_kpath",0.0979,19
"geodesic_kpath","percolation",0.0979,19
"community_hub_bridge","participation",0.0974,19
"dmnc","topological_coefficient",0.0973,18
"bridging","second_order",-0.0972,19
"centroid","dmnc",0.0971,18
"dangalchev","power",-0.0971,18
"decay","power",-0.0971,18
"generalized_closeness","power",-0.0971,18
"power","residual_closeness",-0.0971,18
"dmnc","integration",0.0966,18
"communicability","entropy",-0.0965,5
"enrenew","rumor",0.0964,19
"alpha","rumor",-0.0963,18
"entropy_variation_degree","power",-0.0962,18
"eccentricity","power",0.0959,17
"alpha","dangalchev",-0.0958,18
"alpha","decay",-0.0958,18
"alpha","generalized_closeness",-0.0958,18
"alpha","residual_closeness",-0.0958,18
"average_distance","dmnc",-0.0957,18
"barycenter","dmnc",0.0957,18
"closeness","dmnc",0.0957,18
"dmnc","lin",0.0957,18
"dmnc","radiality",0.0957,18
"dmnc","wiener",-0.0957,18
"dmnc","local_bridging",-0.095,18
"alpha","pagerank",-0.095,18
"geodesic_kpath","stress",0.0949,19
"community_hub_bridge","local_efficiency",-0.0947,18
"entropy","expected_influence_2",-0.0945,5
"second_order","within_module_z",-0.0943,19
"geodesic_kpath","load",0.094,19
"clusterrank","entropy_variation_betweenness",-0.0938,13
"dmnc","participation",-0.093,18
"access_information","kpath",0.0927,19
"pagerank","power",-0.0927,18
"alpha","centroid",-0.0925,18
"entropy","local_dimension",0.0925,5
"entropy","subgraph",-0.0924,5
"centroid","power",-0.0923,18
"dmnc","node_contraction_improved",0.0922,13
"entropy","expected",-0.0916,5
"dmnc","hide_information",-0.0911,18
"alpha","eccentricity",0.0906,17
"dmnc","pagerank",0.0906,18
"degree_discount","fragmentation",0.0904,14
"entropy","hub",-0.0904,5
"degree_discount","hub",0.0902,19
"authority","entropy",-0.0898,5
"access_information","collective_influence",0.0896,19
"alpha","harmonic",-0.0895,18
"alpha","reaching_local",-0.0895,18
"harmonic","power",-0.0894,18
"power","reaching_local",-0.0894,18
"entropy_variation_betweenness","rumor",-0.0894,14
"enrenew","geodesic_kpath",0.0893,19
"eigenvector","entropy",-0.0892,5
"access_information","average_distance",-0.089,19
"access_information","barycenter",0.089,19
"access_information","closeness",0.089,19
"alpha","delta_closeness",-0.089,18
"alpha","gilschmidt",-0.089,18
"access_information","integration",0.089,19
"access_information","lin",0.089,19
"access_information","radiality",0.089,19
"access_information","wiener",-0.089,19
"alpha","degree",-0.0889,18
"alpha","expected_influence_1",-0.0889,18
"alpha","harary",-0.0889,18
"entropy","lac",0.0889,5
"delta_closeness","power",-0.0889,18
"gilschmidt","power",-0.0889,18
"entropy","redundancy",0.0889,5
"alpha","strength",-0.0889,18
"community_mediator","power",-0.0887,18
"degree_discount","markov",0.0883,19
"alpha","node_contraction_improved",-0.0883,14
"entropy_variation_degree","second_order",0.0883,19
"diversity","local_dimension_fixed",-0.0882,5
"alpha","community_mediator",-0.0881,18
"access_information","nonbacktracking",0.0881,19
"access_information","laplacian",0.0876,19
"harary","power",-0.0875,18
"dmnc","ncvoterank",-0.0874,18
"geodesic_kpath","two_way_rw",0.0873,14
"hindex_strength","rumor",0.0872,19
"lobby","rumor",0.0872,19
"degree_discount","delta_closeness",0.087,19
"degree_discount","gilschmidt",0.087,19
"power","single_discount",-0.0868,18
"entropy","hindex_strength",-0.0867,5
"entropy","lobby",-0.0867,5
"entropy","local_information_dimension",-0.0867,5
"dmnc","voterank_plus",-0.0861,18
"alpha","single_discount",-0.0859,18
"alpha","current_flow_closeness",-0.0858,18
"degree","power",-0.0855,18
"expected_influence_1","power",-0.0855,18
"power","strength",-0.0855,18
"access_information","subgraph",0.0855,19
"diffusion","local_efficiency",-0.0854,18
"degree_discount","harmonic",0.0852,19
"degree_discount","reaching_local",0.0852,19
"eccentricity","neighborhood_connectivity",0.0848,18
"local_efficiency","mnc",-0.0847,18
"alpha","fuzzy_local_dimension",-0.0846,18
"expected_influence_2","local_efficiency",-0.0846,18
"node_contraction_improved","power",-0.0846,14
"degree_discount","epc",0.0844,14
"distance_entropy","local_information_dimension",0.0844,19
"mnc","power",-0.0844,17
"comm_centrality","degree_discount",0.0839,19
"communicability_betweenness","power",-0.0838,18
"local_efficiency","semilocal",-0.0837,18
"access_information","closeness_vitality",-0.0834,19
"second_order","shapley_game2",-0.0832,19
"alpha","communicability_betweenness",-0.0828,18
"entropy","shapley_game2",0.0827,5
"access_information","centroid",0.0826,19
"degree_discount","random_walk",0.0826,19
"access_information","current_flow_betweenness",0.0825,19
"current_flow_closeness","power",-0.0824,18
"entropy_variation_degree","geodesic_kpath",0.0823,19
"dangalchev","degree_discount",0.0822,19
"decay","degree_discount",0.0822,19
"degree_discount","generalized_closeness",0.0822,19
"alpha","information",-0.0822,18
"degree_discount","residual_closeness",0.0822,19
"alpha","spanning_tree",-0.0822,18
"alpha","mnc",-0.0821,17
"fuzzy_local_dimension","power",-0.0821,18
"current_flow_closeness","degree_discount",0.0819,19
"alpha","random_walk",-0.0818,18
"degree_discount","shapley_game3",-0.0816,18
"expected","local_efficiency",-0.0813,18
"degree_discount","spanning_tree",0.0813,19
"degree_discount","gravity",0.0812,19
"communicability","local_efficiency",-0.0812,18
"hindex_strength","local_efficiency",-0.0811,18
"lobby","local_efficiency",-0.0811,18
"access_information","markov",0.081,19
"coreness","transitivity",-0.0808,18
"local_hindex","transitivity",-0.0808,18
"s_core","transitivity",-0.0808,18
"transitivity","weighted_kshell",-0.0808,18
"entropy","local_volume_dimension",0.0805,5
"degree_discount","information",0.0804,19
"power","spanning_tree",-0.0802,18
"constraint","degree_discount",-0.0801,19
"eccentricity","fuzzy_local_dimension",-0.0799,18
"dmnc","flow_betweenness",0.0796,18
"dmnc","effective_size",-0.0795,18
"authority","local_efficiency",-0.0795,18
"hub","local_efficiency",-0.0794,18
"clusterrank","fragmentation",0.0793,13
"eigenvector","local_efficiency",-0.0793,18
"information","power",-0.0792,18
"degree_discount","local_entropy",0.0791,19
"power","random_walk",-0.0789,18
"clusterrank","constraint",-0.0784,18
"ncvoterank","second_order",-0.0782,19
"alpha","within_module_z",-0.0782,18
"alpha","community_based",-0.0778,18
"eccentricity","geodesic_kpath",0.0778,18
"access_information","authority",0.0776,19
"entropy","s_shell",-0.0771,5
"closeness_vitality","power",0.0767,18
"access_information","communicability",0.0762,19
"closeness_vitality","geodesic_kpath",-0.0761,19
"access_information","eigenvector",0.076,19
"dmnc","local_dimension_fixed",-0.0758,18
"neighborhood_connectivity","participation",-0.0756,19
"power","within_module_z",-0.0755,18
"dmnc","node_contraction",0.0748,18
"geodesic_kpath","local_efficiency",0.0746,18
"cross_clique","entropy",-0.0744,5
"community_based","power",-0.0744,18
"clusterrank","leverage",0.0741,18
"entropy_variation_degree","modularity_vitality",0.0741,19
"alpha","markov",-0.0735,18
"alpha","two_way_rw",-0.0734,14
"dmnc","entropy_variation_betweenness",-0.073,13
"degree_discount","local_information_dimension",0.0729,19
"dmnc","shapley_game3",0.0726,17
"power","two_way_rw",-0.0724,14
"alpha","closeness_vitality",0.0723,18
"alpha","hide_information",0.0723,18
"local_efficiency","subgraph",-0.0722,18
"cross_clique","degree_discount",0.0717,19
"alpha","shapley_game2",-0.0716,18
"onion","rumor",0.0714,19
"dmnc","kreach",0.0713,6
"geodesic_kpath","shapley_game2",-0.0711,19
"power","shapley_game2",-0.0707,18
"markov","power",-0.0703,18
"local_efficiency","weighted_h_index",-0.0703,18
"access_information","random_walk",0.0702,19
"access_information","information",0.0701,19
"hide_information","power",0.0701,18
"access_information","spanning_tree",0.07,19
"alpha","local_dimension",0.0698,18
"access_information","current_flow_closeness",0.0697,19
"local_information_dimension","power",-0.0695,18
"distance_entropy","modularity_vitality",0.0694,19
"clusterrank","heatmap",-0.0686,18
"degree_discount","katz",0.0684,19
"bridging","lac",0.0684,18
"bridging","redundancy",0.0684,18
"local_efficiency","local_information_dimension",-0.0682,18
"local_efficiency","nonbacktracking",-0.0678,18
"gateway","power",-0.0671,18
"alpha","entropy_variation_betweenness",-0.067,14
"dmnc","gateway",-0.0669,18
"eccentricity","local_information_dimension",0.0669,18
"alpha","gravity",-0.0668,18
"alpha","local_dimension_fixed",0.0667,18
"bridging","degree_discount",0.0666,19
"access_information","communicability_betweenness",0.0659,19
"community_mediator","degree_discount",0.0659,19
"access_information","diffusion",0.0659,19
"average_distance","degree_discount",-0.0656,19
"barycenter","degree_discount",0.0656,19
"closeness","degree_discount",0.0656,19
"degree_discount","lin",0.0656,19
"degree_discount","radiality",0.0656,19
"degree_discount","wiener",-0.0656,19
"gravity","power",-0.0653,18
"alpha","second_order",-0.0651,18
"geodesic_kpath","shapley_game1",0.0651,19
"alpha","collective_influence",-0.0642,18
"rumor","shapley_game2",0.0641,19
"dmnc","entropy_variation_degree",-0.0639,18
"alpha","hindex_strength",-0.0637,18
"alpha","lobby",-0.0637,18
"lac","transitivity",0.0637,18
"redundancy","transitivity",0.0637,18
"alpha","comm_centrality",-0.0636,18
"local_dimension","power",0.0635,18
"alpha","gateway",-0.0634,18
"distance_entropy","local_efficiency",-0.0632,18
"access_information","hide_information",0.0627,19
"degree_discount","integration",0.0627,19
"access_information","expected_influence_2",0.0621,19
"alpha","katz",-0.062,18
"diversity","modularity_vitality",-0.0619,5
"alpha","laplacian",-0.0616,18
"laplacian","power",-0.0615,18
"access_information","hub",0.061,19
"dmnc","modularity_vitality",0.061,18
"katz","power",-0.061,18
"hindex_strength","power",-0.0609,18
"lobby","power",-0.0609,18
"entropy_variation_betweenness","modularity_vitality",-0.0607,14
"local_dimension_fixed","power",0.0605,18
"geodesic_kpath","power",0.06,18
"collective_influence","rumor",0.06,19
"degree_discount","kpath",0.0598,19
"degree_discount","hide_information",-0.0594,19
"alpha","kpath",-0.0593,18
"kpath","power",-0.0592,18
"second_order","voterank_plus",-0.0589,19
"collective_influence","power",-0.0587,18
"comm_centrality","power",-0.0587,18
"access_information","expected",0.0586,19
"renewed_coreness","rumor",0.0583,19
"alpha","local_information_dimension",-0.0581,18
"rumor","s_shell",0.0576,19
"clusterrank","percolation",-0.0568,18
"betweenness","clusterrank",-0.0567,18
"clusterrank","topological_coefficient",0.0567,18
"geodesic_kpath","neighborhood_connectivity",0.0566,19
"dmnc","two_way_rw",0.0565,13
"cross_clique","power",-0.0556,18
"alpha","community_hub_bridge",-0.0555,18
"alpha","cross_clique",-0.0554,18
"participation","power",-0.0554,18
"power","subgraph",-0.0552,18
"access_information","local_volume_dimension",-0.0549,19
"clusterrank","ego_betweenness",-0.0548,18
"clusterrank","shapley_game2",0.0542,18
"clusterrank","load",-0.0541,18
"alpha","subgraph",-0.0535,18
"access_information","semilocal",0.0534,19
"participation","within_module_z",0.0533,19
"modularity_vitality","neighborhood_connectivity",-0.0524,19
"power","second_order",-0.0519,18
"infection","local_efficiency",-0.0517,13
"community_hub_bridge","power",-0.0515,18
"access_information","s_shell",0.0515,19
"local_efficiency","second_order",-0.0514,18
"dmnc","voterank",-0.0512,18
"alpha","local_volume_dimension",0.0505,18
"distance_entropy","participation",0.0503,19
"alpha","geodesic_kpath",0.0495,18
"degree_discount","laplacian",0.0495,19
"alpha","diffusion",-0.0493,18
"diffusion","power",-0.0492,18
"clusterrank","voterank_plus",-0.0486,18
"local_volume_dimension","power",0.0483,18
"alpha","participation",-0.048,18
"communicability","power",-0.0478,18
"collective_influence","degree_discount",0.0476,19
"entropy","geodesic_kpath",-0.0475,5
"degree_discount","subgraph",0.0474,19
"alpha","renewed_coreness",-0.0471,18
"degree_discount","gateway",0.047,19
"alpha","communicability",-0.0466,18
"alpha","expected_influence_2",-0.0465,18
"expected_influence_2","power",-0.0464,18
"clusterrank","wvoterank",0.0464,18
"alpha","expected",-0.0462,18
"expected","power",-0.0461,18
"clusterrank","length_scaled_betweenness",-0.046,18
"degree_discount","nonbacktracking",0.0459,19
"entropy_variation_betweenness","power",-0.0455,14
"hub","power",-0.0453,18
"clusterrank","current_flow_betweenness",0.0452,18
"clusterrank","eccentricity",-0.0446,17
"alpha","hub",-0.0444,18
"access_information","constraint",0.044,19
"clusterrank","ncvoterank",-0.044,18
"clusterrank","shapley_game1",0.044,18
"local_efficiency","local_entropy",0.0439,18
"local_efficiency","local_volume_dimension",0.0438,18
"access_information","weighted_h_index",0.0438,19
"alpha","semilocal",-0.0437,18
"alpha","epc",-0.0434,14
"flow_coefficient","second_order",-0.0432,18
"authority","power",-0.0431,18
"power","semilocal",-0.0431,18
"community_mediator","dmnc",0.0427,18
"eigenvector","power",-0.0426,18
"geodesic_kpath","within_module_z",0.0426,19
"communicability","degree_discount",0.0425,19
"local_entropy","power",0.0421,18
"alpha","authority",-0.0419,18
"degree_discount","eigenvector",0.0417,19
"alpha","eigenvector",-0.0415,18
"epc","power",-0.0415,14
"degree_discount","eccentricity",0.0414,18
"alpha","coreness",-0.0412,18
"geodesic_kpath","heatmap",-0.0412,19
"alpha","local_hindex",-0.0412,18
"alpha","s_core",-0.0412,18
"alpha","weighted_kshell",-0.0412,18
"clusterrank","delta_betweenness",-0.041,18
"lac","rumor",0.0409,18
"redundancy","rumor",0.0409,18
"degree_discount","s_shell",-0.0409,19
"access_information","entropy_variation_betweenness",0.0408,14
"power","renewed_coreness",-0.0406,18
"degree_discount","second_order",0.0397,19
"bottleneck","clusterrank",-0.0392,18
"alpha","s_shell",-0.0388,18
"entropy","infection",0.0386,3
"entropy_variation_betweenness","second_order",-0.0383,14
"alpha","local_entropy",0.0382,18
"communicability_betweenness","degree_discount",0.0381,19
"alpha","nonbacktracking",-0.0379,18
"authority","degree_discount",0.0377,19
"degree_discount","local_volume_dimension",-0.0372,19
"entropy","nonbacktracking",-0.037,5
"clusterrank","within_module_z",0.0368,18
"kreach","shapley_game2",0.0367,7
"flow_coefficient","geodesic_kpath",0.0363,18
"degree_discount","lac",0.0363,18
"degree_discount","redundancy",0.0363,18
"nonbacktracking","power",-0.0362,18
"closeness_vitality","degree_discount",-0.0355,19
"coreness","power",-0.0348,18
"local_hindex","power",-0.0348,18
"power","s_core",-0.0348,18
"power","weighted_kshell",-0.0348,18
"dmnc","wvoterank",-0.0348,18
"degree_discount","onion",0.0347,19
"power","s_shell",-0.0339,18
"lac","power",-0.0336,17
"power","redundancy",-0.0336,17
"power","weighted_h_index",-0.0332,18
"infection","rumor",0.0331,14
"degree_discount","power",-0.033,18
"local_dimension","rumor",-0.0329,19
"dmnc","fragmentation",0.0328,13
"alpha","weighted_h_index",-0.032,18
"clusterrank","gateway",0.0318,18
"local_efficiency","s_shell",-0.0317,18
"access_information","local_information_dimension",0.031,19
"entropy","local_entropy",0.0305,5
"alpha","degree_discount",-0.0302,18
"neighborhood_connectivity","rumor",0.0302,19
"access_information","effective_size",0.0301,19
"alpha","lac",-0.0297,17
"alpha","redundancy",-0.0297,17
"alpha","onion",-0.0296,18
"dmnc","single_discount",-0.0288,18
"access_information","shapley_game3",0.0284,18
"local_efficiency","onion",-0.0278,18
"access_information","power",-0.0278,18
"onion","power",-0.0277,18
"clusterrank","voterank",0.0275,18
"degree_discount","renewed_coreness",-0.0272,19
"access_information","alpha",-0.0261,18
"access_information","local_entropy",-0.0261,19
"current_flow_betweenness","dmnc",-0.0257,18
"access_information","delta_betweenness",0.0253,19
"distance_entropy","power",0.0253,18
"kreach","local_dimension_fixed",-0.0248,7
"clusterrank","single_discount",0.0248,18
"access_information","length_scaled_betweenness",0.0243,19
"access_information","entropy",0.0242,5
"constraint","dmnc",0.0239,18
"geodesic_kpath","single_discount",-0.0239,19
"entropy","local_dimension_fixed",0.0235,5
"access_information","load",0.0227,19
"degree_discount","modularity_vitality",0.0227,19
"local_dimension_fixed","rumor",0.0219,19
"degree_discount","hindex_strength",0.0217,19
"degree_discount","lobby",0.0217,19
"neighborhood_connectivity","shapley_game3",-0.0216,18
"degree_discount","infection",0.0214,14
"geodesic_kpath","ncvoterank",-0.0214,19
"access_information","betweenness",0.0187,19
"access_information","percolation",0.0187,19
"dmnc","shapley_game1",-0.0183,18
"geodesic_kpath","wvoterank",0.0181,19
"access_information","eccentricity",0.018,18
"clusterrank","stress",-0.018,18
"dmnc","leverage",0.0178,18
"entropy","epc",-0.0168,3
"alpha","infection",-0.0167,14
"access_information","ego_betweenness",-0.0163,19
"coreness","degree_discount",-0.016,19
"degree_discount","local_hindex",-0.016,19
"degree_discount","s_core",-0.016,19
"degree_discount","weighted_kshell",-0.016,19
"flow_coefficient","lac",0.0156,18
"flow_coefficient","redundancy",0.0156,18
"entropy","two_way_rw",-0.0149,3
"entropy","mnc",0.0144,5
"access_information","community_mediator",-0.0135,19
"clusterrank","effective_size",0.013,18
"degree_discount","diffusion",0.0129,19
"coreness","local_efficiency",0.0129,18
"local_efficiency","local_hindex",0.0129,18
"local_efficiency","s_core",0.0129,18
"local_efficiency","weighted_kshell",0.0129,18
"access_information","stress",0.0128,19
"cross_clique","local_efficiency",-0.0126,18
"access_information","renewed_coreness",0.0122,19
"entropy_variation_degree","rumor",-0.0113,19
"alpha","distance_entropy",0.0109,18
"second_order","transitivity",0.0098,18
"clusterrank","kreach",-0.0096,6
"entropy","onion",-0.0093,5
"coreness","entropy",0.0086,5
"entropy","local_hindex",0.0086,5
"entropy","s_core",0.0086,5
"entropy","weighted_kshell",0.0086,5
"alpha","modularity_vitality",-0.008,18
"access_information","bottleneck",-0.0077,19
"dmnc","eccentricity",-0.0075,17
"degree_discount","expected_influence_2",0.0074,19
"dmnc","within_module_z",-0.0071,18
"access_information","rumor",-0.0067,19
"geodesic_kpath","transitivity",0.0065,18
"eccentricity","local_dimension",0.0064,18
"geodesic_kpath","topological_coefficient",0.0061,19
"coreness","rumor",0.0058,19
"local_hindex","rumor",0.0058,19
"rumor","s_core",0.0058,19
"rumor","weighted_kshell",0.0058,19
"geodesic_kpath","voterank_plus",-0.0056,19
"diversity","neighborhood_connectivity",0.0051,5
"clusterrank","participation",-0.0047,18
"distance_entropy","second_order",0.0046,19
"bridging","geodesic_kpath",-0.0044,19
"degree_discount","participation",0.0039,19
"modularity_vitality","power",0.0039,18
"infection","power",-0.0037,14
"geodesic_kpath","voterank",0.0033,19
"degree_discount","weighted_h_index",-0.0032,19
"entropy","modularity_vitality",-0.0018,5
"degree_discount","semilocal",-0.0016,19
"degree_discount","expected",0.0014,19
"dmnc","heatmap",1e-04,18
"degree_discount","distance_entropy",0,19
