"network","config","measure","status","finite_nodes","nodes","distinct_raw","distinct_rank_input","elapsed_seconds","warning","error"
"karate","access_information","access_information","ok",34,34,27,27,0.0160000000000002,"",""
"karate","adaptive_leaderrank","adaptive_leaderrank","ok",34,34,24,22,0.143,"",""
"karate","alpha","alpha","ok",34,34,28,22,0.004,"",""
"karate","authority","authority","ok",34,34,29,27,0.00100000000000033,"",""
"karate","average_distance","average_distance","ok",34,34,20,20,0.00699999999999967,"",""
"karate","barycenter","barycenter","ok",34,34,20,20,0.00200000000000022,"",""
"karate","beta_measure","beta_measure","ok",34,34,27,27,0,"",""
"karate","betweenness","betweenness","ok",34,34,22,21,0.00099999999999989,"",""
"karate","bottleneck","bottleneck","ok",34,34,17,17,0.0790000000000002,"",""
"karate","bridging","bridging","ok",34,34,22,21,0.00300000000000011,"",""
"karate","bridging_capital","bridging_capital","ok",34,34,24,24,0.0209999999999999,"",""
"karate","bridging_coefficient","bridging_coefficient","ok",34,34,27,27,0.00099999999999989,"",""
"karate","brokerage_coordinator","brokerage_coordinator","nonfinite",0,34,NA,NA,0,"brokerage requires a directed graph; returning NA",""
"karate","brokerage_gatekeeper","brokerage_gatekeeper","nonfinite",0,34,NA,NA,0.0110000000000001,"brokerage requires a directed graph; returning NA",""
"karate","brokerage_itinerant","brokerage_itinerant","nonfinite",0,34,NA,NA,0,"brokerage requires a directed graph; returning NA",""
"karate","brokerage_liaison","brokerage_liaison","nonfinite",0,34,NA,NA,0,"brokerage requires a directed graph; returning NA",""
"karate","brokerage_representative","brokerage_representative","nonfinite",0,34,NA,NA,0,"brokerage requires a directed graph; returning NA",""
"karate","cda","cda","ok",34,34,27,27,0.00099999999999989,"",""
"karate","centroid","centroid","ok",34,34,18,18,0.004,"",""
"karate","closeness","closeness","ok",34,34,20,20,0.00099999999999989,"",""
"karate","closeness_vitality","closeness_vitality","ok",34,34,22,22,0.0110000000000001,"",""
"karate","clusterrank","clusterrank","nonfinite",33,34,NA,NA,0.004,"",""
"karate","coleman_theil","coleman_theil","ok",34,34,25,25,0.0129999999999999,"",""
"karate","collective_influence","collective_influence","ok",34,34,24,24,0,"",""
"karate","comm_centrality","comm_centrality","ok",34,34,23,23,0,"",""
"karate","communicability","communicability","ok",34,34,28,27,0,"",""
"karate","communicability_betweenness","communicability_betweenness","ok",34,34,34,27,0.00300000000000011,"",""
"karate","community_based","community_based","ok",34,34,24,24,0.00700000000000012,"",""
"karate","community_hub_bridge","community_hub_bridge","ok",34,34,19,19,0.00099999999999989,"",""
"karate","community_mediator","community_mediator","ok",34,34,14,14,0,"",""
"karate","constraint","constraint","ok",34,34,27,26,0,"",""
"karate","controlrank","controlrank","ok",34,34,33,27,0.0140000000000002,"",""
"karate","coreness","coreness","ok",34,34,4,4,0.00099999999999989,"",""
"karate","cross_clique","cross_clique","ok",34,34,17,17,0.00099999999999989,"",""
"karate","current_flow_betweenness","current_flow_betweenness","ok",34,34,31,27,0.012,"",""
"karate","current_flow_closeness","current_flow_closeness","ok",34,34,29,27,0.00099999999999989,"",""
"karate","dangalchev","dangalchev","ok",34,34,23,23,0.00300000000000011,"",""
"karate","decay","decay","ok",34,34,23,23,0.00200000000000022,"",""
"karate","degree","degree","ok",34,34,11,11,0.00099999999999989,"",""
"karate","degree_discount","degree_discount","ok",34,34,34,34,0,"",""
"karate","delta_betweenness","delta_betweenness","ok",34,34,21,21,0.0110000000000001,"",""
"karate","delta_closeness","delta_closeness","ok",34,34,26,23,0.00700000000000012,"",""
"karate","diffusion","diffusion","ok",34,34,23,23,0.00199999999999978,"",""
"karate","diffusion_centrality","diffusion_centrality","ok",34,34,26,26,0.00099999999999989,"",""
"karate","distance_entropy","distance_entropy","ok",34,34,23,23,0.00500000000000034,"",""
"karate","diversity","diversity","ok",34,34,2,2,0,"",""
"karate","dmnc","dmnc","ok",34,34,14,14,0.0180000000000002,"",""
"karate","dynamical_importance","dynamical_importance","ok",34,34,32,27,0.0279999999999996,"",""
"karate","dynamics_sensitive","dynamics_sensitive","ok",34,34,27,27,0.00100000000000033,"",""
"karate","eccentricity","eccentricity","ok",34,34,3,3,0,"",""
"karate","effective_size","effective_size","ok",34,34,16,16,0.004,"",""
"karate","ego_betweenness","ego_betweenness","ok",34,34,15,15,0.0150000000000001,"",""
"karate","eigenvector","eigenvector","ok",34,34,30,27,0,"",""
"karate","enrenew","enrenew","ok",34,34,34,34,0.00300000000000011,"",""
"karate","entropy","entropy","ok",34,34,2,2,0.0150000000000001,"",""
"karate","entropy_variation_betweenness","entropy_variation_betweenness","ok",34,34,27,27,0.00499999999999989,"",""
"karate","entropy_variation_degree","entropy_variation_degree","ok",34,34,27,27,0,"",""
"karate","epc","epc","ok",34,34,34,34,0.321,"",""
"karate","exogenous","exogenous","ok",34,34,23,23,0.0700000000000003,"",""
"karate","expected","expected","ok",34,34,26,26,0.00099999999999989,"",""
"karate","expected_force","expected_force","ok",34,34,27,27,0.00700000000000012,"",""
"karate","expected_influence_1","expected_influence_1","ok",34,34,11,11,0.00099999999999989,"",""
"karate","expected_influence_2","expected_influence_2","ok",34,34,27,27,0.00700000000000012,"",""
"karate","extended_coreness","extended_coreness","ok",34,34,26,26,0.00099999999999989,"",""
"karate","extended_gravity","extended_gravity","ok",34,34,28,27,0.00700000000000012,"",""
"karate","extended_local_bridging","extended_local_bridging","ok",34,34,21,21,0.0249999999999999,"",""
"karate","extended_mixed_gravity","extended_mixed_gravity","ok",34,34,28,27,0.00200000000000022,"",""
"karate","flow_betweenness","flow_betweenness","ok",34,34,34,34,0.122,"",""
"karate","flow_coefficient","flow_coefficient","ok",34,34,13,13,0.00300000000000011,"",""
"karate","fragmentation","fragmentation","ok",34,34,29,25,0.0680000000000001,"",""
"karate","fuzzy_local_dimension","fuzzy_local_dimension","ok",34,34,27,24,0.00599999999999978,"",""
"karate","gateway","gateway","ok",34,34,27,27,0.00100000000000033,"",""
"karate","generalized_closeness","generalized_closeness","ok",34,34,23,23,0.00199999999999978,"",""
"karate","geodesic_kpath","geodesic_kpath","ok",34,34,22,22,0.00500000000000034,"",""
"karate","gilschmidt","gilschmidt","ok",34,34,26,23,0,"",""
"karate","global_structure","global_structure","ok",34,34,26,26,0.00199999999999978,"",""
"karate","godfather","godfather","ok",34,34,13,13,0,"",""
"karate","graph_regularization","graph_regularization","ok",34,34,33,27,0.00100000000000033,"",""
"karate","gravity","gravity","ok",34,34,26,26,0.00299999999999967,"",""
"karate","harary","harary","ok",34,34,24,24,0.00200000000000022,"",""
"karate","harmonic","harmonic","ok",34,34,23,23,0,"",""
"karate","heatmap","heatmap","ok",34,34,25,25,0.00200000000000022,"",""
"karate","hide_information","hide_information","ok",34,34,28,27,0.0179999999999998,"",""
"karate","hindex_strength","hindex_strength","ok",34,34,5,5,0.00499999999999989,"",""
"karate","hub","hub","ok",34,34,30,27,0.00100000000000033,"",""
"karate","hubbell","hubbell","nonfinite",0,34,NA,NA,0,"hubbell: not solvable for this graph at weightfactor=0.5 (spectral radius >= 1); returning NA",""
"karate","hybrid_global_structure","hybrid_global_structure","ok",34,34,27,27,0.00999999999999979,"",""
"karate","improved_closeness","improved_closeness","ok",34,34,27,27,0.0089999999999999,"",""
"karate","improved_global_structure","improved_global_structure","ok",34,34,27,27,0.00200000000000022,"",""
"karate","infection","infection","ok",34,34,28,27,0.189,"",""
"karate","information","information","ok",34,34,33,27,0.00099999999999989,"",""
"karate","integration","integration","ok",34,34,27,20,0.00099999999999989,"",""
"karate","katz","katz","ok",34,34,28,27,0.00100000000000033,"",""
"karate","kpath","kpath","ok",34,34,27,27,0.0229999999999997,"",""
"karate","kreach","kreach","ok",34,34,6,6,0,"",""
"karate","lac","lac","ok",34,34,16,16,0.00800000000000001,"",""
"karate","laplacian","laplacian","ok",34,34,27,27,0.00800000000000001,"",""
"karate","leaderrank","leaderrank","nonfinite",0,34,NA,NA,0,"LeaderRank requires a directed graph; returning NA",""
"karate","length_scaled_betweenness","length_scaled_betweenness","ok",34,34,22,21,0.00300000000000011,"",""
"karate","leverage","leverage","ok",34,34,27,27,0.00299999999999967,"",""
"karate","lin","lin","ok",34,34,20,20,0.00200000000000022,"",""
"karate","linerank","linerank","ok",34,34,32,27,0.00099999999999989,"",""
"karate","load","load","ok",34,34,22,21,0.0139999999999998,"",""
"karate","lobby","lobby","ok",34,34,5,5,0.00500000000000034,"",""
"karate","local_bridging","local_bridging","ok",34,34,27,27,0.00199999999999978,"",""
"karate","local_dimension","local_dimension","ok",34,34,24,24,0.00300000000000011,"",""
"karate","local_dimension_fixed","local_dimension_fixed","ok",34,34,23,23,0.00199999999999978,"",""
"karate","local_efficiency","local_efficiency","ok",34,34,15,15,0.00500000000000034,"",""
"karate","local_entropy","local_entropy","ok",34,34,27,27,0.00099999999999989,"",""
"karate","local_hindex","local_hindex","ok",34,34,4,4,0.00199999999999978,"",""
"karate","local_information_dimension","local_information_dimension","ok",34,34,24,24,0.00500000000000034,"",""
"karate","local_volume_dimension","local_volume_dimension","ok",34,34,27,27,0.00299999999999967,"",""
"karate","localized_bridging","localized_bridging","ok",34,34,21,21,0.012,"",""
"karate","malatya","malatya","ok",34,34,27,27,0,"",""
"karate","map_equation","map_equation","ok",34,34,12,11,0.00099999999999989,"",""
"karate","markov","markov","ok",34,34,31,27,0.00199999999999978,"",""
"karate","mcc","mcc","ok",34,34,16,16,0.00699999999999967,"",""
"karate","mcgm","mcgm","ok",34,34,28,27,0.00300000000000011,"",""
"karate","mdd","mdd","ok",34,34,15,15,0,"",""
"karate","mixed_gravity","mixed_gravity","ok",34,34,27,27,0.00500000000000034,"",""
"karate","mnc","mnc","ok",34,34,11,11,0.0089999999999999,"",""
"karate","modified_expected_force","modified_expected_force","ok",34,34,27,27,0.0150000000000001,"",""
"karate","modularity_vitality","modularity_vitality","ok",34,34,24,24,0.00099999999999989,"",""
"karate","ncvoterank","ncvoterank","ok",34,34,34,34,0.00199999999999978,"",""
"karate","neighborhood_connectivity","neighborhood_connectivity","ok",34,34,24,24,0,"",""
"karate","ninl","ninl","ok",34,34,27,27,0.00200000000000022,"",""
"karate","node_contraction","node_contraction","ok",34,34,28,27,0.0640000000000001,"",""
"karate","node_contraction_improved","node_contraction_improved","ok",34,34,28,27,1.439,"",""
"karate","nonbacktracking","nonbacktracking","ok",34,34,28,27,0.00999999999999979,"",""
"karate","onion","onion","ok",34,34,7,7,0.00200000000000067,"",""
"karate","pagerank","pagerank","ok",34,34,28,27,0,"",""
"karate","pairwisedis","pairwisedis","nonfinite",0,34,NA,NA,0.00100000000000033,"pairwisedis requires a directed graph; returning NA",""
"karate","participation","participation","ok",34,34,14,14,0.00300000000000011,"",""
"karate","percolation","percolation","ok",34,34,21,21,0.0249999999999995,"",""
"karate","power","power","ok",34,34,26,22,0.00499999999999989,"",""
"karate","prestige_domain","prestige_domain","nonfinite",0,34,NA,NA,0,"prestige_domain requires a directed graph; returning NA",""
"karate","prestige_domain_proximity","prestige_domain_proximity","nonfinite",0,34,NA,NA,0.00100000000000033,"prestige_domain_proximity requires a directed graph; returning NA",""
"karate","proximal_betweenness","proximal_betweenness","ok",34,34,21,21,0.00999999999999979,"",""
"karate","radiality","radiality","ok",34,34,20,20,0.00199999999999978,"",""
"karate","random_walk","random_walk","ok",34,34,29,27,0.00300000000000011,"",""
"karate","random_walk_decay","random_walk_decay","ok",34,34,29,27,0.00399999999999956,"",""
"karate","reaching_local","reaching_local","ok",34,34,23,23,0,"",""
"karate","redundancy","redundancy","ok",34,34,16,16,0,"",""
"karate","renewed_coreness","renewed_coreness","ok",34,34,4,4,0.00100000000000033,"",""
"karate","residual_closeness","residual_closeness","ok",34,34,23,23,0.00199999999999978,"",""
"karate","resistance_curvature","resistance_curvature","ok",34,34,29,27,0,"",""
"karate","rumor","rumor","ok",34,34,27,27,0.0129999999999999,"",""
"karate","s_core","s_core","ok",34,34,4,4,0.00100000000000033,"",""
"karate","s_shell","s_shell","ok",34,34,16,16,0.00100000000000033,"",""
"karate","salsa","salsa","nonfinite",0,34,NA,NA,0,"SALSA requires a directed graph; returning NA",""
"karate","second_order","second_order","ok",34,34,31,27,0.00199999999999978,"",""
"karate","semilocal","semilocal","ok",34,34,27,27,0.0270000000000001,"",""
"karate","shapley_game1","shapley_game1","ok",34,34,28,27,0,"",""
"karate","shapley_game2","shapley_game2","ok",34,34,27,27,0.00600000000000023,"",""
"karate","shapley_game3","shapley_game3","ok",34,34,22,20,0.00199999999999978,"",""
"karate","single_discount","single_discount","ok",34,34,34,34,0.00499999999999989,"",""
"karate","spanning_tree","spanning_tree","ok",34,34,33,27,0,"",""
"karate","spectralrank","spectralrank","ok",34,34,28,27,0.000999999999999446,"",""
"karate","strength","strength","ok",34,34,11,11,0,"",""
"karate","stress","stress","ok",34,34,20,20,0.00600000000000023,"",""
"karate","subgraph","subgraph","ok",34,34,30,27,0.00200000000000067,"",""
"karate","support","support","ok",34,34,10,10,0.000999999999999446,"",""
"karate","topological_coefficient","topological_coefficient","ok",34,34,27,27,0.00499999999999989,"",""
"karate","transitivity","transitivity","nonfinite",33,34,NA,NA,0,"",""
"karate","trophic_level","trophic_level","nonfinite",0,34,NA,NA,0.00100000000000033,"trophic_level requires a directed graph; returning NA",""
"karate","truss","truss","ok",34,34,4,4,0,"",""
"karate","two_way_rw","two_way_rw","ok",34,34,13,13,0.0109999999999992,"",""
"karate","volume","volume","ok",34,34,19,19,0.00199999999999978,"",""
"karate","voterank","voterank","ok",34,34,34,34,0.0520000000000005,"",""
"karate","voterank_plus","voterank_plus","ok",34,34,34,34,0.000999999999999446,"",""
"karate","weighted_h_index","weighted_h_index","ok",34,34,19,19,0.00100000000000033,"",""
"karate","weighted_kshell","weighted_kshell","ok",34,34,4,4,0.00299999999999923,"",""
"karate","weighted_leaderrank","weighted_leaderrank","ok",34,34,28,27,0,"",""
"karate","wiener","wiener","ok",34,34,20,20,0.00199999999999978,"",""
"karate","within_module_z","within_module_z","ok",34,34,17,17,0.00300000000000011,"",""
"karate","wvoterank","wvoterank","ok",34,34,34,34,0.00100000000000033,"",""
"karate","x_degree","x_degree","ok",34,34,27,27,0.000999999999999446,"",""
"karate","candidate_14","gravity","ok",34,34,27,27,0.0100000000000007,"",""
"karate","candidate_18","betweenness","ok",34,34,22,21,0,"",""
"karate","candidate_21","gravity","ok",34,34,25,25,0.00200000000000067,"",""
"kite","access_information","access_information","ok",10,10,7,7,0.000999999999999446,"",""
"kite","adaptive_leaderrank","adaptive_leaderrank","ok",10,10,10,7,0.00499999999999989,"",""
"kite","alpha","alpha","ok",10,10,10,7,0.00300000000000011,"",""
"kite","authority","authority","ok",10,10,10,7,0,"",""
"kite","average_distance","average_distance","ok",10,10,6,6,0,"",""
"kite","barycenter","barycenter","ok",10,10,6,6,0.00499999999999989,"",""
"kite","beta_measure","beta_measure","ok",10,10,8,7,0.00600000000000023,"",""
"kite","betweenness","betweenness","ok",10,10,6,6,0,"",""
"kite","bottleneck","bottleneck","ok",10,10,5,5,0.00900000000000034,"",""
"kite","bridging","bridging","ok",10,10,6,6,0.00600000000000023,"",""
"kite","bridging_capital","bridging_capital","ok",10,10,7,7,0.0209999999999999,"",""
"kite","bridging_coefficient","bridging_coefficient","ok",10,10,8,7,0,"",""
"kite","brokerage_coordinator","brokerage_coordinator","nonfinite",0,10,NA,NA,0,"brokerage requires a directed graph; returning NA",""
"kite","brokerage_gatekeeper","brokerage_gatekeeper","nonfinite",0,10,NA,NA,0,"brokerage requires a directed graph; returning NA",""
"kite","brokerage_itinerant","brokerage_itinerant","nonfinite",0,10,NA,NA,0,"brokerage requires a directed graph; returning NA",""
"kite","brokerage_liaison","brokerage_liaison","nonfinite",0,10,NA,NA,0,"brokerage requires a directed graph; returning NA",""
"kite","brokerage_representative","brokerage_representative","nonfinite",0,10,NA,NA,0,"brokerage requires a directed graph; returning NA",""
"kite","cda","cda","ok",10,10,7,7,0.00699999999999967,"",""
"kite","centroid","centroid","ok",10,10,7,7,0.00400000000000045,"",""
"kite","closeness","closeness","ok",10,10,6,6,0.000999999999999446,"",""
"kite","closeness_vitality","closeness_vitality","ok",10,10,7,7,0.00800000000000001,"",""
"kite","clusterrank","clusterrank","nonfinite",9,10,NA,NA,0.00499999999999989,"",""
"kite","coleman_theil","coleman_theil","ok",10,10,7,7,0.0209999999999999,"",""
"kite","collective_influence","collective_influence","ok",10,10,6,6,0.00499999999999989,"",""
"kite","comm_centrality","comm_centrality","ok",10,10,10,10,0.016,"",""
"kite","communicability","communicability","ok",10,10,10,7,0.00300000000000011,"",""
"kite","communicability_betweenness","communicability_betweenness","ok",10,10,10,7,0.00899999999999945,"",""
"kite","community_based","community_based","ok",10,10,9,9,0,"",""
"kite","community_hub_bridge","community_hub_bridge","ok",10,10,8,8,0.00699999999999967,"",""
"kite","community_mediator","community_mediator","ok",10,10,8,8,0.00300000000000011,"",""
"kite","constraint","constraint","ok",10,10,7,7,0,"",""
"kite","controlrank","controlrank","ok",10,10,10,7,0.0129999999999999,"",""
"kite","coreness","coreness","ok",10,10,3,3,0.000999999999999446,"",""
"kite","cross_clique","cross_clique","ok",10,10,7,7,0.00100000000000033,"",""
"kite","current_flow_betweenness","current_flow_betweenness","ok",10,10,10,7,0.0110000000000001,"",""
"kite","current_flow_closeness","current_flow_closeness","ok",10,10,10,7,0.00700000000000056,"",""
"kite","dangalchev","dangalchev","ok",10,10,7,7,0.000999999999999446,"",""
"kite","decay","decay","ok",10,10,7,7,0,"",""
"kite","degree","degree","ok",10,10,6,6,0,"",""
"kite","degree_discount","degree_discount","ok",10,10,10,10,0.00199999999999978,"",""
"kite","delta_betweenness","delta_betweenness","ok",10,10,6,5,0.00100000000000033,"",""
"kite","delta_closeness","delta_closeness","ok",10,10,7,7,0.000999999999999446,"",""
"kite","diffusion","diffusion","ok",10,10,7,7,0.00200000000000067,"",""
"kite","diffusion_centrality","diffusion_centrality","ok",10,10,7,7,0.00699999999999967,"",""
"kite","distance_entropy","distance_entropy","ok",10,10,6,6,0.00600000000000023,"",""
"kite","diversity","diversity","ok",10,10,2,2,0.00700000000000056,"",""
"kite","dmnc","dmnc","ok",10,10,6,6,0.0129999999999999,"",""
"kite","dynamical_importance","dynamical_importance","ok",10,10,10,7,0.00300000000000011,"",""
"kite","dynamics_sensitive","dynamics_sensitive","ok",10,10,7,7,0.00899999999999945,"",""
"kite","eccentricity","eccentricity","ok",10,10,3,3,0.000999999999999446,"",""
"kite","effective_size","effective_size","ok",10,10,5,5,0.00400000000000045,"",""
"kite","ego_betweenness","ego_betweenness","ok",10,10,5,5,0.00499999999999989,"",""
"kite","eigenvector","eigenvector","ok",10,10,10,7,0,"",""
"kite","enrenew","enrenew","ok",10,10,10,10,0.00899999999999945,"",""
"kite","entropy","entropy","ok",10,10,3,3,0.00900000000000034,"",""
"kite","entropy_variation_betweenness","entropy_variation_betweenness","ok",10,10,8,7,0.00100000000000033,"",""
"kite","entropy_variation_degree","entropy_variation_degree","ok",10,10,7,7,0.00399999999999956,"",""
"kite","epc","epc","ok",10,10,10,10,0.0979999999999999,"",""
"kite","exogenous","exogenous","ok",10,10,7,7,0.0100000000000007,"",""
"kite","expected","expected","ok",10,10,7,7,0.000999999999999446,"",""
"kite","expected_force","expected_force","ok",10,10,7,7,0,"",""
"kite","expected_influence_1","expected_influence_1","ok",10,10,6,6,0,"",""
"kite","expected_influence_2","expected_influence_2","ok",10,10,7,7,0.00100000000000033,"",""
"kite","extended_coreness","extended_coreness","ok",10,10,7,7,0,"",""
"kite","extended_gravity","extended_gravity","ok",10,10,7,7,0.00499999999999989,"",""
"kite","extended_local_bridging","extended_local_bridging","ok",10,10,7,6,0.00100000000000033,"",""
"kite","extended_mixed_gravity","extended_mixed_gravity","ok",10,10,10,7,0.000999999999999446,"",""
"kite","flow_betweenness","flow_betweenness","ok",10,10,10,10,0.016,"",""
"kite","flow_coefficient","flow_coefficient","ok",10,10,6,6,0.00500000000000078,"",""
"kite","fragmentation","fragmentation","ok",10,10,8,7,0.00599999999999934,"",""
"kite","fuzzy_local_dimension","fuzzy_local_dimension","ok",10,10,8,7,0.00600000000000023,"",""
"kite","gateway","gateway","ok",10,10,10,10,0.0149999999999997,"",""
"kite","generalized_closeness","generalized_closeness","ok",10,10,7,7,0,"",""
"kite","geodesic_kpath","geodesic_kpath","ok",10,10,4,4,0.00499999999999989,"",""
"kite","gilschmidt","gilschmidt","ok",10,10,7,7,0.00499999999999989,"",""
"kite","global_structure","global_structure","ok",10,10,7,7,0,"",""
"kite","godfather","godfather","ok",10,10,5,5,0,"",""
"kite","graph_regularization","graph_regularization","ok",10,10,7,7,0.00999999999999979,"",""
"kite","gravity","gravity","ok",10,10,7,7,0.00100000000000033,"",""
"kite","harary","harary","ok",10,10,7,7,0.00999999999999979,"",""
"kite","harmonic","harmonic","ok",10,10,7,7,0,"",""
"kite","heatmap","heatmap","ok",10,10,6,6,0,"",""
"kite","hide_information","hide_information","ok",10,10,9,7,0.000999999999999446,"",""
"kite","hindex_strength","hindex_strength","ok",10,10,4,4,0.00500000000000078,"",""
"kite","hub","hub","ok",10,10,10,7,0.000999999999999446,"",""
"kite","hubbell","hubbell","nonfinite",0,10,NA,NA,0.00800000000000001,"hubbell: not solvable for this graph at weightfactor=0.5 (spectral radius >= 1); returning NA",""
"kite","hybrid_global_structure","hybrid_global_structure","ok",10,10,7,7,0.00100000000000033,"",""
"kite","improved_closeness","improved_closeness","ok",10,10,7,7,0.0110000000000001,"",""
"kite","improved_global_structure","improved_global_structure","ok",10,10,7,7,0.000999999999999446,"",""
"kite","infection","infection","ok",10,10,7,7,0.00800000000000001,"",""
"kite","information","information","ok",10,10,7,7,0.00900000000000034,"",""
"kite","integration","integration","ok",10,10,6,6,0.00399999999999956,"",""
"kite","katz","katz","ok",10,10,8,7,0.00900000000000034,"",""
"kite","kpath","kpath","ok",10,10,7,7,0.00800000000000001,"",""
"kite","kreach","kreach","ok",10,10,3,3,0,"",""
"kite","lac","lac","ok",10,10,4,4,0.00200000000000067,"",""
"kite","laplacian","laplacian","ok",10,10,7,7,0.00600000000000023,"",""
"kite","leaderrank","leaderrank","nonfinite",0,10,NA,NA,0.00699999999999967,"LeaderRank requires a directed graph; returning NA",""
"kite","length_scaled_betweenness","length_scaled_betweenness","ok",10,10,6,6,0.00100000000000033,"",""
"kite","leverage","leverage","ok",10,10,8,7,0.00800000000000001,"",""
"kite","lin","lin","ok",10,10,6,6,0.00499999999999989,"",""
"kite","linerank","linerank","ok",10,10,10,7,0.0200000000000005,"",""
"kite","load","load","ok",10,10,6,6,0.0139999999999993,"",""
"kite","lobby","lobby","ok",10,10,4,4,0.00499999999999989,"",""
"kite","local_bridging","local_bridging","ok",10,10,7,7,0.00400000000000045,"",""
"kite","local_dimension","local_dimension","ok",10,10,7,7,0.00300000000000011,"",""
"kite","local_dimension_fixed","local_dimension_fixed","ok",10,10,6,6,0.00100000000000033,"",""
"kite","local_efficiency","local_efficiency","ok",10,10,6,6,0.00499999999999989,"",""
"kite","local_entropy","local_entropy","ok",10,10,7,7,0.00100000000000033,"",""
"kite","local_hindex","local_hindex","ok",10,10,3,3,0.00599999999999934,"",""
"kite","local_information_dimension","local_information_dimension","ok",10,10,7,7,0.00500000000000078,"",""
"kite","local_volume_dimension","local_volume_dimension","ok",10,10,7,7,0.00400000000000045,"",""
"kite","localized_bridging","localized_bridging","ok",10,10,7,6,0,"",""
"kite","malatya","malatya","ok",10,10,8,7,0.000999999999999446,"",""
"kite","map_equation","map_equation","ok",10,10,6,6,0.024,"",""
"kite","markov","markov","ok",10,10,8,7,0.00800000000000001,"",""
"kite","mcc","mcc","ok",10,10,7,7,0.00800000000000001,"",""
"kite","mcgm","mcgm","ok",10,10,10,7,0.0309999999999997,"",""
"kite","mdd","mdd","ok",10,10,7,7,0.00100000000000033,"",""
"kite","mixed_gravity","mixed_gravity","ok",10,10,7,7,0,"",""
"kite","mnc","mnc","ok",10,10,6,6,0.00199999999999978,"",""
"kite","modified_expected_force","modified_expected_force","ok",10,10,7,7,0,"",""
"kite","modularity_vitality","modularity_vitality","ok",10,10,10,10,0.00800000000000001,"",""
"kite","ncvoterank","ncvoterank","ok",10,10,10,10,0.00800000000000001,"",""
"kite","neighborhood_connectivity","neighborhood_connectivity","ok",10,10,5,5,0.00199999999999978,"",""
"kite","ninl","ninl","ok",10,10,7,7,0.0100000000000007,"",""
"kite","node_contraction","node_contraction","ok",10,10,7,7,0.00199999999999978,"",""
"kite","node_contraction_improved","node_contraction_improved","ok",10,10,8,7,0.0140000000000002,"",""
"kite","nonbacktracking","nonbacktracking","ok",10,10,9,7,0.00999999999999979,"",""
"kite","onion","onion","ok",10,10,6,6,0.00699999999999967,"",""
"kite","pagerank","pagerank","ok",10,10,10,7,0,"",""
"kite","pairwisedis","pairwisedis","nonfinite",0,10,NA,NA,0.00499999999999989,"pairwisedis requires a directed graph; returning NA",""
"kite","participation","participation","ok",10,10,7,7,0.00499999999999989,"",""
"kite","percolation","percolation","ok",10,10,6,6,0.024,"",""
"kite","power","power","ok",10,10,10,7,0.00200000000000067,"",""
"kite","prestige_domain","prestige_domain","nonfinite",0,10,NA,NA,0,"prestige_domain requires a directed graph; returning NA",""
"kite","prestige_domain_proximity","prestige_domain_proximity","nonfinite",0,10,NA,NA,0.00400000000000045,"prestige_domain_proximity requires a directed graph; returning NA",""
"kite","proximal_betweenness","proximal_betweenness","ok",10,10,6,6,0.0119999999999996,"",""
"kite","radiality","radiality","ok",10,10,6,6,0.00300000000000011,"",""
"kite","random_walk","random_walk","ok",10,10,7,7,0.00900000000000034,"",""
"kite","random_walk_decay","random_walk_decay","ok",10,10,7,7,0.0209999999999999,"",""
"kite","reaching_local","reaching_local","ok",10,10,7,7,0.00999999999999979,"",""
"kite","redundancy","redundancy","ok",10,10,4,4,0.00100000000000033,"",""
"kite","renewed_coreness","renewed_coreness","ok",10,10,3,3,0.00300000000000011,"",""
"kite","residual_closeness","residual_closeness","ok",10,10,7,7,0.000999999999999446,"",""
"kite","resistance_curvature","resistance_curvature","ok",10,10,7,7,0.00800000000000001,"",""
"kite","rumor","rumor","ok",10,10,5,5,0.00900000000000034,"",""
"kite","s_core","s_core","ok",10,10,3,3,0.00400000000000045,"",""
"kite","s_shell","s_shell","ok",10,10,4,4,0.00699999999999967,"",""
"kite","salsa","salsa","nonfinite",0,10,NA,NA,0.0110000000000001,"SALSA requires a directed graph; returning NA",""
"kite","second_order","second_order","ok",10,10,8,7,0.00899999999999945,"",""
"kite","semilocal","semilocal","ok",10,10,7,7,0.00700000000000056,"",""
"kite","shapley_game1","shapley_game1","ok",10,10,7,7,0.000999999999999446,"",""
"kite","shapley_game2","shapley_game2","ok",10,10,7,7,0,"",""
"kite","shapley_game3","shapley_game3","ok",10,10,5,5,0.00100000000000033,"",""
"kite","single_discount","single_discount","ok",10,10,10,10,0,"",""
"kite","spanning_tree","spanning_tree","ok",10,10,8,7,0.00400000000000045,"",""
"kite","spectralrank","spectralrank","ok",10,10,10,7,0.0149999999999997,"",""
"kite","strength","strength","ok",10,10,6,6,0,"",""
"kite","stress","stress","ok",10,10,6,6,0.0229999999999997,"",""
"kite","subgraph","subgraph","ok",10,10,10,7,0.000999999999999446,"",""
"kite","support","support","ok",10,10,6,6,0.00100000000000033,"",""
"kite","topological_coefficient","topological_coefficient","ok",10,10,7,7,0.00499999999999989,"",""
"kite","transitivity","transitivity","nonfinite",9,10,NA,NA,0.00100000000000033,"",""
"kite","trophic_level","trophic_level","nonfinite",0,10,NA,NA,0.00300000000000011,"trophic_level requires a directed graph; returning NA",""
"kite","truss","truss","ok",10,10,3,3,0.00300000000000011,"",""
"kite","two_way_rw","two_way_rw","ok",10,10,6,6,0.0109999999999992,"",""
"kite","volume","volume","ok",10,10,5,5,0.00400000000000045,"",""
"kite","voterank","voterank","ok",10,10,10,10,0.0190000000000001,"",""
"kite","voterank_plus","voterank_plus","ok",10,10,10,10,0.00999999999999979,"",""
"kite","weighted_h_index","weighted_h_index","ok",10,10,6,6,0,"",""
"kite","weighted_kshell","weighted_kshell","ok",10,10,3,3,0.00499999999999989,"",""
"kite","weighted_leaderrank","weighted_leaderrank","ok",10,10,8,7,0.00700000000000056,"",""
"kite","wiener","wiener","ok",10,10,6,6,0.000999999999999446,"",""
"kite","within_module_z","within_module_z","nonfinite",3,10,NA,NA,0.00600000000000023,"",""
"kite","wvoterank","wvoterank","ok",10,10,10,10,0.00800000000000001,"",""
"kite","x_degree","x_degree","ok",10,10,6,6,0.00300000000000011,"",""
"kite","candidate_14","gravity","ok",10,10,7,7,0.00100000000000033,"",""
"kite","candidate_18","betweenness","ok",10,10,6,6,0.000999999999999446,"",""
"kite","candidate_21","gravity","ok",10,10,7,7,0,"",""
"UKfaculty","access_information","access_information","ok",81,81,81,81,0.0289999999999999,"",""
"UKfaculty","adaptive_leaderrank","adaptive_leaderrank","ok",81,81,80,74,0.00199999999999978,"",""
"UKfaculty","alpha","alpha","ok",81,81,81,81,0.00199999999999978,"",""
"UKfaculty","authority","authority","ok",81,81,81,81,0.00100000000000033,"",""
"UKfaculty","average_distance","average_distance","ok",81,81,53,53,0.0270000000000001,"",""
"UKfaculty","barycenter","barycenter","ok",81,81,53,53,0.0270000000000001,"",""
"UKfaculty","beta_measure","beta_measure","ok",81,81,81,81,0,"",""
"UKfaculty","betweenness","betweenness","ok",81,81,80,80,0.00100000000000033,"",""
"UKfaculty","bottleneck","bottleneck","ok",81,81,24,24,0.774,"",""
"UKfaculty","bridging","bridging","ok",81,81,80,80,0.00699999999999967,"",""
"UKfaculty","bridging_capital","bridging_capital","costly_above_40",0,81,NA,NA,0,"",""
"UKfaculty","bridging_coefficient","bridging_coefficient","ok",81,81,81,81,0.00100000000000033,"",""
"UKfaculty","brokerage_coordinator","brokerage_coordinator","nonfinite",0,81,NA,NA,0,"brokerage requires a directed graph; returning NA",""
"UKfaculty","brokerage_gatekeeper","brokerage_gatekeeper","nonfinite",0,81,NA,NA,0,"brokerage requires a directed graph; returning NA",""
"UKfaculty","brokerage_itinerant","brokerage_itinerant","nonfinite",0,81,NA,NA,0,"brokerage requires a directed graph; returning NA",""
"UKfaculty","brokerage_liaison","brokerage_liaison","nonfinite",0,81,NA,NA,0,"brokerage requires a directed graph; returning NA",""
"UKfaculty","brokerage_representative","brokerage_representative","nonfinite",0,81,NA,NA,0,"brokerage requires a directed graph; returning NA",""
"UKfaculty","cda","cda","ok",81,81,81,81,0,"",""
"UKfaculty","centroid","centroid","ok",81,81,46,46,0.0390000000000006,"",""
"UKfaculty","closeness","closeness","ok",81,81,53,53,0,"",""
"UKfaculty","closeness_vitality","closeness_vitality","ok",81,81,55,55,0.0810000000000004,"",""
"UKfaculty","clusterrank","clusterrank","ok",81,81,81,81,0.00600000000000023,"",""
"UKfaculty","coleman_theil","coleman_theil","ok",81,81,81,81,0.000999999999999446,"",""
"UKfaculty","collective_influence","collective_influence","ok",81,81,80,80,0.00100000000000033,"",""
"UKfaculty","comm_centrality","comm_centrality","ok",81,81,72,72,0.000999999999999446,"",""
"UKfaculty","communicability","communicability","ok",81,81,81,81,0.00100000000000033,"",""
"UKfaculty","communicability_betweenness","communicability_betweenness","ok",81,81,81,81,0.0590000000000002,"",""
"UKfaculty","community_based","community_based","ok",81,81,74,74,0,"",""
"UKfaculty","community_hub_bridge","community_hub_bridge","ok",81,81,71,71,0,"",""
"UKfaculty","community_mediator","community_mediator","ok",81,81,54,53,0.00100000000000033,"",""
"UKfaculty","constraint","constraint","ok",81,81,81,81,0,"",""
"UKfaculty","controlrank","controlrank","costly_above_40",0,81,NA,NA,0,"",""
"UKfaculty","coreness","coreness","ok",81,81,9,9,0,"",""
"UKfaculty","cross_clique","cross_clique","ok",81,81,77,77,0.0440000000000005,"",""
"UKfaculty","current_flow_betweenness","current_flow_betweenness","ok",81,81,81,81,0.391999999999999,"",""
"UKfaculty","current_flow_closeness","current_flow_closeness","ok",81,81,81,81,0.00200000000000067,"",""
"UKfaculty","dangalchev","dangalchev","ok",81,81,59,59,0.0310000000000006,"",""
"UKfaculty","decay","decay","ok",81,81,59,59,0.0339999999999989,"",""
"UKfaculty","degree","degree","ok",81,81,27,27,0,"",""
"UKfaculty","degree_discount","degree_discount","ok",81,81,81,81,0,"",""
"UKfaculty","delta_betweenness","delta_betweenness","ok",81,81,80,80,0.0510000000000002,"",""
"UKfaculty","delta_closeness","delta_closeness","ok",81,81,70,67,0.032,"",""
"UKfaculty","diffusion","diffusion","ok",81,81,75,75,0.000999999999999446,"",""
"UKfaculty","diffusion_centrality","diffusion_centrality","ok",81,81,81,81,0,"",""
"UKfaculty","distance_entropy","distance_entropy","ok",81,81,74,73,0.032,"",""
"UKfaculty","diversity","diversity","constant",81,81,1,1,0,"",""
"UKfaculty","dmnc","dmnc","ok",81,81,77,77,0.0310000000000006,"",""
"UKfaculty","dynamical_importance","dynamical_importance","costly_above_40",0,81,NA,NA,0,"",""
"UKfaculty","dynamics_sensitive","dynamics_sensitive","ok",81,81,81,81,0.000999999999999446,"",""
"UKfaculty","eccentricity","eccentricity","ok",81,81,2,2,0.000999999999999446,"",""
"UKfaculty","effective_size","effective_size","ok",81,81,69,66,0.043000000000001,"",""
"UKfaculty","ego_betweenness","ego_betweenness","ok",81,81,79,79,0.0759999999999987,"",""
"UKfaculty","eigenvector","eigenvector","ok",81,81,81,81,0.00100000000000122,"",""
"UKfaculty","enrenew","enrenew","ok",81,81,81,81,0.0329999999999995,"",""
"UKfaculty","entropy","entropy","constant",81,81,1,1,0.0589999999999993,"",""
"UKfaculty","entropy_variation_betweenness","entropy_variation_betweenness","costly_above_40",0,81,NA,NA,0,"",""
"UKfaculty","entropy_variation_degree","entropy_variation_degree","ok",81,81,81,81,0.00100000000000122,"",""
"UKfaculty","epc","epc","costly_above_40",0,81,NA,NA,0,"",""
"UKfaculty","exogenous","exogenous","costly_above_40",0,81,NA,NA,0,"",""
"UKfaculty","expected","expected","ok",81,81,74,74,0.000999999999999446,"",""
"UKfaculty","expected_force","expected_force","ok",81,81,81,81,0.0180000000000007,"",""
"UKfaculty","expected_influence_1","expected_influence_1","ok",81,81,27,27,0.000999999999999446,"",""
"UKfaculty","expected_influence_2","expected_influence_2","ok",81,81,76,76,0,"",""
"UKfaculty","extended_coreness","extended_coreness","ok",81,81,81,81,0,"",""
"UKfaculty","extended_gravity","extended_gravity","ok",81,81,81,81,0.0499999999999989,"",""
"UKfaculty","extended_local_bridging","extended_local_bridging","costly_above_40",0,81,NA,NA,0,"",""
"UKfaculty","extended_mixed_gravity","extended_mixed_gravity","ok",81,81,81,81,0.032,"",""
"UKfaculty","flow_betweenness","flow_betweenness","ok",81,81,81,81,1.238,"",""
"UKfaculty","flow_coefficient","flow_coefficient","ok",81,81,70,70,0.00199999999999889,"",""
"UKfaculty","fragmentation","fragmentation","costly_above_40",0,81,NA,NA,0,"",""
"UKfaculty","fuzzy_local_dimension","fuzzy_local_dimension","ok",81,81,80,77,0.016,"",""
"UKfaculty","gateway","gateway","ok",81,81,81,81,0.00200000000000067,"",""
"UKfaculty","generalized_closeness","generalized_closeness","ok",81,81,59,59,0.0389999999999997,"",""
"UKfaculty","geodesic_kpath","geodesic_kpath","ok",81,81,72,72,0.016,"",""
"UKfaculty","gilschmidt","gilschmidt","ok",81,81,70,67,0.00100000000000122,"",""
"UKfaculty","global_structure","global_structure","ok",81,81,78,78,0.0399999999999991,"",""
"UKfaculty","godfather","godfather","ok",81,81,55,55,0.00100000000000122,"",""
"UKfaculty","graph_regularization","graph_regularization","ok",81,81,81,81,0.00199999999999889,"",""
"UKfaculty","gravity","gravity","ok",81,81,81,81,0.0389999999999997,"",""
"UKfaculty","harary","harary","ok",81,81,78,77,0.016,"",""
"UKfaculty","harmonic","harmonic","ok",81,81,77,67,0.00100000000000122,"",""
"UKfaculty","heatmap","heatmap","ok",81,81,80,80,0.0409999999999986,"",""
"UKfaculty","hide_information","hide_information","ok",81,81,81,81,0.0390000000000015,"",""
"UKfaculty","hindex_strength","hindex_strength","ok",81,81,16,16,0.00699999999999967,"",""
"UKfaculty","hub","hub","ok",81,81,81,81,0,"",""
"UKfaculty","hubbell","hubbell","nonfinite",0,81,NA,NA,0.00100000000000122,"hubbell: not solvable for this graph at weightfactor=0.5 (spectral radius >= 1); returning NA",""
"UKfaculty","hybrid_global_structure","hybrid_global_structure","ok",81,81,81,81,0.0149999999999988,"",""
"UKfaculty","improved_closeness","improved_closeness","ok",81,81,81,81,0.00999999999999979,"",""
"UKfaculty","improved_global_structure","improved_global_structure","ok",81,81,81,81,0.0370000000000008,"",""
"UKfaculty","infection","infection","costly_above_40",0,81,NA,NA,0,"",""
"UKfaculty","information","information","ok",81,81,81,81,0.000999999999999446,"",""
"UKfaculty","integration","integration","ok",81,81,53,53,0.000999999999999446,"",""
"UKfaculty","katz","katz","ok",81,81,81,81,0.00100000000000122,"katz: alpha = 0.1 does not converge on this graph (needs alpha < 0.05186); the values are not Katz scores. Lower `katz_alpha`.",""
"UKfaculty","kpath","kpath","ok",81,81,81,81,0.568999999999999,"",""
"UKfaculty","kreach","kreach","ok",81,81,5,5,0.000999999999999446,"",""
"UKfaculty","lac","lac","ok",81,81,69,69,0.0170000000000012,"",""
"UKfaculty","laplacian","laplacian","ok",81,81,76,76,0.0179999999999989,"",""
"UKfaculty","leaderrank","leaderrank","nonfinite",0,81,NA,NA,0.00100000000000122,"LeaderRank requires a directed graph; returning NA",""
"UKfaculty","length_scaled_betweenness","length_scaled_betweenness","ok",81,81,80,80,0.0259999999999998,"",""
"UKfaculty","leverage","leverage","ok",81,81,81,81,0.00399999999999956,"",""
"UKfaculty","lin","lin","ok",81,81,53,53,0.0440000000000005,"",""
"UKfaculty","linerank","linerank","costly_above_40",0,81,NA,NA,0,"",""
"UKfaculty","load","load","ok",81,81,80,80,0.0629999999999988,"",""
"UKfaculty","lobby","lobby","ok",81,81,16,16,0.020999999999999,"",""
"UKfaculty","local_bridging","local_bridging","ok",81,81,81,81,0.00600000000000023,"",""
"UKfaculty","local_dimension","local_dimension","ok",81,81,77,77,0.016,"",""
"UKfaculty","local_dimension_fixed","local_dimension_fixed","ok",81,81,73,73,0.0410000000000004,"",""
"UKfaculty","local_efficiency","local_efficiency","ok",81,81,77,74,0.0289999999999999,"",""
"UKfaculty","local_entropy","local_entropy","ok",81,81,81,81,0.0190000000000001,"",""
"UKfaculty","local_hindex","local_hindex","ok",81,81,9,9,0.011000000000001,"",""
"UKfaculty","local_information_dimension","local_information_dimension","ok",81,81,77,77,0.016,"",""
"UKfaculty","local_volume_dimension","local_volume_dimension","ok",81,81,81,81,0.0439999999999987,"",""
"UKfaculty","localized_bridging","localized_bridging","ok",81,81,80,80,0.000999999999999446,"",""
"UKfaculty","malatya","malatya","ok",81,81,81,81,0.000999999999999446,"",""
"UKfaculty","map_equation","map_equation","ok",81,81,27,27,0.00100000000000122,"",""
"UKfaculty","markov","markov","ok",81,81,81,81,0.00600000000000023,"",""
"UKfaculty","mcc","mcc","costly_above_40",0,81,NA,NA,0,"",""
"UKfaculty","mcgm","mcgm","ok",81,81,81,81,0.0380000000000003,"",""
"UKfaculty","mdd","mdd","ok",81,81,47,47,0.000999999999999446,"",""
"UKfaculty","mixed_gravity","mixed_gravity","ok",81,81,81,81,0.016,"",""
"UKfaculty","mnc","mnc","ok",81,81,28,28,0.0210000000000008,"",""
"UKfaculty","modified_expected_force","modified_expected_force","ok",81,81,81,81,0.0449999999999999,"",""
"UKfaculty","modularity_vitality","modularity_vitality","ok",81,81,77,77,0.000999999999999446,"",""
"UKfaculty","ncvoterank","ncvoterank","ok",81,81,81,81,0.00300000000000011,"",""
"UKfaculty","neighborhood_connectivity","neighborhood_connectivity","ok",81,81,76,76,0.000999999999999446,"",""
"UKfaculty","ninl","ninl","ok",81,81,81,81,0.0150000000000006,"",""
"UKfaculty","node_contraction","node_contraction","ok",81,81,81,81,1.807,"",""
"UKfaculty","node_contraction_improved","node_contraction_improved","costly_above_40",0,81,NA,NA,0,"",""
"UKfaculty","nonbacktracking","nonbacktracking","ok",81,81,81,81,0.266999999999999,"",""
"UKfaculty","onion","onion","ok",81,81,23,23,0.00699999999999967,"",""
"UKfaculty","pagerank","pagerank","ok",81,81,81,81,0,"",""
"UKfaculty","pairwisedis","pairwisedis","nonfinite",0,81,NA,NA,0.000999999999999446,"pairwisedis requires a directed graph; returning NA",""
"UKfaculty","participation","participation","ok",81,81,50,49,0.00500000000000078,"",""
"UKfaculty","percolation","percolation","ok",81,81,80,80,0.0920000000000005,"",""
"UKfaculty","power","power","ok",81,81,81,81,0.00200000000000067,"",""
"UKfaculty","prestige_domain","prestige_domain","nonfinite",0,81,NA,NA,0,"prestige_domain requires a directed graph; returning NA",""
"UKfaculty","prestige_domain_proximity","prestige_domain_proximity","nonfinite",0,81,NA,NA,0,"prestige_domain_proximity requires a directed graph; returning NA",""
"UKfaculty","proximal_betweenness","proximal_betweenness","ok",81,81,80,80,0.0129999999999999,"",""
"UKfaculty","radiality","radiality","ok",81,81,53,53,0.0350000000000001,"",""
"UKfaculty","random_walk","random_walk","ok",81,81,81,81,0.00600000000000023,"",""
"UKfaculty","random_walk_decay","random_walk_decay","costly_above_40",0,81,NA,NA,0,"",""
"UKfaculty","reaching_local","reaching_local","ok",81,81,76,67,0.000999999999999446,"",""
"UKfaculty","redundancy","redundancy","ok",81,81,69,69,0.000999999999999446,"",""
"UKfaculty","renewed_coreness","renewed_coreness","ok",81,81,9,9,0.00100000000000122,"",""
"UKfaculty","residual_closeness","residual_closeness","ok",81,81,59,59,0.0389999999999997,"",""
"UKfaculty","resistance_curvature","resistance_curvature","costly_above_40",0,81,NA,NA,0,"",""
"UKfaculty","rumor","rumor","ok",81,81,80,80,0.0259999999999998,"",""
"UKfaculty","s_core","s_core","ok",81,81,9,9,0,"",""
"UKfaculty","s_shell","s_shell","ok",81,81,39,39,0,"",""
"UKfaculty","salsa","salsa","nonfinite",0,81,NA,NA,0,"SALSA requires a directed graph; returning NA",""
"UKfaculty","second_order","second_order","ok",81,81,81,81,0.00699999999999967,"",""
"UKfaculty","semilocal","semilocal","ok",81,81,81,81,0.106999999999999,"",""
"UKfaculty","shapley_game1","shapley_game1","ok",81,81,81,81,0,"",""
"UKfaculty","shapley_game2","shapley_game2","ok",81,81,81,81,0.00100000000000122,"",""
"UKfaculty","shapley_game3","shapley_game3","ok",81,81,79,78,0.016,"",""
"UKfaculty","single_discount","single_discount","ok",81,81,81,81,0.000999999999999446,"",""
"UKfaculty","spanning_tree","spanning_tree","ok",81,81,81,81,0,"",""
"UKfaculty","spectralrank","spectralrank","ok",81,81,81,81,0.000999999999999446,"",""
"UKfaculty","strength","strength","ok",81,81,27,27,0,"",""
"UKfaculty","stress","stress","ok",81,81,74,74,0.146000000000001,"",""
"UKfaculty","subgraph","subgraph","ok",81,81,81,81,0.00199999999999889,"",""
"UKfaculty","support","support","ok",81,81,28,28,0.000999999999999446,"",""
"UKfaculty","topological_coefficient","topological_coefficient","ok",81,81,80,80,0.0100000000000016,"",""
"UKfaculty","transitivity","transitivity","ok",81,81,71,70,0,"",""
"UKfaculty","trophic_level","trophic_level","nonfinite",0,81,NA,NA,0,"trophic_level requires a directed graph; returning NA",""
"UKfaculty","truss","truss","ok",81,81,7,7,0.00200000000000067,"",""
"UKfaculty","two_way_rw","two_way_rw","costly_above_40",0,81,NA,NA,0,"",""
"UKfaculty","volume","volume","ok",81,81,70,70,0.0150000000000006,"",""
"UKfaculty","voterank","voterank","ok",81,81,81,81,0.236999999999998,"",""
"UKfaculty","voterank_plus","voterank_plus","ok",81,81,81,81,0.00400000000000134,"",""
"UKfaculty","weighted_h_index","weighted_h_index","ok",81,81,66,66,0.00199999999999889,"",""
"UKfaculty","weighted_kshell","weighted_kshell","ok",81,81,9,9,0.00200000000000067,"",""
"UKfaculty","weighted_leaderrank","weighted_leaderrank","ok",81,81,81,81,0.000999999999999446,"",""
"UKfaculty","wiener","wiener","ok",81,81,53,53,0.0340000000000007,"",""
"UKfaculty","within_module_z","within_module_z","ok",81,81,42,42,0.00600000000000023,"",""
"UKfaculty","wvoterank","wvoterank","ok",81,81,81,81,0.00199999999999889,"",""
"UKfaculty","x_degree","x_degree","ok",81,81,81,81,0.00100000000000122,"",""
"UKfaculty","candidate_14","gravity","ok",81,81,81,81,0.0569999999999986,"",""
"UKfaculty","candidate_18","betweenness","ok",81,81,80,80,0,"",""
"UKfaculty","candidate_21","gravity","ok",81,81,78,78,0.016,"",""
"macaque","access_information","access_information","ok",45,45,45,45,0.00399999999999956,"",""
"macaque","adaptive_leaderrank","adaptive_leaderrank","ok",45,45,45,43,0.000999999999999446,"",""
"macaque","alpha","alpha","ok",45,45,45,45,0.00200000000000067,"",""
"macaque","authority","authority","ok",45,45,45,45,0.000999999999999446,"",""
"macaque","average_distance","average_distance","ok",45,45,28,28,0.0340000000000007,"",""
"macaque","barycenter","barycenter","ok",45,45,28,28,0.00399999999999956,"",""
"macaque","beta_measure","beta_measure","ok",45,45,45,45,0,"",""
"macaque","betweenness","betweenness","ok",45,45,45,45,0,"",""
"macaque","bottleneck","bottleneck","ok",45,45,21,21,0.217000000000001,"",""
"macaque","bridging","bridging","ok",45,45,45,45,0.00399999999999956,"",""
"macaque","bridging_capital","bridging_capital","costly_above_40",0,45,NA,NA,0,"",""
"macaque","bridging_coefficient","bridging_coefficient","ok",45,45,45,45,0.000999999999999446,"",""
"macaque","brokerage_coordinator","brokerage_coordinator","nonfinite",0,45,NA,NA,0,"brokerage requires a directed graph; returning NA",""
"macaque","brokerage_gatekeeper","brokerage_gatekeeper","nonfinite",0,45,NA,NA,0.00100000000000122,"brokerage requires a directed graph; returning NA",""
"macaque","brokerage_itinerant","brokerage_itinerant","nonfinite",0,45,NA,NA,0,"brokerage requires a directed graph; returning NA",""
"macaque","brokerage_liaison","brokerage_liaison","nonfinite",0,45,NA,NA,0.000999999999999446,"brokerage requires a directed graph; returning NA",""
"macaque","brokerage_representative","brokerage_representative","nonfinite",0,45,NA,NA,0,"brokerage requires a directed graph; returning NA",""
"macaque","cda","cda","ok",45,45,45,45,0.000999999999999446,"",""
"macaque","centroid","centroid","ok",45,45,25,25,0.00600000000000023,"",""
"macaque","closeness","closeness","ok",45,45,28,28,0,"",""
"macaque","closeness_vitality","closeness_vitality","ok",45,45,31,31,0.0169999999999995,"",""
"macaque","clusterrank","clusterrank","ok",45,45,45,45,0.00300000000000011,"",""
"macaque","coleman_theil","coleman_theil","ok",45,45,45,45,0.00100000000000122,"",""
"macaque","collective_influence","collective_influence","ok",45,45,45,45,0.000999999999999446,"",""
"macaque","comm_centrality","comm_centrality","ok",45,45,44,44,0.000999999999999446,"",""
"macaque","communicability","communicability","ok",45,45,45,45,0.00100000000000122,"",""
"macaque","communicability_betweenness","communicability_betweenness","ok",45,45,45,45,0.00799999999999912,"",""
"macaque","community_based","community_based","ok",45,45,39,39,0,"",""
"macaque","community_hub_bridge","community_hub_bridge","ok",45,45,43,43,0,"",""
"macaque","community_mediator","community_mediator","ok",45,45,36,36,0.00100000000000122,"",""
"macaque","constraint","constraint","ok",45,45,45,45,0,"",""
"macaque","controlrank","controlrank","costly_above_40",0,45,NA,NA,0,"",""
"macaque","coreness","coreness","ok",45,45,6,6,0,"",""
"macaque","cross_clique","cross_clique","ok",45,45,40,40,0.00900000000000034,"",""
"macaque","current_flow_betweenness","current_flow_betweenness","ok",45,45,45,45,0.0459999999999994,"",""
"macaque","current_flow_closeness","current_flow_closeness","ok",45,45,45,45,0.00100000000000122,"",""
"macaque","dangalchev","dangalchev","ok",45,45,37,37,0.00399999999999956,"",""
"macaque","decay","decay","ok",45,45,37,37,0.0280000000000005,"",""
"macaque","degree","degree","ok",45,45,18,18,0,"",""
"macaque","degree_discount","degree_discount","ok",45,45,45,45,0.000999999999999446,"",""
"macaque","delta_betweenness","delta_betweenness","ok",45,45,45,45,0.00699999999999967,"",""
"macaque","delta_closeness","delta_closeness","ok",45,45,41,40,0.00400000000000134,"",""
"macaque","diffusion","diffusion","ok",45,45,41,41,0.000999999999999446,"",""
"macaque","diffusion_centrality","diffusion_centrality","ok",45,45,45,45,0,"",""
"macaque","distance_entropy","distance_entropy","ok",45,45,39,39,0.00399999999999956,"",""
"macaque","diversity","diversity","constant",45,45,1,1,0,"",""
"macaque","dmnc","dmnc","ok",45,45,42,42,0.0170000000000012,"",""
"macaque","dynamical_importance","dynamical_importance","costly_above_40",0,45,NA,NA,0,"",""
"macaque","dynamics_sensitive","dynamics_sensitive","ok",45,45,45,45,0.000999999999999446,"",""
"macaque","eccentricity","eccentricity","ok",45,45,3,3,0,"",""
"macaque","effective_size","effective_size","ok",45,45,40,39,0.00600000000000023,"",""
"macaque","ego_betweenness","ego_betweenness","ok",45,45,45,45,0.0190000000000001,"",""
"macaque","eigenvector","eigenvector","ok",45,45,45,45,0,"",""
"macaque","enrenew","enrenew","ok",45,45,45,45,0.00399999999999956,"",""
"macaque","entropy","entropy","constant",45,45,1,1,0.0139999999999993,"",""
"macaque","entropy_variation_betweenness","entropy_variation_betweenness","costly_above_40",0,45,NA,NA,0,"",""
"macaque","entropy_variation_degree","entropy_variation_degree","ok",45,45,45,45,0,"",""
"macaque","epc","epc","costly_above_40",0,45,NA,NA,0,"",""
"macaque","exogenous","exogenous","costly_above_40",0,45,NA,NA,0,"",""
"macaque","expected","expected","ok",45,45,42,42,0.000999999999999446,"",""
"macaque","expected_force","expected_force","ok",45,45,45,45,0.0389999999999997,"",""
"macaque","expected_influence_1","expected_influence_1","ok",45,45,18,18,0,"",""
"macaque","expected_influence_2","expected_influence_2","ok",45,45,44,44,0.000999999999999446,"",""
"macaque","extended_coreness","extended_coreness","ok",45,45,45,45,0,"",""
"macaque","extended_gravity","extended_gravity","ok",45,45,45,45,0.00399999999999956,"",""
"macaque","extended_local_bridging","extended_local_bridging","costly_above_40",0,45,NA,NA,0,"",""
"macaque","extended_mixed_gravity","extended_mixed_gravity","ok",45,45,45,45,0.00400000000000134,"",""
"macaque","flow_betweenness","flow_betweenness","ok",45,45,42,42,0.238999999999999,"",""
"macaque","flow_coefficient","flow_coefficient","ok",45,45,40,40,0.00100000000000122,"",""
"macaque","fragmentation","fragmentation","costly_above_40",0,45,NA,NA,0,"",""
"macaque","fuzzy_local_dimension","fuzzy_local_dimension","ok",45,45,45,42,0.00399999999999956,"",""
"macaque","gateway","gateway","ok",45,45,45,45,0.000999999999999446,"",""
"macaque","generalized_closeness","generalized_closeness","ok",45,45,37,37,0.00400000000000134,"",""
"macaque","geodesic_kpath","geodesic_kpath","ok",45,45,37,37,0.004999999999999,"",""
"macaque","gilschmidt","gilschmidt","ok",45,45,41,40,0.00100000000000122,"",""
"macaque","global_structure","global_structure","ok",45,45,42,42,0.032,"",""
"macaque","godfather","godfather","ok",45,45,33,33,0.000999999999999446,"",""
"macaque","graph_regularization","graph_regularization","ok",45,45,45,45,0.000999999999999446,"",""
"macaque","gravity","gravity","ok",45,45,44,44,0.00399999999999956,"",""
"macaque","harary","harary","ok",45,45,43,42,0.00399999999999956,"",""
"macaque","harmonic","harmonic","ok",45,45,42,40,0,"",""
"macaque","heatmap","heatmap","ok",45,45,45,45,0.00399999999999956,"",""
"macaque","hide_information","hide_information","ok",45,45,45,45,0.00399999999999956,"",""
"macaque","hindex_strength","hindex_strength","ok",45,45,10,10,0.00399999999999956,"",""
"macaque","hub","hub","ok",45,45,45,45,0.000999999999999446,"",""
"macaque","hubbell","hubbell","nonfinite",0,45,NA,NA,0,"hubbell: not solvable for this graph at weightfactor=0.5 (spectral radius >= 1); returning NA",""
"macaque","hybrid_global_structure","hybrid_global_structure","ok",45,45,45,45,0.00399999999999956,"",""
"macaque","improved_closeness","improved_closeness","ok",45,45,45,45,0.00300000000000011,"",""
"macaque","improved_global_structure","improved_global_structure","ok",45,45,45,45,0.00399999999999956,"",""
"macaque","infection","infection","costly_above_40",0,45,NA,NA,0,"",""
"macaque","information","information","ok",45,45,45,45,0.00100000000000122,"",""
"macaque","integration","integration","ok",45,45,28,28,0,"",""
"macaque","katz","katz","ok",45,45,45,45,0,"katz: alpha = 0.1 does not converge on this graph (needs alpha < 0.07093); the values are not Katz scores. Lower `katz_alpha`.",""
"macaque","kpath","kpath","ok",45,45,45,45,0.200000000000001,"",""
"macaque","kreach","kreach","ok",45,45,6,6,0.000999999999999446,"",""
"macaque","lac","lac","ok",45,45,40,40,0.0109999999999992,"",""
"macaque","laplacian","laplacian","ok",45,45,44,44,0.0100000000000016,"",""
"macaque","leaderrank","leaderrank","nonfinite",0,45,NA,NA,0,"LeaderRank requires a directed graph; returning NA",""
"macaque","length_scaled_betweenness","length_scaled_betweenness","ok",45,45,45,45,0.00699999999999967,"",""
"macaque","leverage","leverage","ok",45,45,45,45,0.00300000000000011,"",""
"macaque","lin","lin","ok",45,45,28,28,0.00500000000000078,"",""
"macaque","linerank","linerank","costly_above_40",0,45,NA,NA,0,"",""
"macaque","load","load","ok",45,45,45,45,0.0519999999999996,"",""
"macaque","lobby","lobby","ok",45,45,10,10,0.00399999999999956,"",""
"macaque","local_bridging","local_bridging","ok",45,45,45,45,0.00300000000000011,"",""
"macaque","local_dimension","local_dimension","ok",45,45,42,42,0.00400000000000134,"",""
"macaque","local_dimension_fixed","local_dimension_fixed","ok",45,45,38,38,0.00399999999999956,"",""
"macaque","local_efficiency","local_efficiency","ok",45,45,41,41,0.00900000000000034,"",""
"macaque","local_entropy","local_entropy","ok",45,45,45,45,0.000999999999999446,"",""
"macaque","local_hindex","local_hindex","ok",45,45,6,6,0.004999999999999,"",""
"macaque","local_information_dimension","local_information_dimension","ok",45,45,41,41,0.00400000000000134,"",""
"macaque","local_volume_dimension","local_volume_dimension","ok",45,45,44,44,0.00399999999999956,"",""
"macaque","localized_bridging","localized_bridging","ok",45,45,45,45,0.00100000000000122,"",""
"macaque","malatya","malatya","ok",45,45,45,45,0,"",""
"macaque","map_equation","map_equation","ok",45,45,20,18,0,"",""
"macaque","markov","markov","ok",45,45,45,45,0.00200000000000067,"",""
"macaque","mcc","mcc","costly_above_40",0,45,NA,NA,0,"",""
"macaque","mcgm","mcgm","ok",45,45,45,45,0.00399999999999956,"",""
"macaque","mdd","mdd","ok",45,45,30,30,0.00100000000000122,"",""
"macaque","mixed_gravity","mixed_gravity","ok",45,45,45,45,0.0329999999999995,"",""
"macaque","mnc","mnc","ok",45,45,19,19,0.0120000000000005,"",""
"macaque","modified_expected_force","modified_expected_force","ok",45,45,45,45,0.00600000000000023,"",""
"macaque","modularity_vitality","modularity_vitality","ok",45,45,45,45,0.000999999999999446,"",""
"macaque","ncvoterank","ncvoterank","ok",45,45,45,45,0.00200000000000067,"",""
"macaque","neighborhood_connectivity","neighborhood_connectivity","ok",45,45,44,44,0,"",""
"macaque","ninl","ninl","ok",45,45,45,45,0.00399999999999956,"",""
"macaque","node_contraction","node_contraction","ok",45,45,45,45,0.203000000000001,"",""
"macaque","node_contraction_improved","node_contraction_improved","costly_above_40",0,45,NA,NA,0,"",""
"macaque","nonbacktracking","nonbacktracking","ok",45,45,45,45,0.0450000000000017,"",""
"macaque","onion","onion","ok",45,45,21,21,0.00600000000000023,"",""
"macaque","pagerank","pagerank","ok",45,45,45,45,0,"",""
"macaque","pairwisedis","pairwisedis","nonfinite",0,45,NA,NA,0.00100000000000122,"pairwisedis requires a directed graph; returning NA",""
"macaque","participation","participation","ok",45,45,33,32,0.00299999999999656,"",""
"macaque","percolation","percolation","ok",45,45,45,45,0.0210000000000008,"",""
"macaque","power","power","ok",45,45,45,45,0.00199999999999889,"",""
"macaque","prestige_domain","prestige_domain","nonfinite",0,45,NA,NA,0,"prestige_domain requires a directed graph; returning NA",""
"macaque","prestige_domain_proximity","prestige_domain_proximity","nonfinite",0,45,NA,NA,0,"prestige_domain_proximity requires a directed graph; returning NA",""
"macaque","proximal_betweenness","proximal_betweenness","ok",45,45,45,45,0.00399999999999778,"",""
"macaque","radiality","radiality","ok",45,45,28,28,0.00400000000000134,"",""
"macaque","random_walk","random_walk","ok",45,45,45,45,0.00300000000000011,"",""
"macaque","random_walk_decay","random_walk_decay","costly_above_40",0,45,NA,NA,0,"",""
"macaque","reaching_local","reaching_local","ok",45,45,42,40,0,"",""
"macaque","redundancy","redundancy","ok",45,45,40,40,0,"",""
"macaque","renewed_coreness","renewed_coreness","ok",45,45,7,7,0.00100000000000122,"",""
"macaque","residual_closeness","residual_closeness","ok",45,45,37,37,0.00400000000000134,"",""
"macaque","resistance_curvature","resistance_curvature","costly_above_40",0,45,NA,NA,0,"",""
"macaque","rumor","rumor","ok",45,45,43,43,0.0399999999999991,"",""
"macaque","s_core","s_core","ok",45,45,6,6,0.00100000000000122,"",""
"macaque","s_shell","s_shell","ok",45,45,22,22,0.000999999999997669,"",""
"macaque","salsa","salsa","nonfinite",0,45,NA,NA,0,"SALSA requires a directed graph; returning NA",""
"macaque","second_order","second_order","ok",45,45,45,45,0.00300000000000011,"",""
"macaque","semilocal","semilocal","ok",45,45,45,45,0.0380000000000003,"",""
"macaque","shapley_game1","shapley_game1","ok",45,45,45,45,0,"",""
"macaque","shapley_game2","shapley_game2","ok",45,45,45,45,0,"",""
"macaque","shapley_game3","shapley_game3","ok",45,45,40,40,0.00400000000000134,"",""
"macaque","single_discount","single_discount","ok",45,45,45,45,0,"",""
"macaque","spanning_tree","spanning_tree","ok",45,45,45,45,0,"",""
"macaque","spectralrank","spectralrank","ok",45,45,45,45,0.000999999999997669,"",""
"macaque","strength","strength","ok",45,45,18,18,0,"",""
"macaque","stress","stress","ok",45,45,44,44,0.00400000000000134,"",""
"macaque","subgraph","subgraph","ok",45,45,45,45,0.00199999999999889,"",""
"macaque","support","support","ok",45,45,18,18,0,"",""
"macaque","topological_coefficient","topological_coefficient","ok",45,45,44,44,0.00400000000000134,"",""
"macaque","transitivity","transitivity","ok",45,45,40,40,0,"",""
"macaque","trophic_level","trophic_level","nonfinite",0,45,NA,NA,0,"trophic_level requires a directed graph; returning NA",""
"macaque","truss","truss","ok",45,45,7,7,0.00100000000000122,"",""
"macaque","two_way_rw","two_way_rw","costly_above_40",0,45,NA,NA,0,"",""
"macaque","volume","volume","ok",45,45,34,34,0.00400000000000134,"",""
"macaque","voterank","voterank","ok",45,45,45,45,0.0899999999999999,"",""
"macaque","voterank_plus","voterank_plus","ok",45,45,45,45,0.00199999999999889,"",""
"macaque","weighted_h_index","weighted_h_index","ok",45,45,37,37,0.00100000000000122,"",""
"macaque","weighted_kshell","weighted_kshell","ok",45,45,6,6,0,"",""
"macaque","weighted_leaderrank","weighted_leaderrank","ok",45,45,45,45,0,"",""
"macaque","wiener","wiener","ok",45,45,28,28,0.00399999999999778,"",""
"macaque","within_module_z","within_module_z","ok",45,45,22,22,0.00400000000000134,"",""
"macaque","wvoterank","wvoterank","ok",45,45,45,45,0.00100000000000122,"",""
"macaque","x_degree","x_degree","ok",45,45,45,45,0.000999999999997669,"",""
"macaque","candidate_14","gravity","ok",45,45,45,45,0.00400000000000134,"",""
"macaque","candidate_18","betweenness","ok",45,45,45,45,0,"",""
"macaque","candidate_21","gravity","ok",45,45,44,44,0.00399999999999778,"",""
"foodweb_ChesLower","access_information","access_information","ok",37,37,31,31,0.00300000000000011,"",""
"foodweb_ChesLower","adaptive_leaderrank","adaptive_leaderrank","ok",37,37,31,29,0.00100000000000122,"",""
"foodweb_ChesLower","alpha","alpha","ok",37,37,33,31,0.0339999999999989,"",""
"foodweb_ChesLower","authority","authority","ok",37,37,31,31,0.00100000000000122,"",""
"foodweb_ChesLower","average_distance","average_distance","ok",37,37,16,16,0.00300000000000011,"",""
"foodweb_ChesLower","barycenter","barycenter","ok",37,37,16,16,0.00199999999999889,"",""
"foodweb_ChesLower","beta_measure","beta_measure","ok",37,37,31,31,0.00100000000000122,"",""
"foodweb_ChesLower","betweenness","betweenness","ok",37,37,29,29,0,"",""
"foodweb_ChesLower","bottleneck","bottleneck","ok",37,37,9,9,0.0670000000000002,"",""
"foodweb_ChesLower","bridging","bridging","ok",37,37,30,30,0.0350000000000001,"",""
"foodweb_ChesLower","bridging_capital","bridging_capital","ok",37,37,31,31,0.0779999999999994,"",""
"foodweb_ChesLower","bridging_coefficient","bridging_coefficient","ok",37,37,31,31,0,"",""
"foodweb_ChesLower","brokerage_coordinator","brokerage_coordinator","nonfinite",0,37,NA,NA,0.00100000000000122,"brokerage requires a directed graph; returning NA",""
"foodweb_ChesLower","brokerage_gatekeeper","brokerage_gatekeeper","nonfinite",0,37,NA,NA,0,"brokerage requires a directed graph; returning NA",""
"foodweb_ChesLower","brokerage_itinerant","brokerage_itinerant","nonfinite",0,37,NA,NA,0.00100000000000122,"brokerage requires a directed graph; returning NA",""
"foodweb_ChesLower","brokerage_liaison","brokerage_liaison","nonfinite",0,37,NA,NA,0,"brokerage requires a directed graph; returning NA",""
"foodweb_ChesLower","brokerage_representative","brokerage_representative","nonfinite",0,37,NA,NA,0.000999999999997669,"brokerage requires a directed graph; returning NA",""
"foodweb_ChesLower","cda","cda","ok",37,37,31,31,0,"",""
"foodweb_ChesLower","centroid","centroid","ok",37,37,16,16,0.00400000000000134,"",""
"foodweb_ChesLower","closeness","closeness","ok",37,37,16,16,0.00100000000000122,"",""
"foodweb_ChesLower","closeness_vitality","closeness_vitality","ok",37,37,17,17,0.0109999999999992,"",""
"foodweb_ChesLower","clusterrank","clusterrank","ok",37,37,30,30,0.00199999999999889,"",""
"foodweb_ChesLower","coleman_theil","coleman_theil","ok",37,37,31,31,0,"",""
"foodweb_ChesLower","collective_influence","collective_influence","ok",37,37,31,31,0.000999999999997669,"",""
"foodweb_ChesLower","comm_centrality","comm_centrality","ok",37,37,29,29,0.00100000000000122,"",""
"foodweb_ChesLower","communicability","communicability","ok",37,37,32,31,0.00100000000000122,"",""
"foodweb_ChesLower","communicability_betweenness","communicability_betweenness","ok",37,37,37,31,0.00399999999999778,"",""
"foodweb_ChesLower","community_based","community_based","ok",37,37,30,30,0.00100000000000122,"",""
"foodweb_ChesLower","community_hub_bridge","community_hub_bridge","ok",37,37,27,27,0,"",""
"foodweb_ChesLower","community_mediator","community_mediator","ok",37,37,28,28,0.000999999999997669,"",""
"foodweb_ChesLower","constraint","constraint","ok",37,37,31,31,0,"",""
"foodweb_ChesLower","controlrank","controlrank","ok",37,37,34,31,0.00700000000000145,"",""
"foodweb_ChesLower","coreness","coreness","ok",37,37,6,6,0.00100000000000122,"",""
"foodweb_ChesLower","cross_clique","cross_clique","ok",37,37,24,24,0.00300000000000011,"",""
"foodweb_ChesLower","current_flow_betweenness","current_flow_betweenness","ok",37,37,36,31,0.0380000000000003,"",""
"foodweb_ChesLower","current_flow_closeness","current_flow_closeness","ok",37,37,35,31,0.000999999999997669,"",""
"foodweb_ChesLower","dangalchev","dangalchev","ok",37,37,17,17,0.00200000000000244,"",""
"foodweb_ChesLower","decay","decay","ok",37,37,17,17,0.00200000000000244,"",""
"foodweb_ChesLower","degree","degree","ok",37,37,15,15,0.000999999999997669,"",""
"foodweb_ChesLower","degree_discount","degree_discount","ok",37,37,37,37,0,"",""
"foodweb_ChesLower","delta_betweenness","delta_betweenness","ok",37,37,29,29,0.00399999999999778,"",""
"foodweb_ChesLower","delta_closeness","delta_closeness","ok",37,37,17,17,0.00300000000000011,"",""
"foodweb_ChesLower","diffusion","diffusion","ok",37,37,28,28,0.00100000000000122,"",""
"foodweb_ChesLower","diffusion_centrality","diffusion_centrality","ok",37,37,31,31,0,"",""
"foodweb_ChesLower","distance_entropy","distance_entropy","ok",37,37,16,16,0.00199999999999889,"",""
"foodweb_ChesLower","diversity","diversity","constant",37,37,1,1,0.00100000000000122,"",""
"foodweb_ChesLower","dmnc","dmnc","ok",37,37,28,28,0.0139999999999993,"",""
"foodweb_ChesLower","dynamical_importance","dynamical_importance","ok",37,37,34,31,0.0139999999999993,"",""
"foodweb_ChesLower","dynamics_sensitive","dynamics_sensitive","ok",37,37,31,31,0,"",""
"foodweb_ChesLower","eccentricity","eccentricity","ok",37,37,2,2,0.000999999999997669,"",""
"foodweb_ChesLower","effective_size","effective_size","ok",37,37,29,28,0.00400000000000134,"",""
"foodweb_ChesLower","ego_betweenness","ego_betweenness","ok",37,37,29,29,0.0120000000000005,"",""
"foodweb_ChesLower","eigenvector","eigenvector","ok",37,37,35,31,0.00100000000000122,"",""
"foodweb_ChesLower","enrenew","enrenew","ok",37,37,37,37,0.00300000000000011,"",""
"foodweb_ChesLower","entropy","entropy","constant",37,37,1,1,0.0109999999999992,"",""
"foodweb_ChesLower","entropy_variation_betweenness","entropy_variation_betweenness","ok",37,37,31,31,0.00600000000000023,"",""
"foodweb_ChesLower","entropy_variation_degree","entropy_variation_degree","ok",37,37,31,31,0.000999999999997669,"",""
"foodweb_ChesLower","epc","epc","ok",37,37,26,26,0.299,"",""
"foodweb_ChesLower","exogenous","exogenous","ok",37,37,17,17,0.164999999999999,"",""
"foodweb_ChesLower","expected","expected","ok",37,37,29,29,0.00100000000000122,"",""
"foodweb_ChesLower","expected_force","expected_force","ok",37,37,31,31,0.00600000000000023,"",""
"foodweb_ChesLower","expected_influence_1","expected_influence_1","ok",37,37,15,15,0,"",""
"foodweb_ChesLower","expected_influence_2","expected_influence_2","ok",37,37,30,30,0,"",""
"foodweb_ChesLower","extended_coreness","extended_coreness","ok",37,37,30,30,0.000999999999997669,"",""
"foodweb_ChesLower","extended_gravity","extended_gravity","ok",37,37,31,31,0.00200000000000244,"",""
"foodweb_ChesLower","extended_local_bridging","extended_local_bridging","ok",37,37,30,30,0.0340000000000025,"",""
"foodweb_ChesLower","extended_mixed_gravity","extended_mixed_gravity","ok",37,37,31,31,0.00300000000000011,"",""
"foodweb_ChesLower","flow_betweenness","flow_betweenness","ok",37,37,35,35,0.151,"",""
"foodweb_ChesLower","flow_coefficient","flow_coefficient","ok",37,37,27,27,0.000999999999997669,"",""
"foodweb_ChesLower","fragmentation","fragmentation","ok",37,37,19,19,0.141000000000002,"",""
"foodweb_ChesLower","fuzzy_local_dimension","fuzzy_local_dimension","ok",37,37,23,17,0.00300000000000011,"",""
"foodweb_ChesLower","gateway","gateway","ok",37,37,31,31,0.000999999999997669,"",""
"foodweb_ChesLower","generalized_closeness","generalized_closeness","ok",37,37,17,17,0.00300000000000011,"",""
"foodweb_ChesLower","geodesic_kpath","geodesic_kpath","ok",37,37,24,24,0.00300000000000011,"",""
"foodweb_ChesLower","gilschmidt","gilschmidt","ok",37,37,17,17,0,"",""
"foodweb_ChesLower","global_structure","global_structure","ok",37,37,29,29,0.00199999999999889,"",""
"foodweb_ChesLower","godfather","godfather","ok",37,37,25,25,0.00100000000000122,"",""
"foodweb_ChesLower","graph_regularization","graph_regularization","ok",37,37,36,31,0.00100000000000122,"",""
"foodweb_ChesLower","gravity","gravity","ok",37,37,29,29,0.00300000000000011,"",""
"foodweb_ChesLower","harary","harary","ok",37,37,17,17,0.00199999999999889,"",""
"foodweb_ChesLower","harmonic","harmonic","ok",37,37,17,17,0.00100000000000122,"",""
"foodweb_ChesLower","heatmap","heatmap","ok",37,37,31,31,0.0329999999999977,"",""
"foodweb_ChesLower","hide_information","hide_information","ok",37,37,32,31,0.00199999999999889,"",""
"foodweb_ChesLower","hindex_strength","hindex_strength","ok",37,37,9,9,0.00300000000000011,"",""
"foodweb_ChesLower","hub","hub","ok",37,37,32,31,0.000999999999997669,"",""
"foodweb_ChesLower","hubbell","hubbell","nonfinite",0,37,NA,NA,0,"hubbell: not solvable for this graph at weightfactor=0.5 (spectral radius >= 1); returning NA",""
"foodweb_ChesLower","hybrid_global_structure","hybrid_global_structure","ok",37,37,31,31,0.00199999999999889,"",""
"foodweb_ChesLower","improved_closeness","improved_closeness","ok",37,37,31,31,0.00100000000000122,"",""
"foodweb_ChesLower","improved_global_structure","improved_global_structure","ok",37,37,31,31,0.00200000000000244,"",""
"foodweb_ChesLower","infection","infection","ok",37,37,31,31,15.093,"",""
"foodweb_ChesLower","information","information","ok",37,37,35,31,0.000999999999997669,"",""
"foodweb_ChesLower","integration","integration","ok",37,37,24,16,0.00100000000000477,"",""
"foodweb_ChesLower","katz","katz","ok",37,37,33,31,0.000999999999997669,"katz: alpha = 0.1 does not converge on this graph (needs alpha < 0.08236); the values are not Katz scores. Lower `katz_alpha`.",""
"foodweb_ChesLower","kpath","kpath","ok",37,37,30,30,0.0910000000000011,"",""
"foodweb_ChesLower","kreach","kreach","constant",37,37,1,1,0.000999999999997669,"",""
"foodweb_ChesLower","lac","lac","ok",37,37,28,28,0.00800000000000267,"",""
"foodweb_ChesLower","laplacian","laplacian","ok",37,37,31,31,0.00900000000000034,"",""
"foodweb_ChesLower","leaderrank","leaderrank","nonfinite",0,37,NA,NA,0.000999999999997669,"LeaderRank requires a directed graph; returning NA",""
"foodweb_ChesLower","length_scaled_betweenness","length_scaled_betweenness","ok",37,37,29,29,0.00399999999999778,"",""
"foodweb_ChesLower","leverage","leverage","ok",37,37,31,31,0.00199999999999534,"",""
"foodweb_ChesLower","lin","lin","ok",37,37,16,16,0.00200000000000244,"",""
"foodweb_ChesLower","linerank","linerank","ok",37,37,35,31,0.00100000000000477,"",""
"foodweb_ChesLower","load","load","ok",37,37,29,29,0.0119999999999933,"",""
"foodweb_ChesLower","lobby","lobby","ok",37,37,9,9,0.00300000000000011,"",""
"foodweb_ChesLower","local_bridging","local_bridging","ok",37,37,31,31,0.00300000000000011,"",""
"foodweb_ChesLower","local_dimension","local_dimension","ok",37,37,17,17,0.00300000000000011,"",""
"foodweb_ChesLower","local_dimension_fixed","local_dimension_fixed","ok",37,37,17,17,0.00300000000000011,"",""
"foodweb_ChesLower","local_efficiency","local_efficiency","ok",37,37,28,28,0.0339999999999989,"",""
"foodweb_ChesLower","local_entropy","local_entropy","ok",37,37,31,31,0,"",""
"foodweb_ChesLower","local_hindex","local_hindex","ok",37,37,6,6,0.00300000000000011,"",""
"foodweb_ChesLower","local_information_dimension","local_information_dimension","ok",37,37,17,17,0.00300000000000011,"",""
"foodweb_ChesLower","local_volume_dimension","local_volume_dimension","ok",37,37,29,29,0.00300000000000011,"",""
"foodweb_ChesLower","localized_bridging","localized_bridging","ok",37,37,30,30,0,"",""
"foodweb_ChesLower","malatya","malatya","ok",37,37,31,31,0.00100000000000477,"",""
"foodweb_ChesLower","map_equation","map_equation","ok",37,37,16,15,0.000999999999997669,"",""
"foodweb_ChesLower","markov","markov","ok",37,37,34,31,0.00199999999999534,"",""
"foodweb_ChesLower","mcc","mcc","ok",37,37,27,27,0.00600000000000023,"",""
"foodweb_ChesLower","mcgm","mcgm","ok",37,37,33,31,0.00300000000000011,"",""
"foodweb_ChesLower","mdd","mdd","ok",37,37,18,18,0.00100000000000477,"",""
"foodweb_ChesLower","mixed_gravity","mixed_gravity","ok",37,37,31,31,0.00300000000000011,"",""
"foodweb_ChesLower","mnc","mnc","ok",37,37,15,15,0.00999999999999801,"",""
"foodweb_ChesLower","modified_expected_force","modified_expected_force","ok",37,37,31,31,0.00600000000000023,"",""
"foodweb_ChesLower","modularity_vitality","modularity_vitality","ok",37,37,30,30,0,"",""
"foodweb_ChesLower","ncvoterank","ncvoterank","ok",37,37,37,37,0.00100000000000477,"",""
"foodweb_ChesLower","neighborhood_connectivity","neighborhood_connectivity","ok",37,37,30,30,0.000999999999997669,"",""
"foodweb_ChesLower","ninl","ninl","ok",37,37,31,31,0.00200000000000244,"",""
"foodweb_ChesLower","node_contraction","node_contraction","ok",37,37,31,30,0.0889999999999986,"",""
"foodweb_ChesLower","node_contraction_improved","node_contraction_improved","ok",37,37,31,31,25.852,"",""
"foodweb_ChesLower","nonbacktracking","nonbacktracking","ok",37,37,32,31,0.0139999999999958,"",""
"foodweb_ChesLower","onion","onion","ok",37,37,11,11,0.00400000000000489,"",""
"foodweb_ChesLower","pagerank","pagerank","ok",37,37,33,31,0,"",""
"foodweb_ChesLower","pairwisedis","pairwisedis","nonfinite",0,37,NA,NA,0.000999999999997669,"pairwisedis requires a directed graph; returning NA",""
"foodweb_ChesLower","participation","participation","ok",37,37,25,25,0.00300000000000011,"",""
"foodweb_ChesLower","percolation","percolation","ok",37,37,29,29,0.0129999999999981,"",""
"foodweb_ChesLower","power","power","ok",37,37,33,31,0.00200000000000244,"",""
"foodweb_ChesLower","prestige_domain","prestige_domain","nonfinite",0,37,NA,NA,0.000999999999997669,"prestige_domain requires a directed graph; returning NA",""
"foodweb_ChesLower","prestige_domain_proximity","prestige_domain_proximity","nonfinite",0,37,NA,NA,0,"prestige_domain_proximity requires a directed graph; returning NA",""
"foodweb_ChesLower","proximal_betweenness","proximal_betweenness","ok",37,37,29,29,0.00300000000000011,"",""
"foodweb_ChesLower","radiality","radiality","ok",37,37,16,16,0.0360000000000014,"",""
"foodweb_ChesLower","random_walk","random_walk","ok",37,37,32,31,0.00200000000000244,"",""
"foodweb_ChesLower","random_walk_decay","random_walk_decay","ok",37,37,31,31,0.00399999999999778,"",""
"foodweb_ChesLower","reaching_local","reaching_local","ok",37,37,17,17,0.000999999999997669,"",""
"foodweb_ChesLower","redundancy","redundancy","ok",37,37,28,28,0,"",""
"foodweb_ChesLower","renewed_coreness","renewed_coreness","ok",37,37,6,6,0.00100000000000477,"",""
"foodweb_ChesLower","residual_closeness","residual_closeness","ok",37,37,17,17,0.00199999999999534,"",""
"foodweb_ChesLower","resistance_curvature","resistance_curvature","ok",37,37,32,31,0,"",""
"foodweb_ChesLower","rumor","rumor","ok",37,37,27,26,0.00399999999999778,"",""
"foodweb_ChesLower","s_core","s_core","ok",37,37,6,6,0.00100000000000477,"",""
"foodweb_ChesLower","s_shell","s_shell","ok",37,37,12,12,0,"",""
"foodweb_ChesLower","salsa","salsa","nonfinite",0,37,NA,NA,0,"SALSA requires a directed graph; returning NA",""
"foodweb_ChesLower","second_order","second_order","ok",37,37,36,31,0.00200000000000244,"",""
"foodweb_ChesLower","semilocal","semilocal","ok",37,37,31,31,0.0259999999999962,"",""
"foodweb_ChesLower","shapley_game1","shapley_game1","ok",37,37,31,31,0,"",""
"foodweb_ChesLower","shapley_game2","shapley_game2","ok",37,37,31,31,0.00100000000000477,"",""
"foodweb_ChesLower","shapley_game3","shapley_game3","ok",37,37,3,3,0.00199999999999534,"",""
"foodweb_ChesLower","single_discount","single_discount","ok",37,37,37,37,0.00100000000000477,"",""
"foodweb_ChesLower","spanning_tree","spanning_tree","ok",37,37,35,31,0.000999999999997669,"",""
"foodweb_ChesLower","spectralrank","spectralrank","ok",37,37,32,31,0,"",""
"foodweb_ChesLower","strength","strength","ok",37,37,15,15,0,"",""
"foodweb_ChesLower","stress","stress","ok",37,37,25,25,0.00300000000000011,"",""
"foodweb_ChesLower","subgraph","subgraph","ok",37,37,34,31,0.00100000000000477,"",""
"foodweb_ChesLower","support","support","ok",37,37,15,15,0,"",""
"foodweb_ChesLower","topological_coefficient","topological_coefficient","ok",37,37,31,31,0.00300000000000011,"",""
"foodweb_ChesLower","transitivity","transitivity","ok",37,37,28,27,0.000999999999997669,"",""
"foodweb_ChesLower","trophic_level","trophic_level","nonfinite",0,37,NA,NA,0,"trophic_level requires a directed graph; returning NA",""
"foodweb_ChesLower","truss","truss","ok",37,37,5,5,0.00100000000000477,"",""
"foodweb_ChesLower","two_way_rw","two_way_rw","ok",37,37,27,27,0.0120000000000005,"",""
"foodweb_ChesLower","volume","volume","ok",37,37,5,5,0.00300000000000011,"",""
"foodweb_ChesLower","voterank","voterank","ok",37,37,37,37,0.0599999999999952,"",""
"foodweb_ChesLower","voterank_plus","voterank_plus","ok",37,37,37,37,0.00100000000000477,"",""
"foodweb_ChesLower","weighted_h_index","weighted_h_index","ok",37,37,22,22,0.000999999999997669,"",""
"foodweb_ChesLower","weighted_kshell","weighted_kshell","ok",37,37,6,6,0,"",""
"foodweb_ChesLower","weighted_leaderrank","weighted_leaderrank","ok",37,37,32,31,0.00100000000000477,"",""
"foodweb_ChesLower","wiener","wiener","ok",37,37,16,16,0.00199999999999534,"",""
"foodweb_ChesLower","within_module_z","within_module_z","ok",37,37,18,18,0.00299999999999301,"",""
"foodweb_ChesLower","wvoterank","wvoterank","ok",37,37,37,37,0.00100000000000477,"",""
"foodweb_ChesLower","x_degree","x_degree","ok",37,37,31,31,0,"",""
"foodweb_ChesLower","candidate_14","gravity","ok",37,37,31,31,0.00200000000000244,"",""
"foodweb_ChesLower","candidate_18","betweenness","ok",37,37,29,29,0,"",""
"foodweb_ChesLower","candidate_21","gravity","ok",37,37,31,31,0.00300000000000011,"",""
"foodweb_ChesMiddle","access_information","access_information","ok",37,37,36,36,0.00300000000000011,"",""
"foodweb_ChesMiddle","adaptive_leaderrank","adaptive_leaderrank","ok",37,37,34,33,0.00100000000000477,"",""
"foodweb_ChesMiddle","alpha","alpha","ok",37,37,37,36,0.00199999999999534,"",""
"foodweb_ChesMiddle","authority","authority","ok",37,37,36,36,0.00100000000000477,"",""
"foodweb_ChesMiddle","average_distance","average_distance","ok",37,37,18,18,0.00199999999999534,"",""
"foodweb_ChesMiddle","barycenter","barycenter","ok",37,37,18,18,0.00199999999999534,"",""
"foodweb_ChesMiddle","beta_measure","beta_measure","ok",37,37,36,36,0.00100000000000477,"",""
"foodweb_ChesMiddle","betweenness","betweenness","ok",37,37,34,34,0,"",""
"foodweb_ChesMiddle","bottleneck","bottleneck","ok",37,37,13,13,0.120999999999995,"",""
"foodweb_ChesMiddle","bridging","bridging","ok",37,37,34,34,0.00300000000000011,"",""
"foodweb_ChesMiddle","bridging_capital","bridging_capital","ok",37,37,33,33,0.056999999999995,"",""
"foodweb_ChesMiddle","bridging_coefficient","bridging_coefficient","ok",37,37,36,36,0.00100000000000477,"",""
"foodweb_ChesMiddle","brokerage_coordinator","brokerage_coordinator","nonfinite",0,37,NA,NA,0,"brokerage requires a directed graph; returning NA",""
"foodweb_ChesMiddle","brokerage_gatekeeper","brokerage_gatekeeper","nonfinite",0,37,NA,NA,0,"brokerage requires a directed graph; returning NA",""
"foodweb_ChesMiddle","brokerage_itinerant","brokerage_itinerant","nonfinite",0,37,NA,NA,0,"brokerage requires a directed graph; returning NA",""
"foodweb_ChesMiddle","brokerage_liaison","brokerage_liaison","nonfinite",0,37,NA,NA,0.000999999999997669,"brokerage requires a directed graph; returning NA",""
"foodweb_ChesMiddle","brokerage_representative","brokerage_representative","nonfinite",0,37,NA,NA,0,"brokerage requires a directed graph; returning NA",""
"foodweb_ChesMiddle","cda","cda","ok",37,37,36,36,0.00100000000000477,"",""
"foodweb_ChesMiddle","centroid","centroid","ok",37,37,18,18,0.00300000000000011,"",""
"foodweb_ChesMiddle","closeness","closeness","ok",37,37,18,18,0,"",""
"foodweb_ChesMiddle","closeness_vitality","closeness_vitality","ok",37,37,18,18,0.0120000000000005,"",""
"foodweb_ChesMiddle","clusterrank","clusterrank","ok",37,37,36,35,0.00300000000000011,"",""
"foodweb_ChesMiddle","coleman_theil","coleman_theil","ok",37,37,36,36,0.000999999999997669,"",""
"foodweb_ChesMiddle","collective_influence","collective_influence","ok",37,37,35,35,0,"",""
"foodweb_ChesMiddle","comm_centrality","comm_centrality","ok",37,37,31,31,0,"",""
"foodweb_ChesMiddle","communicability","communicability","ok",37,37,36,36,0.00100000000000477,"",""
"foodweb_ChesMiddle","communicability_betweenness","communicability_betweenness","ok",37,37,37,36,0.00499999999999545,"",""
"foodweb_ChesMiddle","community_based","community_based","ok",37,37,30,30,0.00100000000000477,"",""
"foodweb_ChesMiddle","community_hub_bridge","community_hub_bridge","ok",37,37,31,31,0,"",""
"foodweb_ChesMiddle","community_mediator","community_mediator","ok",37,37,26,26,0.000999999999997669,"",""
"foodweb_ChesMiddle","constraint","constraint","ok",37,37,36,36,0,"",""
"foodweb_ChesMiddle","controlrank","controlrank","ok",37,37,37,36,0.034000000000006,"",""
"foodweb_ChesMiddle","coreness","coreness","ok",37,37,6,6,0,"",""
"foodweb_ChesMiddle","cross_clique","cross_clique","ok",37,37,31,31,0.00500000000000256,"",""
"foodweb_ChesMiddle","current_flow_betweenness","current_flow_betweenness","ok",37,37,37,36,0.0069999999999979,"",""
"foodweb_ChesMiddle","current_flow_closeness","current_flow_closeness","ok",37,37,37,36,0,"",""
"foodweb_ChesMiddle","dangalchev","dangalchev","ok",37,37,22,22,0.00300000000000011,"",""
"foodweb_ChesMiddle","decay","decay","ok",37,37,22,22,0.00300000000000011,"",""
"foodweb_ChesMiddle","degree","degree","ok",37,37,17,17,0,"",""
"foodweb_ChesMiddle","degree_discount","degree_discount","ok",37,37,37,37,0.000999999999997669,"",""
"foodweb_ChesMiddle","delta_betweenness","delta_betweenness","ok",37,37,34,34,0.00400000000000489,"",""
"foodweb_ChesMiddle","delta_closeness","delta_closeness","ok",37,37,23,22,0.00300000000000011,"",""
"foodweb_ChesMiddle","diffusion","diffusion","ok",37,37,32,32,0.000999999999997669,"",""
"foodweb_ChesMiddle","diffusion_centrality","diffusion_centrality","ok",37,37,36,36,0,"",""
"foodweb_ChesMiddle","distance_entropy","distance_entropy","ok",37,37,21,21,0.00200000000000244,"",""
"foodweb_ChesMiddle","diversity","diversity","constant",37,37,1,1,0.000999999999997669,"",""
"foodweb_ChesMiddle","dmnc","dmnc","ok",37,37,35,35,0.0140000000000029,"",""
"foodweb_ChesMiddle","dynamical_importance","dynamical_importance","ok",37,37,37,36,0.0140000000000029,"",""
"foodweb_ChesMiddle","dynamics_sensitive","dynamics_sensitive","ok",37,37,36,36,0,"",""
"foodweb_ChesMiddle","eccentricity","eccentricity","ok",37,37,2,2,0.000999999999997669,"",""
"foodweb_ChesMiddle","effective_size","effective_size","ok",37,37,32,32,0.00400000000000489,"",""
"foodweb_ChesMiddle","ego_betweenness","ego_betweenness","ok",37,37,34,34,0.0450000000000017,"",""
"foodweb_ChesMiddle","eigenvector","eigenvector","ok",37,37,36,36,0,"",""
"foodweb_ChesMiddle","enrenew","enrenew","ok",37,37,37,37,0.00300000000000011,"",""
"foodweb_ChesMiddle","entropy","entropy","constant",37,37,1,1,0.0110000000000028,"",""
"foodweb_ChesMiddle","entropy_variation_betweenness","entropy_variation_betweenness","ok",37,37,36,36,0.00599999999999312,"",""
"foodweb_ChesMiddle","entropy_variation_degree","entropy_variation_degree","ok",37,37,36,36,0,"",""
"foodweb_ChesMiddle","epc","epc","ok",37,37,20,20,0.219000000000001,"",""
"foodweb_ChesMiddle","exogenous","exogenous","ok",37,37,18,18,0.131,"",""
"foodweb_ChesMiddle","expected","expected","ok",37,37,29,29,0.000999999999997669,"",""
"foodweb_ChesMiddle","expected_force","expected_force","ok",37,37,36,36,0.00600000000000023,"",""
"foodweb_ChesMiddle","expected_influence_1","expected_influence_1","ok",37,37,17,17,0.000999999999997669,"",""
"foodweb_ChesMiddle","expected_influence_2","expected_influence_2","ok",37,37,34,34,0,"",""
"foodweb_ChesMiddle","extended_coreness","extended_coreness","ok",37,37,36,36,0.00100000000000477,"",""
"foodweb_ChesMiddle","extended_gravity","extended_gravity","ok",37,37,36,36,0.00199999999999534,"",""
"foodweb_ChesMiddle","extended_local_bridging","extended_local_bridging","ok",37,37,34,34,0.0359999999999943,"",""
"foodweb_ChesMiddle","extended_mixed_gravity","extended_mixed_gravity","ok",37,37,36,36,0.00200000000000244,"",""
"foodweb_ChesMiddle","flow_betweenness","flow_betweenness","ok",37,37,37,37,0.154000000000003,"",""
"foodweb_ChesMiddle","flow_coefficient","flow_coefficient","ok",37,37,30,30,0.000999999999997669,"",""
"foodweb_ChesMiddle","fragmentation","fragmentation","ok",37,37,23,22,0.131,"",""
"foodweb_ChesMiddle","fuzzy_local_dimension","fuzzy_local_dimension","ok",37,37,27,23,0.00300000000000011,"",""
"foodweb_ChesMiddle","gateway","gateway","ok",37,37,35,35,0.000999999999997669,"",""
"foodweb_ChesMiddle","generalized_closeness","generalized_closeness","ok",37,37,22,22,0.00300000000000011,"",""
"foodweb_ChesMiddle","geodesic_kpath","geodesic_kpath","ok",37,37,27,27,0.00200000000000244,"",""
"foodweb_ChesMiddle","gilschmidt","gilschmidt","ok",37,37,23,22,0,"",""
"foodweb_ChesMiddle","global_structure","global_structure","ok",37,37,30,30,0.00300000000000011,"",""
"foodweb_ChesMiddle","godfather","godfather","ok",37,37,27,27,0,"",""
"foodweb_ChesMiddle","graph_regularization","graph_regularization","ok",37,37,37,36,0,"",""
"foodweb_ChesMiddle","gravity","gravity","ok",37,37,30,30,0.00200000000000244,"",""
"foodweb_ChesMiddle","harary","harary","ok",37,37,23,23,0.00300000000000011,"",""
"foodweb_ChesMiddle","harmonic","harmonic","ok",37,37,23,22,0,"",""
"foodweb_ChesMiddle","heatmap","heatmap","ok",37,37,36,36,0.00300000000000011,"",""
"foodweb_ChesMiddle","hide_information","hide_information","ok",37,37,36,36,0.00300000000000011,"",""
"foodweb_ChesMiddle","hindex_strength","hindex_strength","ok",37,37,8,8,0.00300000000000011,"",""
"foodweb_ChesMiddle","hub","hub","ok",37,37,36,36,0,"",""
"foodweb_ChesMiddle","hubbell","hubbell","nonfinite",0,37,NA,NA,0.000999999999997669,"hubbell: not solvable for this graph at weightfactor=0.5 (spectral radius >= 1); returning NA",""
"foodweb_ChesMiddle","hybrid_global_structure","hybrid_global_structure","ok",37,37,36,36,0.00300000000000011,"",""
"foodweb_ChesMiddle","improved_closeness","improved_closeness","ok",37,37,36,36,0.00200000000000244,"",""
"foodweb_ChesMiddle","improved_global_structure","improved_global_structure","ok",37,37,35,35,0.00200000000000244,"",""
"foodweb_ChesMiddle","infection","infection","error",0,37,NA,NA,30.021,"","reached elapsed time limit"
"foodweb_ChesMiddle","information","information","ok",37,37,36,36,0,"",""
"foodweb_ChesMiddle","integration","integration","ok",37,37,25,18,0,"",""
"foodweb_ChesMiddle","katz","katz","ok",37,37,37,36,0.000999999999990564,"katz: alpha = 0.1 does not converge on this graph (needs alpha < 0.0729); the values are not Katz scores. Lower `katz_alpha`.",""
"foodweb_ChesMiddle","kpath","kpath","ok",37,37,36,36,0.147000000000006,"",""
"foodweb_ChesMiddle","kreach","kreach","constant",37,37,1,1,0.00100000000000477,"",""
"foodweb_ChesMiddle","lac","lac","ok",37,37,32,32,0.00900000000000034,"",""
"foodweb_ChesMiddle","laplacian","laplacian","ok",37,37,31,31,0.00799999999999557,"",""
"foodweb_ChesMiddle","leaderrank","leaderrank","nonfinite",0,37,NA,NA,0.00100000000000477,"LeaderRank requires a directed graph; returning NA",""
"foodweb_ChesMiddle","length_scaled_betweenness","length_scaled_betweenness","ok",37,37,34,34,0.00399999999999068,"",""
"foodweb_ChesMiddle","leverage","leverage","ok",37,37,36,36,0.00199999999999534,"",""
"foodweb_ChesMiddle","lin","lin","ok",37,37,18,18,0.00300000000000011,"",""
"foodweb_ChesMiddle","linerank","linerank","ok",37,37,37,36,0.00200000000000955,"",""
"foodweb_ChesMiddle","load","load","ok",37,37,34,34,0.012999999999991,"",""
"foodweb_ChesMiddle","lobby","lobby","ok",37,37,8,8,0.00300000000000011,"",""
"foodweb_ChesMiddle","local_bridging","local_bridging","ok",37,37,36,36,0.00300000000000011,"",""
"foodweb_ChesMiddle","local_dimension","local_dimension","ok",37,37,23,23,0.00300000000000011,"",""
"foodweb_ChesMiddle","local_dimension_fixed","local_dimension_fixed","ok",37,37,23,23,0.00300000000000011,"",""
"foodweb_ChesMiddle","local_efficiency","local_efficiency","ok",37,37,32,32,0.00799999999999557,"",""
"foodweb_ChesMiddle","local_entropy","local_entropy","ok",37,37,36,36,0,"",""
"foodweb_ChesMiddle","local_hindex","local_hindex","ok",37,37,6,6,0.0349999999999966,"",""
"foodweb_ChesMiddle","local_information_dimension","local_information_dimension","ok",37,37,23,23,0.00300000000000011,"",""
"foodweb_ChesMiddle","local_volume_dimension","local_volume_dimension","ok",37,37,34,34,0.00300000000000011,"",""
"foodweb_ChesMiddle","localized_bridging","localized_bridging","ok",37,37,34,34,0.00100000000000477,"",""
"foodweb_ChesMiddle","malatya","malatya","ok",37,37,36,36,0,"",""
"foodweb_ChesMiddle","map_equation","map_equation","ok",37,37,17,17,0,"",""
"foodweb_ChesMiddle","markov","markov","ok",37,37,37,36,0.00200000000000955,"",""
"foodweb_ChesMiddle","mcc","mcc","ok",37,37,34,34,0.00500000000000966,"",""
"foodweb_ChesMiddle","mcgm","mcgm","ok",37,37,36,36,0.00300000000000011,"",""
"foodweb_ChesMiddle","mdd","mdd","ok",37,37,20,20,0.000999999999990564,"",""
"foodweb_ChesMiddle","mixed_gravity","mixed_gravity","ok",37,37,35,35,0.00200000000000955,"",""
"foodweb_ChesMiddle","mnc","mnc","ok",37,37,18,18,0.00900000000000034,"",""
"foodweb_ChesMiddle","modified_expected_force","modified_expected_force","ok",37,37,36,36,0.00600000000000023,"",""
"foodweb_ChesMiddle","modularity_vitality","modularity_vitality","ok",37,37,32,32,0.00100000000000477,"",""
"foodweb_ChesMiddle","ncvoterank","ncvoterank","ok",37,37,37,37,0.00199999999999534,"",""
"foodweb_ChesMiddle","neighborhood_connectivity","neighborhood_connectivity","ok",37,37,32,32,0,"",""
"foodweb_ChesMiddle","ninl","ninl","ok",37,37,36,36,0.00199999999999534,"",""
"foodweb_ChesMiddle","node_contraction","node_contraction","ok",37,37,34,34,0.0859999999999985,"",""
"foodweb_ChesMiddle","node_contraction_improved","node_contraction_improved","error",0,37,NA,NA,30.047,"","reached elapsed time limit"
"foodweb_ChesMiddle","nonbacktracking","nonbacktracking","ok",37,37,36,36,0.0190000000000055,"",""
"foodweb_ChesMiddle","onion","onion","ok",37,37,12,12,0.00400000000000489,"",""
"foodweb_ChesMiddle","pagerank","pagerank","ok",37,37,36,36,0,"",""
"foodweb_ChesMiddle","pairwisedis","pairwisedis","nonfinite",0,37,NA,NA,0,"pairwisedis requires a directed graph; returning NA",""
"foodweb_ChesMiddle","participation","participation","ok",37,37,24,24,0.00300000000000011,"",""
"foodweb_ChesMiddle","percolation","percolation","ok",37,37,34,34,0.01400000000001,"",""
"foodweb_ChesMiddle","power","power","ok",37,37,37,36,0.00200000000000955,"",""
"foodweb_ChesMiddle","prestige_domain","prestige_domain","nonfinite",0,37,NA,NA,0,"prestige_domain requires a directed graph; returning NA",""
"foodweb_ChesMiddle","prestige_domain_proximity","prestige_domain_proximity","nonfinite",0,37,NA,NA,0.000999999999990564,"prestige_domain_proximity requires a directed graph; returning NA",""
"foodweb_ChesMiddle","proximal_betweenness","proximal_betweenness","ok",37,37,34,34,0.00200000000000955,"",""
"foodweb_ChesMiddle","radiality","radiality","ok",37,37,18,18,0.00200000000000955,"",""
"foodweb_ChesMiddle","random_walk","random_walk","ok",37,37,37,36,0.00199999999999534,"",""
"foodweb_ChesMiddle","random_walk_decay","random_walk_decay","ok",37,37,36,36,0.00400000000000489,"",""
"foodweb_ChesMiddle","reaching_local","reaching_local","ok",37,37,23,22,0.000999999999990564,"",""
"foodweb_ChesMiddle","redundancy","redundancy","ok",37,37,32,32,0,"",""
"foodweb_ChesMiddle","renewed_coreness","renewed_coreness","ok",37,37,5,5,0,"",""
"foodweb_ChesMiddle","residual_closeness","residual_closeness","ok",37,37,22,22,0.00300000000000011,"",""
"foodweb_ChesMiddle","resistance_curvature","resistance_curvature","ok",37,37,36,36,0.00100000000000477,"",""
"foodweb_ChesMiddle","rumor","rumor","ok",37,37,32,31,0.00499999999999545,"",""
"foodweb_ChesMiddle","s_core","s_core","ok",37,37,6,6,0.00100000000000477,"",""
"foodweb_ChesMiddle","s_shell","s_shell","ok",37,37,14,14,0.000999999999990564,"",""
"foodweb_ChesMiddle","salsa","salsa","nonfinite",0,37,NA,NA,0,"SALSA requires a directed graph; returning NA",""
"foodweb_ChesMiddle","second_order","second_order","ok",37,37,37,36,0.00200000000000955,"",""
"foodweb_ChesMiddle","semilocal","semilocal","ok",37,37,34,34,0.0649999999999977,"",""
"foodweb_ChesMiddle","shapley_game1","shapley_game1","ok",37,37,36,36,0,"",""
"foodweb_ChesMiddle","shapley_game2","shapley_game2","ok",37,37,36,36,0.00100000000000477,"",""
"foodweb_ChesMiddle","shapley_game3","shapley_game3","ok",37,37,3,3,0.00199999999999534,"",""
"foodweb_ChesMiddle","single_discount","single_discount","ok",37,37,37,37,0.00100000000000477,"",""
"foodweb_ChesMiddle","spanning_tree","spanning_tree","ok",37,37,37,36,0.00100000000000477,"",""
"foodweb_ChesMiddle","spectralrank","spectralrank","ok",37,37,36,36,0,"",""
"foodweb_ChesMiddle","strength","strength","ok",37,37,17,17,0.000999999999990564,"",""
"foodweb_ChesMiddle","stress","stress","ok",37,37,28,28,0.00300000000000011,"",""
"foodweb_ChesMiddle","subgraph","subgraph","ok",37,37,36,36,0.00100000000000477,"",""
"foodweb_ChesMiddle","support","support","ok",37,37,18,18,0,"",""
"foodweb_ChesMiddle","topological_coefficient","topological_coefficient","ok",37,37,35,35,0.00300000000000011,"",""
"foodweb_ChesMiddle","transitivity","transitivity","ok",37,37,31,30,0,"",""
"foodweb_ChesMiddle","trophic_level","trophic_level","nonfinite",0,37,NA,NA,0,"trophic_level requires a directed graph; returning NA",""
"foodweb_ChesMiddle","truss","truss","ok",37,37,7,7,0.00100000000000477,"",""
"foodweb_ChesMiddle","two_way_rw","two_way_rw","ok",37,37,27,27,0.0109999999999957,"",""
"foodweb_ChesMiddle","volume","volume","ok",37,37,3,3,0.00199999999999534,"",""
"foodweb_ChesMiddle","voterank","voterank","ok",37,37,37,37,0.0370000000000061,"",""
"foodweb_ChesMiddle","voterank_plus","voterank_plus","ok",37,37,37,37,0.000999999999990564,"",""
"foodweb_ChesMiddle","weighted_h_index","weighted_h_index","ok",37,37,25,25,0.00100000000000477,"",""
"foodweb_ChesMiddle","weighted_kshell","weighted_kshell","ok",37,37,6,6,0.00100000000000477,"",""
"foodweb_ChesMiddle","weighted_leaderrank","weighted_leaderrank","ok",37,37,36,36,0,"",""
"foodweb_ChesMiddle","wiener","wiener","ok",37,37,18,18,0.00200000000000955,"",""
"foodweb_ChesMiddle","within_module_z","within_module_z","ok",37,37,20,20,0.00300000000000011,"",""
"foodweb_ChesMiddle","wvoterank","wvoterank","ok",37,37,37,37,0.000999999999990564,"",""
"foodweb_ChesMiddle","x_degree","x_degree","ok",37,37,36,36,0.00100000000000477,"",""
"foodweb_ChesMiddle","candidate_14","gravity","ok",37,37,35,35,0.00300000000000011,"",""
"foodweb_ChesMiddle","candidate_18","betweenness","ok",37,37,34,34,0,"",""
"foodweb_ChesMiddle","candidate_21","gravity","ok",37,37,34,34,0.0259999999999962,"",""
"foodweb_ChesUpper","access_information","access_information","ok",37,37,37,37,0.00300000000000011,"",""
"foodweb_ChesUpper","adaptive_leaderrank","adaptive_leaderrank","ok",37,37,34,32,0.00100000000000477,"",""
"foodweb_ChesUpper","alpha","alpha","ok",37,37,37,37,0.00199999999999534,"",""
"foodweb_ChesUpper","authority","authority","ok",37,37,37,37,0.00100000000000477,"",""
"foodweb_ChesUpper","average_distance","average_distance","ok",37,37,15,15,0.00199999999999534,"",""
"foodweb_ChesUpper","barycenter","barycenter","ok",37,37,15,15,0.00300000000000011,"",""
"foodweb_ChesUpper","beta_measure","beta_measure","ok",37,37,36,36,0,"",""
"foodweb_ChesUpper","betweenness","betweenness","ok",37,37,35,35,0,"",""
"foodweb_ChesUpper","bottleneck","bottleneck","ok",37,37,11,11,0.103999999999999,"",""
"foodweb_ChesUpper","bridging","bridging","ok",37,37,36,36,0.00300000000000011,"",""
"foodweb_ChesUpper","bridging_capital","bridging_capital","ok",37,37,35,35,0.0589999999999975,"",""
"foodweb_ChesUpper","bridging_coefficient","bridging_coefficient","ok",37,37,36,36,0,"",""
"foodweb_ChesUpper","brokerage_coordinator","brokerage_coordinator","nonfinite",0,37,NA,NA,0,"brokerage requires a directed graph; returning NA",""
"foodweb_ChesUpper","brokerage_gatekeeper","brokerage_gatekeeper","nonfinite",0,37,NA,NA,0,"brokerage requires a directed graph; returning NA",""
"foodweb_ChesUpper","brokerage_itinerant","brokerage_itinerant","nonfinite",0,37,NA,NA,0.000999999999990564,"brokerage requires a directed graph; returning NA",""
"foodweb_ChesUpper","brokerage_liaison","brokerage_liaison","nonfinite",0,37,NA,NA,0,"brokerage requires a directed graph; returning NA",""
"foodweb_ChesUpper","brokerage_representative","brokerage_representative","nonfinite",0,37,NA,NA,0.00100000000000477,"brokerage requires a directed graph; returning NA",""
"foodweb_ChesUpper","cda","cda","ok",37,37,37,37,0,"",""
"foodweb_ChesUpper","centroid","centroid","ok",37,37,15,15,0.00400000000000489,"",""
"foodweb_ChesUpper","closeness","closeness","ok",37,37,15,15,0,"",""
"foodweb_ChesUpper","closeness_vitality","closeness_vitality","ok",37,37,16,16,0.0110000000000099,"",""
"foodweb_ChesUpper","clusterrank","clusterrank","ok",37,37,37,37,0.00300000000000011,"",""
"foodweb_ChesUpper","coleman_theil","coleman_theil","ok",37,37,37,37,0.000999999999990564,"",""
"foodweb_ChesUpper","collective_influence","collective_influence","ok",37,37,35,35,0.00100000000000477,"",""
"foodweb_ChesUpper","comm_centrality","comm_centrality","ok",37,37,32,32,0,"",""
"foodweb_ChesUpper","communicability","communicability","ok",37,37,37,37,0,"",""
"foodweb_ChesUpper","communicability_betweenness","communicability_betweenness","ok",37,37,37,37,0.0360000000000014,"",""
"foodweb_ChesUpper","community_based","community_based","ok",37,37,31,31,0,"",""
"foodweb_ChesUpper","community_hub_bridge","community_hub_bridge","ok",37,37,31,31,0.00100000000000477,"",""
"foodweb_ChesUpper","community_mediator","community_mediator","ok",37,37,31,30,0,"",""
"foodweb_ChesUpper","constraint","constraint","ok",37,37,37,37,0.00100000000000477,"",""
"foodweb_ChesUpper","controlrank","controlrank","ok",37,37,37,37,0.00600000000000023,"",""
"foodweb_ChesUpper","coreness","coreness","ok",37,37,6,6,0.000999999999990564,"",""
"foodweb_ChesUpper","cross_clique","cross_clique","ok",37,37,33,33,0.00400000000000489,"",""
"foodweb_ChesUpper","current_flow_betweenness","current_flow_betweenness","ok",37,37,37,37,0.00600000000000023,"",""
"foodweb_ChesUpper","current_flow_closeness","current_flow_closeness","ok",37,37,37,37,0.000999999999990564,"",""
"foodweb_ChesUpper","dangalchev","dangalchev","ok",37,37,17,17,0.00200000000000955,"",""
"foodweb_ChesUpper","decay","decay","ok",37,37,17,17,0.00300000000000011,"",""
"foodweb_ChesUpper","degree","degree","ok",37,37,15,15,0,"",""
"foodweb_ChesUpper","degree_discount","degree_discount","ok",37,37,37,37,0,"",""
"foodweb_ChesUpper","delta_betweenness","delta_betweenness","ok",37,37,35,35,0.00500000000000966,"",""
"foodweb_ChesUpper","delta_closeness","delta_closeness","ok",37,37,17,17,0.00199999999999534,"",""
"foodweb_ChesUpper","diffusion","diffusion","ok",37,37,32,32,0.00100000000000477,"",""
"foodweb_ChesUpper","diffusion_centrality","diffusion_centrality","ok",37,37,37,37,0.000999999999990564,"",""
"foodweb_ChesUpper","distance_entropy","distance_entropy","ok",37,37,16,16,0.00199999999999534,"",""
"foodweb_ChesUpper","diversity","diversity","constant",37,37,1,1,0,"",""
"foodweb_ChesUpper","dmnc","dmnc","ok",37,37,37,37,0.0139999999999958,"",""
"foodweb_ChesUpper","dynamical_importance","dynamical_importance","ok",37,37,37,37,0.0139999999999958,"",""
"foodweb_ChesUpper","dynamics_sensitive","dynamics_sensitive","ok",37,37,37,37,0.00100000000000477,"",""
"foodweb_ChesUpper","eccentricity","eccentricity","ok",37,37,2,2,0,"",""
"foodweb_ChesUpper","effective_size","effective_size","ok",37,37,36,33,0.00499999999999545,"",""
"foodweb_ChesUpper","ego_betweenness","ego_betweenness","ok",37,37,36,36,0.0510000000000019,"",""
"foodweb_ChesUpper","eigenvector","eigenvector","ok",37,37,37,37,0,"",""
"foodweb_ChesUpper","enrenew","enrenew","ok",37,37,37,37,0.00300000000000011,"",""
"foodweb_ChesUpper","entropy","entropy","constant",37,37,1,1,0.0109999999999957,"",""
"foodweb_ChesUpper","entropy_variation_betweenness","entropy_variation_betweenness","ok",37,37,37,37,0.00600000000000023,"",""
"foodweb_ChesUpper","entropy_variation_degree","entropy_variation_degree","ok",37,37,36,36,0,"",""
"foodweb_ChesUpper","epc","epc","ok",37,37,18,18,0.224999999999994,"",""
"foodweb_ChesUpper","exogenous","exogenous","ok",37,37,16,16,0.135000000000005,"",""
"foodweb_ChesUpper","expected","expected","ok",37,37,33,33,0,"",""
"foodweb_ChesUpper","expected_force","expected_force","ok",37,37,37,37,0.00600000000000023,"",""
"foodweb_ChesUpper","expected_influence_1","expected_influence_1","ok",37,37,15,15,0,"",""
"foodweb_ChesUpper","expected_influence_2","expected_influence_2","ok",37,37,35,35,0.00100000000000477,"",""
"foodweb_ChesUpper","extended_coreness","extended_coreness","ok",37,37,36,36,0,"",""
"foodweb_ChesUpper","extended_gravity","extended_gravity","ok",37,37,37,37,0.00200000000000955,"",""
"foodweb_ChesUpper","extended_local_bridging","extended_local_bridging","ok",37,37,36,36,0.0369999999999919,"",""
"foodweb_ChesUpper","extended_mixed_gravity","extended_mixed_gravity","ok",37,37,37,37,0.00199999999999534,"",""
"foodweb_ChesUpper","flow_betweenness","flow_betweenness","ok",37,37,36,36,0.161000000000001,"",""
"foodweb_ChesUpper","flow_coefficient","flow_coefficient","ok",37,37,32,32,0.00100000000000477,"",""
"foodweb_ChesUpper","fragmentation","fragmentation","ok",37,37,17,17,0.131999999999991,"",""
"foodweb_ChesUpper","fuzzy_local_dimension","fuzzy_local_dimension","ok",37,37,25,17,0.00199999999999534,"",""
"foodweb_ChesUpper","gateway","gateway","ok",37,37,37,37,0,"",""
"foodweb_ChesUpper","generalized_closeness","generalized_closeness","ok",37,37,17,17,0.00199999999999534,"",""
"foodweb_ChesUpper","geodesic_kpath","geodesic_kpath","ok",37,37,28,28,0.00300000000000011,"",""
"foodweb_ChesUpper","gilschmidt","gilschmidt","ok",37,37,17,17,0,"",""
"foodweb_ChesUpper","global_structure","global_structure","ok",37,37,26,26,0.00199999999999534,"",""
"foodweb_ChesUpper","godfather","godfather","ok",37,37,32,32,0.00100000000000477,"",""
"foodweb_ChesUpper","graph_regularization","graph_regularization","ok",37,37,37,37,0.000999999999990564,"",""
"foodweb_ChesUpper","gravity","gravity","ok",37,37,26,26,0.00200000000000955,"",""
"foodweb_ChesUpper","harary","harary","ok",37,37,17,17,0.00200000000000955,"",""
"foodweb_ChesUpper","harmonic","harmonic","ok",37,37,17,17,0.000999999999990564,"",""
"foodweb_ChesUpper","heatmap","heatmap","ok",37,37,35,35,0.00200000000000955,"",""
"foodweb_ChesUpper","hide_information","hide_information","ok",37,37,37,37,0.00200000000000955,"",""
"foodweb_ChesUpper","hindex_strength","hindex_strength","ok",37,37,9,9,0.00399999999999068,"",""
"foodweb_ChesUpper","hub","hub","ok",37,37,37,37,0,"",""
"foodweb_ChesUpper","hubbell","hubbell","nonfinite",0,37,NA,NA,0,"hubbell: not solvable for this graph at weightfactor=0.5 (spectral radius >= 1); returning NA",""
"foodweb_ChesUpper","hybrid_global_structure","hybrid_global_structure","ok",37,37,36,36,0.00300000000000011,"",""
"foodweb_ChesUpper","improved_closeness","improved_closeness","ok",37,37,37,37,0.00300000000000011,"",""
"foodweb_ChesUpper","improved_global_structure","improved_global_structure","ok",37,37,35,35,0.00199999999999534,"",""
"foodweb_ChesUpper","infection","infection","error",0,37,NA,NA,30.03,"","reached elapsed time limit"
"foodweb_ChesUpper","information","information","ok",37,37,37,37,0.00100000000000477,"",""
"foodweb_ChesUpper","integration","integration","ok",37,37,25,15,0.00100000000000477,"",""
"foodweb_ChesUpper","katz","katz","ok",37,37,37,37,0.00100000000000477,"katz: alpha = 0.1 does not converge on this graph (needs alpha < 0.07221); the values are not Katz scores. Lower `katz_alpha`.",""
"foodweb_ChesUpper","kpath","kpath","ok",37,37,37,37,0.125,"",""
"foodweb_ChesUpper","kreach","kreach","constant",37,37,1,1,0,"",""
"foodweb_ChesUpper","lac","lac","ok",37,37,34,34,0.00799999999998136,"",""
"foodweb_ChesUpper","laplacian","laplacian","ok",37,37,33,33,0.00800000000000978,"",""
"foodweb_ChesUpper","leaderrank","leaderrank","nonfinite",0,37,NA,NA,0,"LeaderRank requires a directed graph; returning NA",""
"foodweb_ChesUpper","length_scaled_betweenness","length_scaled_betweenness","ok",37,37,35,35,0.00499999999999545,"",""
"foodweb_ChesUpper","leverage","leverage","ok",37,37,36,36,0.00200000000000955,"",""
"foodweb_ChesUpper","lin","lin","ok",37,37,15,15,0.0339999999999918,"",""
"foodweb_ChesUpper","linerank","linerank","ok",37,37,37,37,0.00200000000000955,"",""
"foodweb_ChesUpper","load","load","ok",37,37,35,35,0.0129999999999768,"",""
"foodweb_ChesUpper","lobby","lobby","ok",37,37,9,9,0.0040000000000191,"",""
"foodweb_ChesUpper","local_bridging","local_bridging","ok",37,37,36,36,0.00199999999998113,"",""
"foodweb_ChesUpper","local_dimension","local_dimension","ok",37,37,17,17,0.00200000000000955,"",""
"foodweb_ChesUpper","local_dimension_fixed","local_dimension_fixed","ok",37,37,17,17,0.0029999999999859,"",""
"foodweb_ChesUpper","local_efficiency","local_efficiency","ok",37,37,32,32,0.00800000000000978,"",""
"foodweb_ChesUpper","local_entropy","local_entropy","ok",37,37,36,36,0.00100000000000477,"",""
"foodweb_ChesUpper","local_hindex","local_hindex","ok",37,37,6,6,0.00600000000000023,"",""
"foodweb_ChesUpper","local_information_dimension","local_information_dimension","ok",37,37,17,17,0.0029999999999859,"",""
"foodweb_ChesUpper","local_volume_dimension","local_volume_dimension","ok",37,37,33,33,0.00300000000001432,"",""
"foodweb_ChesUpper","localized_bridging","localized_bridging","ok",37,37,36,36,0.00100000000000477,"",""
"foodweb_ChesUpper","malatya","malatya","ok",37,37,36,36,0,"",""
"foodweb_ChesUpper","map_equation","map_equation","ok",37,37,16,15,0.00100000000000477,"",""
"foodweb_ChesUpper","markov","markov","ok",37,37,37,37,0.00199999999998113,"",""
"foodweb_ChesUpper","mcc","mcc","ok",37,37,35,35,0.00800000000000978,"",""
"foodweb_ChesUpper","mcgm","mcgm","ok",37,37,37,37,0.00199999999998113,"",""
"foodweb_ChesUpper","mdd","mdd","ok",37,37,21,21,0,"",""
"foodweb_ChesUpper","mixed_gravity","mixed_gravity","ok",37,37,35,35,0.00300000000001432,"",""
"foodweb_ChesUpper","mnc","mnc","ok",37,37,16,16,0.0449999999999875,"",""
"foodweb_ChesUpper","modified_expected_force","modified_expected_force","ok",37,37,37,37,0.00600000000000023,"",""
"foodweb_ChesUpper","modularity_vitality","modularity_vitality","ok",37,37,34,34,0,"",""
"foodweb_ChesUpper","ncvoterank","ncvoterank","ok",37,37,37,37,0.00200000000000955,"",""
"foodweb_ChesUpper","neighborhood_connectivity","neighborhood_connectivity","ok",37,37,35,35,0,"",""
"foodweb_ChesUpper","ninl","ninl","ok",37,37,37,37,0.00199999999998113,"",""
"foodweb_ChesUpper","node_contraction","node_contraction","ok",37,37,36,36,0.0910000000000082,"",""
"foodweb_ChesUpper","node_contraction_improved","node_contraction_improved","error",0,37,NA,NA,30.014,"","reached elapsed time limit"
"foodweb_ChesUpper","nonbacktracking","nonbacktracking","ok",37,37,37,37,0.0199999999999818,"",""
"foodweb_ChesUpper","onion","onion","ok",37,37,17,17,0.00399999999999068,"",""
"foodweb_ChesUpper","pagerank","pagerank","ok",37,37,37,37,0.00100000000000477,"",""
"foodweb_ChesUpper","pairwisedis","pairwisedis","nonfinite",0,37,NA,NA,0,"pairwisedis requires a directed graph; returning NA",""
"foodweb_ChesUpper","participation","participation","ok",37,37,28,27,0.00300000000001432,"",""
"foodweb_ChesUpper","percolation","percolation","ok",37,37,35,35,0.0149999999999864,"",""
"foodweb_ChesUpper","power","power","ok",37,37,37,37,0.00200000000000955,"",""
"foodweb_ChesUpper","prestige_domain","prestige_domain","nonfinite",0,37,NA,NA,0,"prestige_domain requires a directed graph; returning NA",""
"foodweb_ChesUpper","prestige_domain_proximity","prestige_domain_proximity","nonfinite",0,37,NA,NA,0.00100000000000477,"prestige_domain_proximity requires a directed graph; returning NA",""
"foodweb_ChesUpper","proximal_betweenness","proximal_betweenness","ok",37,37,35,35,0.00199999999998113,"",""
"foodweb_ChesUpper","radiality","radiality","ok",37,37,15,15,0.00200000000000955,"",""
"foodweb_ChesUpper","random_walk","random_walk","ok",37,37,37,37,0.00199999999998113,"",""
"foodweb_ChesUpper","random_walk_decay","random_walk_decay","ok",37,37,37,37,0.0040000000000191,"",""
"foodweb_ChesUpper","reaching_local","reaching_local","ok",37,37,17,17,0.00100000000000477,"",""
"foodweb_ChesUpper","redundancy","redundancy","ok",37,37,34,34,0,"",""
"foodweb_ChesUpper","renewed_coreness","renewed_coreness","ok",37,37,6,6,0,"",""
"foodweb_ChesUpper","residual_closeness","residual_closeness","ok",37,37,17,17,0.00300000000001432,"",""
"foodweb_ChesUpper","resistance_curvature","resistance_curvature","ok",37,37,37,37,0.00100000000000477,"",""
"foodweb_ChesUpper","rumor","rumor","ok",37,37,36,36,0.00499999999999545,"",""
"foodweb_ChesUpper","s_core","s_core","ok",37,37,6,6,0.00100000000000477,"",""
"foodweb_ChesUpper","s_shell","s_shell","ok",37,37,15,15,0,"",""
"foodweb_ChesUpper","salsa","salsa","nonfinite",0,37,NA,NA,0,"SALSA requires a directed graph; returning NA",""
"foodweb_ChesUpper","second_order","second_order","ok",37,37,37,37,0.00199999999998113,"",""
"foodweb_ChesUpper","semilocal","semilocal","ok",37,37,36,36,0.0690000000000168,"",""
"foodweb_ChesUpper","shapley_game1","shapley_game1","ok",37,37,36,36,0,"",""
"foodweb_ChesUpper","shapley_game2","shapley_game2","ok",37,37,36,36,0,"",""
"foodweb_ChesUpper","shapley_game3","shapley_game3","ok",37,37,3,3,0.0029999999999859,"",""
"foodweb_ChesUpper","single_discount","single_discount","ok",37,37,37,37,0,"",""
"foodweb_ChesUpper","spanning_tree","spanning_tree","ok",37,37,37,37,0.00100000000000477,"",""
"foodweb_ChesUpper","spectralrank","spectralrank","ok",37,37,37,37,0.00100000000000477,"",""
"foodweb_ChesUpper","strength","strength","ok",37,37,15,15,0,"",""
"foodweb_ChesUpper","stress","stress","ok",37,37,29,29,0.00399999999999068,"",""
"foodweb_ChesUpper","subgraph","subgraph","ok",37,37,37,37,0.00100000000000477,"",""
"foodweb_ChesUpper","support","support","ok",37,37,16,16,0,"",""
"foodweb_ChesUpper","topological_coefficient","topological_coefficient","ok",37,37,36,36,0.0029999999999859,"",""
"foodweb_ChesUpper","transitivity","transitivity","ok",37,37,33,32,0,"",""
"foodweb_ChesUpper","trophic_level","trophic_level","nonfinite",0,37,NA,NA,0,"trophic_level requires a directed graph; returning NA",""
"foodweb_ChesUpper","truss","truss","ok",37,37,6,6,0,"",""
"foodweb_ChesUpper","two_way_rw","two_way_rw","ok",37,37,25,25,0.0120000000000005,"",""
"foodweb_ChesUpper","volume","volume","ok",37,37,3,3,0.0029999999999859,"",""
"foodweb_ChesUpper","voterank","voterank","ok",37,37,37,37,0.0370000000000061,"",""
"foodweb_ChesUpper","voterank_plus","voterank_plus","ok",37,37,37,37,0.00100000000000477,"",""
"foodweb_ChesUpper","weighted_h_index","weighted_h_index","ok",37,37,25,25,0.00100000000000477,"",""
"foodweb_ChesUpper","weighted_kshell","weighted_kshell","ok",37,37,6,6,0.00100000000000477,"",""
"foodweb_ChesUpper","weighted_leaderrank","weighted_leaderrank","ok",37,37,37,37,0.00100000000000477,"",""
"foodweb_ChesUpper","wiener","wiener","ok",37,37,15,15,0.00199999999998113,"",""
"foodweb_ChesUpper","within_module_z","within_module_z","ok",37,37,23,23,0.00200000000000955,"",""
"foodweb_ChesUpper","wvoterank","wvoterank","ok",37,37,37,37,0,"",""
"foodweb_ChesUpper","x_degree","x_degree","ok",37,37,36,36,0,"",""
"foodweb_ChesUpper","candidate_14","gravity","ok",37,37,35,35,0.00300000000001432,"",""
"foodweb_ChesUpper","candidate_18","betweenness","ok",37,37,35,35,0.00100000000000477,"",""
"foodweb_ChesUpper","candidate_21","gravity","ok",37,37,34,34,0.0300000000000011,"",""
"foodweb_Chesapeake","access_information","access_information","ok",39,39,37,37,0.0029999999999859,"",""
"foodweb_Chesapeake","adaptive_leaderrank","adaptive_leaderrank","ok",39,39,37,33,0.00100000000000477,"",""
"foodweb_Chesapeake","alpha","alpha","ok",39,39,39,37,0.00200000000000955,"",""
"foodweb_Chesapeake","authority","authority","ok",39,39,37,37,0,"",""
"foodweb_Chesapeake","average_distance","average_distance","ok",39,39,15,15,0.0029999999999859,"",""
"foodweb_Chesapeake","barycenter","barycenter","ok",39,39,15,15,0.00300000000001432,"",""
"foodweb_Chesapeake","beta_measure","beta_measure","ok",39,39,35,35,0,"",""
"foodweb_Chesapeake","betweenness","betweenness","ok",39,39,37,37,0.000999999999976353,"",""
"foodweb_Chesapeake","bottleneck","bottleneck","ok",39,39,10,10,0.118000000000023,"",""
"foodweb_Chesapeake","bridging","bridging","ok",39,39,37,37,0.0029999999999859,"",""
"foodweb_Chesapeake","bridging_capital","bridging_capital","ok",39,39,35,35,0.0589999999999975,"",""
"foodweb_Chesapeake","bridging_coefficient","bridging_coefficient","ok",39,39,35,35,0,"",""
"foodweb_Chesapeake","brokerage_coordinator","brokerage_coordinator","nonfinite",0,39,NA,NA,0,"brokerage requires a directed graph; returning NA",""
"foodweb_Chesapeake","brokerage_gatekeeper","brokerage_gatekeeper","nonfinite",0,39,NA,NA,0,"brokerage requires a directed graph; returning NA",""
"foodweb_Chesapeake","brokerage_itinerant","brokerage_itinerant","nonfinite",0,39,NA,NA,0,"brokerage requires a directed graph; returning NA",""
"foodweb_Chesapeake","brokerage_liaison","brokerage_liaison","nonfinite",0,39,NA,NA,0,"brokerage requires a directed graph; returning NA",""
"foodweb_Chesapeake","brokerage_representative","brokerage_representative","nonfinite",0,39,NA,NA,0,"brokerage requires a directed graph; returning NA",""
"foodweb_Chesapeake","cda","cda","ok",39,39,37,37,0.00100000000000477,"",""
"foodweb_Chesapeake","centroid","centroid","ok",39,39,15,15,0.0029999999999859,"",""
"foodweb_Chesapeake","closeness","closeness","ok",39,39,15,15,0,"",""
"foodweb_Chesapeake","closeness_vitality","closeness_vitality","ok",39,39,18,18,0.0130000000000052,"",""
"foodweb_Chesapeake","clusterrank","clusterrank","ok",39,39,35,35,0.0029999999999859,"",""
"foodweb_Chesapeake","coleman_theil","coleman_theil","ok",39,39,37,37,0,"",""
"foodweb_Chesapeake","collective_influence","collective_influence","ok",39,39,33,33,0,"",""
"foodweb_Chesapeake","comm_centrality","comm_centrality","ok",39,39,34,34,0.00100000000000477,"",""
"foodweb_Chesapeake","communicability","communicability","ok",39,39,37,37,0.00100000000000477,"",""
"foodweb_Chesapeake","communicability_betweenness","communicability_betweenness","ok",39,39,39,37,0.00499999999999545,"",""
"foodweb_Chesapeake","community_based","community_based","ok",39,39,29,29,0.0349999999999966,"",""
"foodweb_Chesapeake","community_hub_bridge","community_hub_bridge","ok",39,39,29,29,0,"",""
"foodweb_Chesapeake","community_mediator","community_mediator","ok",39,39,30,29,0.00100000000000477,"",""
"foodweb_Chesapeake","constraint","constraint","ok",39,39,37,37,0,"",""
"foodweb_Chesapeake","controlrank","controlrank","ok",39,39,38,37,0.00699999999997658,"",""
"foodweb_Chesapeake","coreness","coreness","ok",39,39,4,4,0,"",""
"foodweb_Chesapeake","cross_clique","cross_clique","ok",39,39,27,27,0.00200000000000955,"",""
"foodweb_Chesapeake","current_flow_betweenness","current_flow_betweenness","ok",39,39,39,37,0.00800000000000978,"",""
"foodweb_Chesapeake","current_flow_closeness","current_flow_closeness","ok",39,39,39,37,0.000999999999976353,"",""
"foodweb_Chesapeake","dangalchev","dangalchev","ok",39,39,21,21,0.00200000000000955,"",""
"foodweb_Chesapeake","decay","decay","ok",39,39,21,21,0.00200000000000955,"",""
"foodweb_Chesapeake","degree","degree","ok",39,39,14,14,0,"",""
"foodweb_Chesapeake","degree_discount","degree_discount","ok",39,39,39,39,0.00100000000000477,"",""
"foodweb_Chesapeake","delta_betweenness","delta_betweenness","ok",39,39,37,37,0.0040000000000191,"",""
"foodweb_Chesapeake","delta_closeness","delta_closeness","ok",39,39,22,22,0.00200000000000955,"",""
"foodweb_Chesapeake","diffusion","diffusion","ok",39,39,32,32,0,"",""
"foodweb_Chesapeake","diffusion_centrality","diffusion_centrality","ok",39,39,37,37,0,"",""
"foodweb_Chesapeake","distance_entropy","distance_entropy","ok",39,39,22,22,0.0029999999999859,"",""
"foodweb_Chesapeake","diversity","diversity","constant",39,39,1,1,0.00100000000000477,"",""
"foodweb_Chesapeake","dmnc","dmnc","ok",39,39,25,25,0.0150000000000148,"",""
"foodweb_Chesapeake","dynamical_importance","dynamical_importance","ok",39,39,39,37,0.049999999999983,"",""
"foodweb_Chesapeake","dynamics_sensitive","dynamics_sensitive","ok",39,39,37,37,0,"",""
"foodweb_Chesapeake","eccentricity","eccentricity","ok",39,39,2,2,0.00100000000000477,"",""
"foodweb_Chesapeake","effective_size","effective_size","ok",39,39,27,25,0.00399999999999068,"",""
"foodweb_Chesapeake","ego_betweenness","ego_betweenness","ok",39,39,30,29,0.0109999999999957,"",""
"foodweb_Chesapeake","eigenvector","eigenvector","ok",39,39,37,37,0,"",""
"foodweb_Chesapeake","enrenew","enrenew","ok",39,39,39,39,0.00300000000001432,"",""
"foodweb_Chesapeake","entropy","entropy","constant",39,39,1,1,0.0120000000000005,"",""
"foodweb_Chesapeake","entropy_variation_betweenness","entropy_variation_betweenness","ok",39,39,37,37,0.00600000000000023,"",""
"foodweb_Chesapeake","entropy_variation_degree","entropy_variation_degree","ok",39,39,35,35,0.00100000000000477,"",""
"foodweb_Chesapeake","epc","epc","ok",39,39,30,30,0.280000000000001,"",""
"foodweb_Chesapeake","exogenous","exogenous","ok",39,39,16,16,0.156999999999982,"",""
"foodweb_Chesapeake","expected","expected","ok",39,39,32,32,0.00100000000000477,"",""
"foodweb_Chesapeake","expected_force","expected_force","ok",39,39,37,37,0.00499999999999545,"",""
"foodweb_Chesapeake","expected_influence_1","expected_influence_1","ok",39,39,14,14,0,"",""
"foodweb_Chesapeake","expected_influence_2","expected_influence_2","ok",39,39,34,34,0.00100000000000477,"",""
"foodweb_Chesapeake","extended_coreness","extended_coreness","ok",39,39,36,36,0,"",""
"foodweb_Chesapeake","extended_gravity","extended_gravity","ok",39,39,36,36,0.00200000000000955,"",""
"foodweb_Chesapeake","extended_local_bridging","extended_local_bridging","ok",39,39,37,37,0.0720000000000027,"",""
"foodweb_Chesapeake","extended_mixed_gravity","extended_mixed_gravity","ok",39,39,37,37,0.0029999999999859,"",""
"foodweb_Chesapeake","flow_betweenness","flow_betweenness","ok",39,39,39,39,0.16500000000002,"",""
"foodweb_Chesapeake","flow_coefficient","flow_coefficient","ok",39,39,21,21,0.000999999999976353,"",""
"foodweb_Chesapeake","fragmentation","fragmentation","ok",39,39,25,25,0.15900000000002,"",""
"foodweb_Chesapeake","fuzzy_local_dimension","fuzzy_local_dimension","ok",39,39,27,22,0.0029999999999859,"",""
"foodweb_Chesapeake","gateway","gateway","ok",39,39,37,37,0.00100000000000477,"",""
"foodweb_Chesapeake","generalized_closeness","generalized_closeness","ok",39,39,21,21,0.00199999999998113,"",""
"foodweb_Chesapeake","geodesic_kpath","geodesic_kpath","ok",39,39,30,30,0.00200000000000955,"",""
"foodweb_Chesapeake","gilschmidt","gilschmidt","ok",39,39,22,22,0,"",""
"foodweb_Chesapeake","global_structure","global_structure","ok",39,39,26,26,0.0029999999999859,"",""
"foodweb_Chesapeake","godfather","godfather","ok",39,39,22,22,0.00100000000000477,"",""
"foodweb_Chesapeake","graph_regularization","graph_regularization","ok",39,39,38,37,0.00100000000000477,"",""
"foodweb_Chesapeake","gravity","gravity","ok",39,39,27,27,0.0029999999999859,"",""
"foodweb_Chesapeake","harary","harary","ok",39,39,22,22,0.00200000000000955,"",""
"foodweb_Chesapeake","harmonic","harmonic","ok",39,39,22,22,0,"",""
"foodweb_Chesapeake","heatmap","heatmap","ok",39,39,32,32,0.0029999999999859,"",""
"foodweb_Chesapeake","hide_information","hide_information","ok",39,39,37,37,0.00300000000001432,"",""
"foodweb_Chesapeake","hindex_strength","hindex_strength","ok",39,39,7,7,0.0029999999999859,"",""
"foodweb_Chesapeake","hub","hub","ok",39,39,37,37,0,"",""
"foodweb_Chesapeake","hubbell","hubbell","nonfinite",0,39,NA,NA,0.00100000000000477,"hubbell: not solvable for this graph at weightfactor=0.5 (spectral radius >= 1); returning NA",""
"foodweb_Chesapeake","hybrid_global_structure","hybrid_global_structure","ok",39,39,35,35,0.00300000000001432,"",""
"foodweb_Chesapeake","improved_closeness","improved_closeness","ok",39,39,37,37,0.00199999999998113,"",""
"foodweb_Chesapeake","improved_global_structure","improved_global_structure","ok",39,39,35,35,0.00200000000000955,"",""
"foodweb_Chesapeake","infection","infection","ok",39,39,38,37,12.101,"",""
"foodweb_Chesapeake","information","information","ok",39,39,38,37,0.000999999999976353,"",""
"foodweb_Chesapeake","integration","integration","ok",39,39,28,15,0,"",""
"foodweb_Chesapeake","katz","katz","ok",39,39,39,37,0.00100000000000477,"katz: alpha = 0.1 does not converge on this graph (needs alpha < 0.08699); the values are not Katz scores. Lower `katz_alpha`.",""
"foodweb_Chesapeake","kpath","kpath","ok",39,39,37,37,0.0980000000000132,"",""
"foodweb_Chesapeake","kreach","kreach","constant",39,39,1,1,0,"",""
"foodweb_Chesapeake","lac","lac","ok",39,39,22,22,0.00900000000001455,"",""
"foodweb_Chesapeake","laplacian","laplacian","ok",39,39,35,35,0.00899999999998613,"",""
"foodweb_Chesapeake","leaderrank","leaderrank","nonfinite",0,39,NA,NA,0,"LeaderRank requires a directed graph; returning NA",""
"foodweb_Chesapeake","length_scaled_betweenness","length_scaled_betweenness","ok",39,39,37,37,0.00500000000002387,"",""
"foodweb_Chesapeake","leverage","leverage","ok",39,39,35,35,0.0029999999999859,"",""
"foodweb_Chesapeake","lin","lin","ok",39,39,15,15,0.00300000000001432,"",""
"foodweb_Chesapeake","linerank","linerank","ok",39,39,38,37,0.000999999999976353,"",""
"foodweb_Chesapeake","load","load","ok",39,39,37,37,0.01400000000001,"",""
"foodweb_Chesapeake","lobby","lobby","ok",39,39,7,7,0.00300000000001432,"",""
"foodweb_Chesapeake","local_bridging","local_bridging","ok",39,39,35,35,0.0029999999999859,"",""
"foodweb_Chesapeake","local_dimension","local_dimension","ok",39,39,22,22,0.00300000000001432,"",""
"foodweb_Chesapeake","local_dimension_fixed","local_dimension_fixed","ok",39,39,22,22,0.00200000000000955,"",""
"foodweb_Chesapeake","local_efficiency","local_efficiency","ok",39,39,29,29,0.049999999999983,"",""
"foodweb_Chesapeake","local_entropy","local_entropy","ok",39,39,35,35,0,"",""
"foodweb_Chesapeake","local_hindex","local_hindex","ok",39,39,4,4,0.0040000000000191,"",""
"foodweb_Chesapeake","local_information_dimension","local_information_dimension","ok",39,39,22,22,0.0029999999999859,"",""
"foodweb_Chesapeake","local_volume_dimension","local_volume_dimension","ok",39,39,33,33,0.00399999999999068,"",""
"foodweb_Chesapeake","localized_bridging","localized_bridging","ok",39,39,37,37,0,"",""
"foodweb_Chesapeake","malatya","malatya","ok",39,39,35,35,0,"",""
"foodweb_Chesapeake","map_equation","map_equation","ok",39,39,14,14,0.00100000000000477,"",""
"foodweb_Chesapeake","markov","markov","ok",39,39,38,37,0.00200000000000955,"",""
"foodweb_Chesapeake","mcc","mcc","ok",39,39,23,23,0.00799999999998136,"",""
"foodweb_Chesapeake","mcgm","mcgm","ok",39,39,38,37,0.00300000000001432,"",""
"foodweb_Chesapeake","mdd","mdd","ok",39,39,19,19,0.00100000000000477,"",""
"foodweb_Chesapeake","mixed_gravity","mixed_gravity","ok",39,39,34,34,0.0029999999999859,"",""
"foodweb_Chesapeake","mnc","mnc","ok",39,39,14,14,0.0109999999999957,"",""
"foodweb_Chesapeake","modified_expected_force","modified_expected_force","ok",39,39,37,37,0.00600000000000023,"",""
"foodweb_Chesapeake","modularity_vitality","modularity_vitality","ok",39,39,36,36,0,"",""
"foodweb_Chesapeake","ncvoterank","ncvoterank","ok",39,39,39,39,0.00200000000000955,"",""
"foodweb_Chesapeake","neighborhood_connectivity","neighborhood_connectivity","ok",39,39,35,35,0.00100000000000477,"",""
"foodweb_Chesapeake","ninl","ninl","ok",39,39,37,37,0.0029999999999859,"",""
"foodweb_Chesapeake","node_contraction","node_contraction","ok",39,39,36,35,0.110000000000014,"",""
"foodweb_Chesapeake","node_contraction_improved","node_contraction_improved","error",0,39,NA,NA,30.045,"","reached elapsed time limit"
"foodweb_Chesapeake","nonbacktracking","nonbacktracking","ok",39,39,38,37,0.0150000000000148,"",""
"foodweb_Chesapeake","onion","onion","ok",39,39,13,13,0.00399999999999068,"",""
"foodweb_Chesapeake","pagerank","pagerank","ok",39,39,38,37,0,"",""
"foodweb_Chesapeake","pairwisedis","pairwisedis","nonfinite",0,39,NA,NA,0.00100000000000477,"pairwisedis requires a directed graph; returning NA",""
"foodweb_Chesapeake","participation","participation","ok",39,39,28,28,0.0029999999999859,"",""
"foodweb_Chesapeake","percolation","percolation","ok",39,39,37,37,0.01400000000001,"",""
"foodweb_Chesapeake","power","power","ok",39,39,39,37,0.00200000000000955,"",""
"foodweb_Chesapeake","prestige_domain","prestige_domain","nonfinite",0,39,NA,NA,0,"prestige_domain requires a directed graph; returning NA",""
"foodweb_Chesapeake","prestige_domain_proximity","prestige_domain_proximity","nonfinite",0,39,NA,NA,0,"prestige_domain_proximity requires a directed graph; returning NA",""
"foodweb_Chesapeake","proximal_betweenness","proximal_betweenness","ok",39,39,37,37,0.00300000000001432,"",""
"foodweb_Chesapeake","radiality","radiality","ok",39,39,15,15,0.00200000000000955,"",""
"foodweb_Chesapeake","random_walk","random_walk","ok",39,39,39,37,0.00200000000000955,"",""
"foodweb_Chesapeake","random_walk_decay","random_walk_decay","ok",39,39,37,37,0.00399999999999068,"",""
"foodweb_Chesapeake","reaching_local","reaching_local","ok",39,39,22,22,0.00100000000000477,"",""
"foodweb_Chesapeake","redundancy","redundancy","ok",39,39,22,22,0,"",""
"foodweb_Chesapeake","renewed_coreness","renewed_coreness","ok",39,39,5,5,0.00100000000000477,"",""
"foodweb_Chesapeake","residual_closeness","residual_closeness","ok",39,39,21,21,0.0029999999999859,"",""
"foodweb_Chesapeake","resistance_curvature","resistance_curvature","ok",39,39,39,37,0.00100000000000477,"",""
"foodweb_Chesapeake","rumor","rumor","ok",39,39,36,36,0.00600000000000023,"",""
"foodweb_Chesapeake","s_core","s_core","ok",39,39,4,4,0.00100000000000477,"",""
"foodweb_Chesapeake","s_shell","s_shell","ok",39,39,16,16,0,"",""
"foodweb_Chesapeake","salsa","salsa","nonfinite",0,39,NA,NA,0.00100000000000477,"SALSA requires a directed graph; returning NA",""
"foodweb_Chesapeake","second_order","second_order","ok",39,39,38,37,0.00200000000000955,"",""
"foodweb_Chesapeake","semilocal","semilocal","ok",39,39,36,36,0.0679999999999836,"",""
"foodweb_Chesapeake","shapley_game1","shapley_game1","ok",39,39,35,35,0,"",""
"foodweb_Chesapeake","shapley_game2","shapley_game2","ok",39,39,35,35,0.00100000000000477,"",""
"foodweb_Chesapeake","shapley_game3","shapley_game3","ok",39,39,9,9,0.0029999999999859,"",""
"foodweb_Chesapeake","single_discount","single_discount","ok",39,39,39,39,0,"",""
"foodweb_Chesapeake","spanning_tree","spanning_tree","ok",39,39,39,37,0.00100000000000477,"",""
"foodweb_Chesapeake","spectralrank","spectralrank","ok",39,39,37,37,0.00100000000000477,"",""
"foodweb_Chesapeake","strength","strength","ok",39,39,14,14,0,"",""
"foodweb_Chesapeake","stress","stress","ok",39,39,28,28,0.00300000000001432,"",""
"foodweb_Chesapeake","subgraph","subgraph","ok",39,39,37,37,0.00100000000000477,"",""
"foodweb_Chesapeake","support","support","ok",39,39,14,14,0,"",""
"foodweb_Chesapeake","topological_coefficient","topological_coefficient","ok",39,39,35,35,0.00300000000001432,"",""
"foodweb_Chesapeake","transitivity","transitivity","ok",39,39,23,21,0,"",""
"foodweb_Chesapeake","trophic_level","trophic_level","nonfinite",0,39,NA,NA,0.00100000000000477,"trophic_level requires a directed graph; returning NA",""
"foodweb_Chesapeake","truss","truss","ok",39,39,3,3,0,"",""
"foodweb_Chesapeake","two_way_rw","two_way_rw","ok",39,39,26,26,0.0120000000000005,"",""
"foodweb_Chesapeake","volume","volume","ok",39,39,9,9,0.00200000000000955,"",""
"foodweb_Chesapeake","voterank","voterank","ok",39,39,39,39,0.0420000000000016,"",""
"foodweb_Chesapeake","voterank_plus","voterank_plus","ok",39,39,39,39,0.00199999999998113,"",""
"foodweb_Chesapeake","weighted_h_index","weighted_h_index","ok",39,39,23,23,0.00100000000000477,"",""
"foodweb_Chesapeake","weighted_kshell","weighted_kshell","ok",39,39,4,4,0.00100000000000477,"",""
"foodweb_Chesapeake","weighted_leaderrank","weighted_leaderrank","ok",39,39,37,37,0,"",""
"foodweb_Chesapeake","wiener","wiener","ok",39,39,15,15,0.0029999999999859,"",""
"foodweb_Chesapeake","within_module_z","within_module_z","ok",39,39,20,20,0.0310000000000059,"",""
"foodweb_Chesapeake","wvoterank","wvoterank","ok",39,39,39,39,0.00100000000000477,"",""
"foodweb_Chesapeake","x_degree","x_degree","ok",39,39,35,35,0.00100000000000477,"",""
"foodweb_Chesapeake","candidate_14","gravity","ok",39,39,35,35,0.0029999999999859,"",""
"foodweb_Chesapeake","candidate_18","betweenness","ok",39,39,37,37,0,"",""
"foodweb_Chesapeake","candidate_21","gravity","ok",39,39,34,34,0.00200000000000955,"",""
"foodweb_CrystalC","access_information","access_information","ok",24,24,23,23,0.000999999999976353,"",""
"foodweb_CrystalC","adaptive_leaderrank","adaptive_leaderrank","ok",24,24,24,23,0,"",""
"foodweb_CrystalC","alpha","alpha","ok",24,24,23,23,0.00200000000000955,"",""
"foodweb_CrystalC","authority","authority","ok",24,24,23,23,0.00100000000000477,"",""
"foodweb_CrystalC","average_distance","average_distance","ok",24,24,15,15,0.00100000000000477,"",""
"foodweb_CrystalC","barycenter","barycenter","ok",24,24,15,15,0.000999999999976353,"",""
"foodweb_CrystalC","beta_measure","beta_measure","ok",24,24,23,23,0.00100000000000477,"",""
"foodweb_CrystalC","betweenness","betweenness","ok",24,24,23,23,0,"",""
"foodweb_CrystalC","bottleneck","bottleneck","ok",24,24,11,11,0.0360000000000014,"",""
"foodweb_CrystalC","bridging","bridging","ok",24,24,23,23,0.00200000000000955,"",""
"foodweb_CrystalC","bridging_capital","bridging_capital","ok",24,24,23,23,0.0130000000000052,"",""
"foodweb_CrystalC","bridging_coefficient","bridging_coefficient","ok",24,24,23,23,0,"",""
"foodweb_CrystalC","brokerage_coordinator","brokerage_coordinator","nonfinite",0,24,NA,NA,0,"brokerage requires a directed graph; returning NA",""
"foodweb_CrystalC","brokerage_gatekeeper","brokerage_gatekeeper","nonfinite",0,24,NA,NA,0,"brokerage requires a directed graph; returning NA",""
"foodweb_CrystalC","brokerage_itinerant","brokerage_itinerant","nonfinite",0,24,NA,NA,0,"brokerage requires a directed graph; returning NA",""
"foodweb_CrystalC","brokerage_liaison","brokerage_liaison","nonfinite",0,24,NA,NA,0,"brokerage requires a directed graph; returning NA",""
"foodweb_CrystalC","brokerage_representative","brokerage_representative","nonfinite",0,24,NA,NA,0.00100000000000477,"brokerage requires a directed graph; returning NA",""
"foodweb_CrystalC","cda","cda","ok",24,24,23,23,0,"",""
"foodweb_CrystalC","centroid","centroid","ok",24,24,15,15,0.00200000000000955,"",""
"foodweb_CrystalC","closeness","closeness","ok",24,24,15,15,0,"",""
"foodweb_CrystalC","closeness_vitality","closeness_vitality","ok",24,24,15,15,0.00600000000000023,"",""
"foodweb_CrystalC","clusterrank","clusterrank","ok",24,24,23,23,0.0449999999999875,"",""
"foodweb_CrystalC","coleman_theil","coleman_theil","ok",24,24,23,23,0.00100000000000477,"",""
"foodweb_CrystalC","collective_influence","collective_influence","ok",24,24,22,22,0.00100000000000477,"",""
"foodweb_CrystalC","comm_centrality","comm_centrality","ok",24,24,22,22,0,"",""
"foodweb_CrystalC","communicability","communicability","ok",24,24,24,23,0,"",""
"foodweb_CrystalC","communicability_betweenness","communicability_betweenness","ok",24,24,24,23,0.00199999999998113,"",""
"foodweb_CrystalC","community_based","community_based","ok",24,24,20,20,0.00100000000000477,"",""
"foodweb_CrystalC","community_hub_bridge","community_hub_bridge","ok",24,24,19,19,0,"",""
"foodweb_CrystalC","community_mediator","community_mediator","ok",24,24,21,21,0.00100000000000477,"",""
"foodweb_CrystalC","constraint","constraint","ok",24,24,23,23,0,"",""
"foodweb_CrystalC","controlrank","controlrank","ok",24,24,24,23,0.00399999999999068,"",""
"foodweb_CrystalC","coreness","coreness","ok",24,24,5,5,0,"",""
"foodweb_CrystalC","cross_clique","cross_clique","ok",24,24,23,23,0.00300000000001432,"",""
"foodweb_CrystalC","current_flow_betweenness","current_flow_betweenness","ok",24,24,24,23,0.00199999999998113,"",""
"foodweb_CrystalC","current_flow_closeness","current_flow_closeness","ok",24,24,24,23,0.00100000000000477,"",""
"foodweb_CrystalC","dangalchev","dangalchev","ok",24,24,16,16,0.00100000000000477,"",""
"foodweb_CrystalC","decay","decay","ok",24,24,16,16,0.00100000000000477,"",""
"foodweb_CrystalC","degree","degree","ok",24,24,15,15,0.00100000000000477,"",""
"foodweb_CrystalC","degree_discount","degree_discount","ok",24,24,24,24,0,"",""
"foodweb_CrystalC","delta_betweenness","delta_betweenness","ok",24,24,23,23,0.00199999999998113,"",""
"foodweb_CrystalC","delta_closeness","delta_closeness","ok",24,24,16,16,0.00100000000000477,"",""
"foodweb_CrystalC","diffusion","diffusion","ok",24,24,23,23,0,"",""
"foodweb_CrystalC","diffusion_centrality","diffusion_centrality","ok",24,24,22,22,0,"",""
"foodweb_CrystalC","distance_entropy","distance_entropy","ok",24,24,12,12,0.00100000000000477,"",""
"foodweb_CrystalC","diversity","diversity","constant",24,24,1,1,0.00100000000000477,"",""
"foodweb_CrystalC","dmnc","dmnc","ok",24,24,23,23,0.00899999999998613,"",""
"foodweb_CrystalC","dynamical_importance","dynamical_importance","ok",24,24,24,23,0.007000000000005,"",""
"foodweb_CrystalC","dynamics_sensitive","dynamics_sensitive","ok",24,24,23,23,0,"",""
"foodweb_CrystalC","eccentricity","eccentricity","ok",24,24,2,2,0,"",""
"foodweb_CrystalC","effective_size","effective_size","ok",24,24,22,22,0.0029999999999859,"",""
"foodweb_CrystalC","ego_betweenness","ego_betweenness","ok",24,24,23,23,0.00800000000000978,"",""
"foodweb_CrystalC","eigenvector","eigenvector","ok",24,24,24,23,0,"",""
"foodweb_CrystalC","enrenew","enrenew","ok",24,24,24,24,0.00200000000000955,"",""
"foodweb_CrystalC","entropy","entropy","constant",24,24,1,1,0.00600000000000023,"",""
"foodweb_CrystalC","entropy_variation_betweenness","entropy_variation_betweenness","ok",24,24,23,23,0.00399999999999068,"",""
"foodweb_CrystalC","entropy_variation_degree","entropy_variation_degree","ok",24,24,23,23,0,"",""
"foodweb_CrystalC","epc","epc","ok",24,24,16,16,0.180000000000007,"",""
"foodweb_CrystalC","exogenous","exogenous","ok",24,24,14,14,0.0169999999999959,"",""
"foodweb_CrystalC","expected","expected","ok",24,24,20,20,0.00100000000000477,"",""
"foodweb_CrystalC","expected_force","expected_force","ok",24,24,23,23,0.0029999999999859,"",""
"foodweb_CrystalC","expected_influence_1","expected_influence_1","ok",24,24,15,15,0.00100000000000477,"",""
"foodweb_CrystalC","expected_influence_2","expected_influence_2","ok",24,24,23,23,0,"",""
"foodweb_CrystalC","extended_coreness","extended_coreness","ok",24,24,23,23,0.00100000000000477,"",""
"foodweb_CrystalC","extended_gravity","extended_gravity","ok",24,24,23,23,0.00100000000000477,"",""
"foodweb_CrystalC","extended_local_bridging","extended_local_bridging","ok",24,24,23,23,0.0109999999999957,"",""
"foodweb_CrystalC","extended_mixed_gravity","extended_mixed_gravity","ok",24,24,23,23,0.00100000000000477,"",""
"foodweb_CrystalC","flow_betweenness","flow_betweenness","ok",24,24,23,23,0.0779999999999745,"",""
"foodweb_CrystalC","flow_coefficient","flow_coefficient","ok",24,24,21,21,0,"",""
"foodweb_CrystalC","fragmentation","fragmentation","ok",24,24,17,17,0.0169999999999959,"",""
"foodweb_CrystalC","fuzzy_local_dimension","fuzzy_local_dimension","ok",24,24,19,16,0.00100000000000477,"",""
"foodweb_CrystalC","gateway","gateway","ok",24,24,23,23,0.00100000000000477,"",""
"foodweb_CrystalC","generalized_closeness","generalized_closeness","ok",24,24,16,16,0.00100000000000477,"",""
"foodweb_CrystalC","geodesic_kpath","geodesic_kpath","ok",24,24,19,19,0.00100000000000477,"",""
"foodweb_CrystalC","gilschmidt","gilschmidt","ok",24,24,16,16,0.000999999999976353,"",""
"foodweb_CrystalC","global_structure","global_structure","ok",24,24,23,23,0.00100000000000477,"",""
"foodweb_CrystalC","godfather","godfather","ok",24,24,18,18,0.00100000000000477,"",""
"foodweb_CrystalC","graph_regularization","graph_regularization","ok",24,24,23,23,0,"",""
"foodweb_CrystalC","gravity","gravity","ok",24,24,23,23,0.00100000000000477,"",""
"foodweb_CrystalC","harary","harary","ok",24,24,16,16,0.00100000000000477,"",""
"foodweb_CrystalC","harmonic","harmonic","ok",24,24,16,16,0.000999999999976353,"",""
"foodweb_CrystalC","heatmap","heatmap","ok",24,24,23,23,0.00100000000000477,"",""
"foodweb_CrystalC","hide_information","hide_information","ok",24,24,23,23,0.00100000000000477,"",""
"foodweb_CrystalC","hindex_strength","hindex_strength","ok",24,24,7,7,0.00200000000000955,"",""
"foodweb_CrystalC","hub","hub","ok",24,24,23,23,0,"",""
"foodweb_CrystalC","hubbell","hubbell","nonfinite",0,24,NA,NA,0,"hubbell: not solvable for this graph at weightfactor=0.5 (spectral radius >= 1); returning NA",""
"foodweb_CrystalC","hybrid_global_structure","hybrid_global_structure","ok",24,24,23,23,0.00100000000000477,"",""
"foodweb_CrystalC","improved_closeness","improved_closeness","ok",24,24,23,23,0.00100000000000477,"",""
"foodweb_CrystalC","improved_global_structure","improved_global_structure","ok",24,24,23,23,0.00100000000000477,"",""
"foodweb_CrystalC","infection","infection","ok",24,24,23,23,7.137,"",""
"foodweb_CrystalC","information","information","ok",24,24,24,23,0.00100000000000477,"",""
"foodweb_CrystalC","integration","integration","ok",24,24,17,15,0,"",""
"foodweb_CrystalC","katz","katz","ok",24,24,24,23,0,"katz: alpha = 0.1 does not converge on this graph (needs alpha < 0.08707); the values are not Katz scores. Lower `katz_alpha`.",""
"foodweb_CrystalC","kpath","kpath","ok",24,24,23,23,0.0720000000000027,"",""
"foodweb_CrystalC","kreach","kreach","constant",24,24,1,1,0.00100000000000477,"",""
"foodweb_CrystalC","lac","lac","ok",24,24,22,22,0.00600000000000023,"",""
"foodweb_CrystalC","laplacian","laplacian","ok",24,24,23,23,0.00499999999999545,"",""
"foodweb_CrystalC","leaderrank","leaderrank","nonfinite",0,24,NA,NA,0.00100000000000477,"LeaderRank requires a directed graph; returning NA",""
"foodweb_CrystalC","length_scaled_betweenness","length_scaled_betweenness","ok",24,24,23,23,0.00200000000000955,"",""
"foodweb_CrystalC","leverage","leverage","ok",24,24,23,23,0.00199999999998113,"",""
"foodweb_CrystalC","lin","lin","ok",24,24,15,15,0.00100000000000477,"",""
"foodweb_CrystalC","linerank","linerank","ok",24,24,24,23,0.00100000000000477,"",""
"foodweb_CrystalC","load","load","ok",24,24,23,23,0.007000000000005,"",""
"foodweb_CrystalC","lobby","lobby","ok",24,24,7,7,0.00200000000000955,"",""
"foodweb_CrystalC","local_bridging","local_bridging","ok",24,24,23,23,0.00199999999998113,"",""
"foodweb_CrystalC","local_dimension","local_dimension","ok",24,24,16,16,0.00100000000000477,"",""
"foodweb_CrystalC","local_dimension_fixed","local_dimension_fixed","ok",24,24,16,16,0.00100000000000477,"",""
"foodweb_CrystalC","local_efficiency","local_efficiency","ok",24,24,23,23,0.00399999999999068,"",""
"foodweb_CrystalC","local_entropy","local_entropy","ok",24,24,23,23,0,"",""
"foodweb_CrystalC","local_hindex","local_hindex","ok",24,24,5,5,0.00200000000000955,"",""
"foodweb_CrystalC","local_information_dimension","local_information_dimension","ok",24,24,16,16,0.00199999999998113,"",""
"foodweb_CrystalC","local_volume_dimension","local_volume_dimension","ok",24,24,23,23,0.00100000000000477,"",""
"foodweb_CrystalC","localized_bridging","localized_bridging","ok",24,24,23,23,0.00100000000000477,"",""
"foodweb_CrystalC","malatya","malatya","ok",24,24,23,23,0,"",""
"foodweb_CrystalC","map_equation","map_equation","ok",24,24,15,15,0.00100000000000477,"",""
"foodweb_CrystalC","markov","markov","ok",24,24,24,23,0.039999999999992,"",""
"foodweb_CrystalC","mcc","mcc","ok",24,24,23,23,0.00300000000001432,"",""
"foodweb_CrystalC","mcgm","mcgm","ok",24,24,24,23,0.00199999999998113,"",""
"foodweb_CrystalC","mdd","mdd","ok",24,24,17,17,0,"",""
"foodweb_CrystalC","mixed_gravity","mixed_gravity","ok",24,24,23,23,0.00100000000000477,"",""
"foodweb_CrystalC","mnc","mnc","ok",24,24,15,15,0.00600000000000023,"",""
"foodweb_CrystalC","modified_expected_force","modified_expected_force","ok",24,24,23,23,0.0029999999999859,"",""
"foodweb_CrystalC","modularity_vitality","modularity_vitality","ok",24,24,22,22,0.00100000000000477,"",""
"foodweb_CrystalC","ncvoterank","ncvoterank","ok",24,24,24,24,0.00100000000000477,"",""
"foodweb_CrystalC","neighborhood_connectivity","neighborhood_connectivity","ok",24,24,23,23,0.00100000000000477,"",""
"foodweb_CrystalC","ninl","ninl","ok",24,24,23,23,0.00100000000000477,"",""
"foodweb_CrystalC","node_contraction","node_contraction","ok",24,24,24,23,0.0099999999999909,"",""
"foodweb_CrystalC","node_contraction_improved","node_contraction_improved","ok",24,24,24,23,6.79599999999999,"",""
"foodweb_CrystalC","nonbacktracking","nonbacktracking","ok",24,24,23,23,0.007000000000005,"",""
"foodweb_CrystalC","onion","onion","ok",24,24,7,7,0.00200000000000955,"",""
"foodweb_CrystalC","pagerank","pagerank","ok",24,24,24,23,0.00100000000000477,"",""
"foodweb_CrystalC","pairwisedis","pairwisedis","nonfinite",0,24,NA,NA,0,"pairwisedis requires a directed graph; returning NA",""
"foodweb_CrystalC","participation","participation","ok",24,24,22,21,0.00199999999998113,"",""
"foodweb_CrystalC","percolation","percolation","ok",24,24,23,23,0.007000000000005,"",""
"foodweb_CrystalC","power","power","ok",24,24,23,23,0.00100000000000477,"",""
"foodweb_CrystalC","prestige_domain","prestige_domain","nonfinite",0,24,NA,NA,0.00100000000000477,"prestige_domain requires a directed graph; returning NA",""
"foodweb_CrystalC","prestige_domain_proximity","prestige_domain_proximity","nonfinite",0,24,NA,NA,0,"prestige_domain_proximity requires a directed graph; returning NA",""
"foodweb_CrystalC","proximal_betweenness","proximal_betweenness","ok",24,24,23,23,0.00199999999998113,"",""
"foodweb_CrystalC","radiality","radiality","ok",24,24,15,15,0.00100000000000477,"",""
"foodweb_CrystalC","random_walk","random_walk","ok",24,24,23,23,0.00100000000000477,"",""
"foodweb_CrystalC","random_walk_decay","random_walk_decay","ok",24,24,23,23,0.00200000000000955,"",""
"foodweb_CrystalC","reaching_local","reaching_local","ok",24,24,16,16,0,"",""
"foodweb_CrystalC","redundancy","redundancy","ok",24,24,22,22,0.000999999999976353,"",""
"foodweb_CrystalC","renewed_coreness","renewed_coreness","ok",24,24,5,5,0,"",""
"foodweb_CrystalC","residual_closeness","residual_closeness","ok",24,24,16,16,0.00100000000000477,"",""
"foodweb_CrystalC","resistance_curvature","resistance_curvature","ok",24,24,24,23,0,"",""
"foodweb_CrystalC","rumor","rumor","ok",24,24,20,20,0.00300000000001432,"",""
"foodweb_CrystalC","s_core","s_core","ok",24,24,5,5,0,"",""
"foodweb_CrystalC","s_shell","s_shell","ok",24,24,11,11,0.000999999999976353,"",""
"foodweb_CrystalC","salsa","salsa","nonfinite",0,24,NA,NA,0,"SALSA requires a directed graph; returning NA",""
"foodweb_CrystalC","second_order","second_order","ok",24,24,23,23,0.00100000000000477,"",""
"foodweb_CrystalC","semilocal","semilocal","ok",24,24,23,23,0.0180000000000007,"",""
"foodweb_CrystalC","shapley_game1","shapley_game1","ok",24,24,23,23,0,"",""
"foodweb_CrystalC","shapley_game2","shapley_game2","ok",24,24,23,23,0,"",""
"foodweb_CrystalC","shapley_game3","shapley_game3","ok",24,24,4,3,0.00100000000000477,"",""
"foodweb_CrystalC","single_discount","single_discount","ok",24,24,24,24,0,"",""
"foodweb_CrystalC","spanning_tree","spanning_tree","ok",24,24,24,23,0,"",""
"foodweb_CrystalC","spectralrank","spectralrank","ok",24,24,23,23,0.000999999999976353,"",""
"foodweb_CrystalC","strength","strength","ok",24,24,15,15,0,"",""
"foodweb_CrystalC","stress","stress","ok",24,24,18,18,0.00200000000000955,"",""
"foodweb_CrystalC","subgraph","subgraph","ok",24,24,24,23,0.00100000000000477,"",""
"foodweb_CrystalC","support","support","ok",24,24,15,15,0.00100000000000477,"",""
"foodweb_CrystalC","topological_coefficient","topological_coefficient","ok",24,24,23,23,0.00199999999998113,"",""
"foodweb_CrystalC","transitivity","transitivity","ok",24,24,21,21,0,"",""
"foodweb_CrystalC","trophic_level","trophic_level","nonfinite",0,24,NA,NA,0,"trophic_level requires a directed graph; returning NA",""
"foodweb_CrystalC","truss","truss","ok",24,24,4,4,0,"",""
"foodweb_CrystalC","two_way_rw","two_way_rw","ok",24,24,19,19,0.00399999999999068,"",""
"foodweb_CrystalC","volume","volume","ok",24,24,3,3,0.00100000000000477,"",""
"foodweb_CrystalC","voterank","voterank","ok",24,24,24,24,0.0579999999999927,"",""
"foodweb_CrystalC","voterank_plus","voterank_plus","ok",24,24,24,24,0.00100000000000477,"",""
"foodweb_CrystalC","weighted_h_index","weighted_h_index","ok",24,24,18,18,0.00100000000000477,"",""
"foodweb_CrystalC","weighted_kshell","weighted_kshell","ok",24,24,5,5,0,"",""
"foodweb_CrystalC","weighted_leaderrank","weighted_leaderrank","ok",24,24,23,23,0,"",""
"foodweb_CrystalC","wiener","wiener","ok",24,24,15,15,0.00100000000000477,"",""
"foodweb_CrystalC","within_module_z","within_module_z","ok",24,24,10,10,0.00199999999998113,"",""
"foodweb_CrystalC","wvoterank","wvoterank","ok",24,24,24,24,0,"",""
"foodweb_CrystalC","x_degree","x_degree","ok",24,24,23,23,0.00100000000000477,"",""
"foodweb_CrystalC","candidate_14","gravity","ok",24,24,23,23,0.00100000000000477,"",""
"foodweb_CrystalC","candidate_18","betweenness","ok",24,24,23,23,0.00100000000000477,"",""
"foodweb_CrystalC","candidate_21","gravity","ok",24,24,23,23,0.000999999999976353,"",""
"foodweb_CrystalD","access_information","access_information","ok",24,24,21,21,0.00100000000000477,"",""
"foodweb_CrystalD","adaptive_leaderrank","adaptive_leaderrank","ok",24,24,22,19,0.00100000000000477,"",""
"foodweb_CrystalD","alpha","alpha","ok",24,24,21,21,0.00199999999998113,"",""
"foodweb_CrystalD","authority","authority","ok",24,24,21,21,0,"",""
"foodweb_CrystalD","average_distance","average_distance","ok",24,24,11,11,0.00100000000000477,"",""
"foodweb_CrystalD","barycenter","barycenter","ok",24,24,11,11,0.00100000000000477,"",""
"foodweb_CrystalD","beta_measure","beta_measure","ok",24,24,21,21,0,"",""
"foodweb_CrystalD","betweenness","betweenness","ok",24,24,19,19,0.00100000000000477,"",""
"foodweb_CrystalD","bottleneck","bottleneck","ok",24,24,11,11,0.032999999999987,"",""
"foodweb_CrystalD","bridging","bridging","ok",24,24,21,21,0.00100000000000477,"",""
"foodweb_CrystalD","bridging_capital","bridging_capital","ok",24,24,21,21,0.0099999999999909,"",""
"foodweb_CrystalD","bridging_coefficient","bridging_coefficient","ok",24,24,21,21,0,"",""
"foodweb_CrystalD","brokerage_coordinator","brokerage_coordinator","nonfinite",0,24,NA,NA,0,"brokerage requires a directed graph; returning NA",""
"foodweb_CrystalD","brokerage_gatekeeper","brokerage_gatekeeper","nonfinite",0,24,NA,NA,0,"brokerage requires a directed graph; returning NA",""
"foodweb_CrystalD","brokerage_itinerant","brokerage_itinerant","nonfinite",0,24,NA,NA,0,"brokerage requires a directed graph; returning NA",""
"foodweb_CrystalD","brokerage_liaison","brokerage_liaison","nonfinite",0,24,NA,NA,0,"brokerage requires a directed graph; returning NA",""
"foodweb_CrystalD","brokerage_representative","brokerage_representative","nonfinite",0,24,NA,NA,0.000999999999976353,"brokerage requires a directed graph; returning NA",""
"foodweb_CrystalD","cda","cda","ok",24,24,21,21,0,"",""
"foodweb_CrystalD","centroid","centroid","ok",24,24,11,11,0.00100000000000477,"",""
"foodweb_CrystalD","closeness","closeness","ok",24,24,11,11,0.00100000000000477,"",""
"foodweb_CrystalD","closeness_vitality","closeness_vitality","ok",24,24,12,12,0.0449999999999875,"",""
"foodweb_CrystalD","clusterrank","clusterrank","ok",24,24,21,21,0.00200000000000955,"",""
"foodweb_CrystalD","coleman_theil","coleman_theil","ok",24,24,21,21,0,"",""
"foodweb_CrystalD","collective_influence","collective_influence","ok",24,24,21,21,0,"",""
"foodweb_CrystalD","comm_centrality","comm_centrality","ok",24,24,21,21,0.00100000000000477,"",""
"foodweb_CrystalD","communicability","communicability","ok",24,24,21,21,0.00100000000000477,"",""
"foodweb_CrystalD","communicability_betweenness","communicability_betweenness","ok",24,24,23,21,0.000999999999976353,"",""
"foodweb_CrystalD","community_based","community_based","ok",24,24,20,20,0.00100000000000477,"",""
"foodweb_CrystalD","community_hub_bridge","community_hub_bridge","ok",24,24,18,18,0,"",""
"foodweb_CrystalD","community_mediator","community_mediator","ok",24,24,18,18,0.00100000000000477,"",""
"foodweb_CrystalD","constraint","constraint","ok",24,24,21,21,0,"",""
"foodweb_CrystalD","controlrank","controlrank","ok",24,24,22,21,0.00399999999999068,"",""
"foodweb_CrystalD","coreness","coreness","ok",24,24,5,5,0,"",""
"foodweb_CrystalD","cross_clique","cross_clique","ok",24,24,17,17,0.00200000000000955,"",""
"foodweb_CrystalD","current_flow_betweenness","current_flow_betweenness","ok",24,24,23,21,0.00200000000000955,"",""
"foodweb_CrystalD","current_flow_closeness","current_flow_closeness","ok",24,24,22,21,0.000999999999976353,"",""
"foodweb_CrystalD","dangalchev","dangalchev","ok",24,24,14,14,0.00100000000000477,"",""
"foodweb_CrystalD","decay","decay","ok",24,24,14,14,0.00100000000000477,"",""
"foodweb_CrystalD","degree","degree","ok",24,24,12,12,0.00100000000000477,"",""
"foodweb_CrystalD","degree_discount","degree_discount","ok",24,24,24,24,0,"",""
"foodweb_CrystalD","delta_betweenness","delta_betweenness","ok",24,24,19,19,0.00200000000000955,"",""
"foodweb_CrystalD","delta_closeness","delta_closeness","ok",24,24,14,14,0.000999999999976353,"",""
"foodweb_CrystalD","diffusion","diffusion","ok",24,24,21,21,0,"",""
"foodweb_CrystalD","diffusion_centrality","diffusion_centrality","ok",24,24,21,21,0,"",""
"foodweb_CrystalD","distance_entropy","distance_entropy","ok",24,24,14,14,0.00100000000000477,"",""
"foodweb_CrystalD","diversity","diversity","constant",24,24,1,1,0.00100000000000477,"",""
"foodweb_CrystalD","dmnc","dmnc","ok",24,24,18,18,0.00899999999998613,"",""
"foodweb_CrystalD","dynamical_importance","dynamical_importance","ok",24,24,22,21,0.00600000000000023,"",""
"foodweb_CrystalD","dynamics_sensitive","dynamics_sensitive","ok",24,24,21,21,0.00100000000000477,"",""
"foodweb_CrystalD","eccentricity","eccentricity","ok",24,24,2,2,0,"",""
"foodweb_CrystalD","effective_size","effective_size","ok",24,24,17,16,0.00300000000001432,"",""
"foodweb_CrystalD","ego_betweenness","ego_betweenness","ok",24,24,18,18,0.00600000000000023,"",""
"foodweb_CrystalD","eigenvector","eigenvector","ok",24,24,22,21,0,"",""
"foodweb_CrystalD","enrenew","enrenew","ok",24,24,24,24,0.00100000000000477,"",""
"foodweb_CrystalD","entropy","entropy","constant",24,24,1,1,0.007000000000005,"",""
"foodweb_CrystalD","entropy_variation_betweenness","entropy_variation_betweenness","ok",24,24,21,21,0.00300000000001432,"",""
"foodweb_CrystalD","entropy_variation_degree","entropy_variation_degree","ok",24,24,21,21,0.000999999999976353,"",""
"foodweb_CrystalD","epc","epc","ok",24,24,20,20,0.183000000000021,"",""
"foodweb_CrystalD","exogenous","exogenous","ok",24,24,12,12,0.0159999999999911,"",""
"foodweb_CrystalD","expected","expected","ok",24,24,20,20,0.00100000000000477,"",""
"foodweb_CrystalD","expected_force","expected_force","ok",24,24,21,21,0.0029999999999859,"",""
"foodweb_CrystalD","expected_influence_1","expected_influence_1","ok",24,24,12,12,0.00100000000000477,"",""
"foodweb_CrystalD","expected_influence_2","expected_influence_2","ok",24,24,21,21,0,"",""
"foodweb_CrystalD","extended_coreness","extended_coreness","ok",24,24,21,21,0,"",""
"foodweb_CrystalD","extended_gravity","extended_gravity","ok",24,24,21,21,0.00100000000000477,"",""
"foodweb_CrystalD","extended_local_bridging","extended_local_bridging","ok",24,24,21,21,0.00899999999998613,"",""
"foodweb_CrystalD","extended_mixed_gravity","extended_mixed_gravity","ok",24,24,21,21,0.00100000000000477,"",""
"foodweb_CrystalD","flow_betweenness","flow_betweenness","ok",24,24,22,22,0.0819999999999936,"",""
"foodweb_CrystalD","flow_coefficient","flow_coefficient","ok",24,24,18,18,0,"",""
"foodweb_CrystalD","fragmentation","fragmentation","ok",24,24,14,13,0.0149999999999864,"",""
"foodweb_CrystalD","fuzzy_local_dimension","fuzzy_local_dimension","ok",24,24,17,14,0.00100000000000477,"",""
"foodweb_CrystalD","gateway","gateway","ok",24,24,21,21,0.00100000000000477,"",""
"foodweb_CrystalD","generalized_closeness","generalized_closeness","ok",24,24,14,14,0.00100000000000477,"",""
"foodweb_CrystalD","geodesic_kpath","geodesic_kpath","ok",24,24,19,19,0.00199999999998113,"",""
"foodweb_CrystalD","gilschmidt","gilschmidt","ok",24,24,14,14,0,"",""
"foodweb_CrystalD","global_structure","global_structure","ok",24,24,20,20,0.00200000000000955,"",""
"foodweb_CrystalD","godfather","godfather","ok",24,24,14,14,0,"",""
"foodweb_CrystalD","graph_regularization","graph_regularization","ok",24,24,24,21,0.00100000000000477,"",""
"foodweb_CrystalD","gravity","gravity","ok",24,24,20,20,0.00100000000000477,"",""
"foodweb_CrystalD","harary","harary","ok",24,24,14,14,0.000999999999976353,"",""
"foodweb_CrystalD","harmonic","harmonic","ok",24,24,14,14,0,"",""
"foodweb_CrystalD","heatmap","heatmap","ok",24,24,20,20,0.00100000000000477,"",""
"foodweb_CrystalD","hide_information","hide_information","ok",24,24,21,21,0.00100000000000477,"",""
"foodweb_CrystalD","hindex_strength","hindex_strength","ok",24,24,5,5,0.00199999999998113,"",""
"foodweb_CrystalD","hub","hub","ok",24,24,22,21,0,"",""
"foodweb_CrystalD","hubbell","hubbell","nonfinite",0,24,NA,NA,0,"hubbell: not solvable for this graph at weightfactor=0.5 (spectral radius >= 1); returning NA",""
"foodweb_CrystalD","hybrid_global_structure","hybrid_global_structure","ok",24,24,21,21,0.00100000000000477,"",""
"foodweb_CrystalD","improved_closeness","improved_closeness","ok",24,24,21,21,0.00100000000000477,"",""
"foodweb_CrystalD","improved_global_structure","improved_global_structure","ok",24,24,21,21,0.00100000000000477,"",""
"foodweb_CrystalD","infection","infection","ok",24,24,21,21,2.608,"",""
"foodweb_CrystalD","information","information","ok",24,24,23,21,0,"",""
"foodweb_CrystalD","integration","integration","ok",24,24,13,11,0.00100000000000477,"",""
"foodweb_CrystalD","katz","katz","ok",24,24,22,21,0.00100000000000477,"katz: alpha = 0.1 does not converge on this graph (needs alpha < 0.09859); the values are not Katz scores. Lower `katz_alpha`.",""
"foodweb_CrystalD","kpath","kpath","ok",24,24,21,21,0.0600000000000023,"",""
"foodweb_CrystalD","kreach","kreach","constant",24,24,1,1,0,"",""
"foodweb_CrystalD","lac","lac","ok",24,24,18,18,0.00600000000000023,"",""
"foodweb_CrystalD","laplacian","laplacian","ok",24,24,21,21,0.00499999999999545,"",""
"foodweb_CrystalD","leaderrank","leaderrank","nonfinite",0,24,NA,NA,0,"LeaderRank requires a directed graph; returning NA",""
"foodweb_CrystalD","length_scaled_betweenness","length_scaled_betweenness","ok",24,24,19,19,0.00199999999998113,"",""
"foodweb_CrystalD","leverage","leverage","ok",24,24,21,21,0.00200000000000955,"",""
"foodweb_CrystalD","lin","lin","ok",24,24,11,11,0.00100000000000477,"",""
"foodweb_CrystalD","linerank","linerank","ok",24,24,23,21,0.00100000000000477,"",""
"foodweb_CrystalD","load","load","ok",24,24,20,19,0.00600000000000023,"",""
"foodweb_CrystalD","lobby","lobby","ok",24,24,5,5,0.00199999999998113,"",""
"foodweb_CrystalD","local_bridging","local_bridging","ok",24,24,21,21,0.00200000000000955,"",""
"foodweb_CrystalD","local_dimension","local_dimension","ok",24,24,14,14,0.00200000000000955,"",""
"foodweb_CrystalD","local_dimension_fixed","local_dimension_fixed","ok",24,24,14,14,0.00100000000000477,"",""
"foodweb_CrystalD","local_efficiency","local_efficiency","ok",24,24,18,18,0.0029999999999859,"",""
"foodweb_CrystalD","local_entropy","local_entropy","ok",24,24,21,21,0.00100000000000477,"",""
"foodweb_CrystalD","local_hindex","local_hindex","ok",24,24,5,5,0.00200000000000955,"",""
"foodweb_CrystalD","local_information_dimension","local_information_dimension","ok",24,24,14,14,0.000999999999976353,"",""
"foodweb_CrystalD","local_volume_dimension","local_volume_dimension","ok",24,24,21,21,0.00200000000000955,"",""
"foodweb_CrystalD","localized_bridging","localized_bridging","ok",24,24,21,21,0,"",""
"foodweb_CrystalD","malatya","malatya","ok",24,24,21,21,0,"",""
"foodweb_CrystalD","map_equation","map_equation","ok",24,24,12,12,0.00100000000000477,"",""
"foodweb_CrystalD","markov","markov","ok",24,24,23,21,0.00100000000000477,"",""
"foodweb_CrystalD","mcc","mcc","ok",24,24,18,18,0.00199999999998113,"",""
"foodweb_CrystalD","mcgm","mcgm","ok",24,24,22,21,0.00200000000000955,"",""
"foodweb_CrystalD","mdd","mdd","ok",24,24,15,15,0,"",""
"foodweb_CrystalD","mixed_gravity","mixed_gravity","ok",24,24,21,21,0.00100000000000477,"",""
"foodweb_CrystalD","mnc","mnc","ok",24,24,13,13,0.00600000000000023,"",""
"foodweb_CrystalD","modified_expected_force","modified_expected_force","ok",24,24,21,21,0.00200000000000955,"",""
"foodweb_CrystalD","modularity_vitality","modularity_vitality","ok",24,24,21,21,0.00100000000000477,"",""
"foodweb_CrystalD","ncvoterank","ncvoterank","ok",24,24,24,24,0.00100000000000477,"",""
"foodweb_CrystalD","neighborhood_connectivity","neighborhood_connectivity","ok",24,24,20,20,0.00100000000000477,"",""
"foodweb_CrystalD","ninl","ninl","ok",24,24,21,21,0.000999999999976353,"",""
"foodweb_CrystalD","node_contraction","node_contraction","ok",24,24,22,21,0.0490000000000066,"",""
"foodweb_CrystalD","node_contraction_improved","node_contraction_improved","ok",24,24,22,21,2.93299999999999,"",""
"foodweb_CrystalD","nonbacktracking","nonbacktracking","ok",24,24,21,21,0.0040000000000191,"",""
"foodweb_CrystalD","onion","onion","ok",24,24,9,9,0.0029999999999859,"",""
"foodweb_CrystalD","pagerank","pagerank","ok",24,24,22,21,0,"",""
"foodweb_CrystalD","pairwisedis","pairwisedis","nonfinite",0,24,NA,NA,0.00100000000000477,"pairwisedis requires a directed graph; returning NA",""
"foodweb_CrystalD","participation","participation","ok",24,24,16,16,0.00200000000000955,"",""
"foodweb_CrystalD","percolation","percolation","ok",24,24,19,19,0.00699999999997658,"",""
"foodweb_CrystalD","power","power","ok",24,24,21,21,0.00200000000000955,"",""
"foodweb_CrystalD","prestige_domain","prestige_domain","nonfinite",0,24,NA,NA,0,"prestige_domain requires a directed graph; returning NA",""
"foodweb_CrystalD","prestige_domain_proximity","prestige_domain_proximity","nonfinite",0,24,NA,NA,0.00100000000000477,"prestige_domain_proximity requires a directed graph; returning NA",""
"foodweb_CrystalD","proximal_betweenness","proximal_betweenness","ok",24,24,19,19,0.00100000000000477,"",""
"foodweb_CrystalD","radiality","radiality","ok",24,24,11,11,0.00100000000000477,"",""
"foodweb_CrystalD","random_walk","random_walk","ok",24,24,23,21,0.000999999999976353,"",""
"foodweb_CrystalD","random_walk_decay","random_walk_decay","ok",24,24,21,21,0.00200000000000955,"",""
"foodweb_CrystalD","reaching_local","reaching_local","ok",24,24,14,14,0.00100000000000477,"",""
"foodweb_CrystalD","redundancy","redundancy","ok",24,24,18,18,0,"",""
"foodweb_CrystalD","renewed_coreness","renewed_coreness","ok",24,24,5,5,0.00100000000000477,"",""
"foodweb_CrystalD","residual_closeness","residual_closeness","ok",24,24,14,14,0.000999999999976353,"",""
"foodweb_CrystalD","resistance_curvature","resistance_curvature","ok",24,24,22,21,0.00100000000000477,"",""
"foodweb_CrystalD","rumor","rumor","ok",24,24,19,19,0.00300000000001432,"",""
"foodweb_CrystalD","s_core","s_core","ok",24,24,5,5,0,"",""
"foodweb_CrystalD","s_shell","s_shell","ok",24,24,7,7,0.00100000000000477,"",""
"foodweb_CrystalD","salsa","salsa","nonfinite",0,24,NA,NA,0,"SALSA requires a directed graph; returning NA",""
"foodweb_CrystalD","second_order","second_order","ok",24,24,24,21,0.00100000000000477,"",""
"foodweb_CrystalD","semilocal","semilocal","ok",24,24,21,21,0.0160000000000196,"",""
"foodweb_CrystalD","shapley_game1","shapley_game1","ok",24,24,21,21,0,"",""
"foodweb_CrystalD","shapley_game2","shapley_game2","ok",24,24,21,21,0.000999999999976353,"",""
"foodweb_CrystalD","shapley_game3","shapley_game3","ok",24,24,3,3,0.00100000000000477,"",""
"foodweb_CrystalD","single_discount","single_discount","ok",24,24,24,24,0.00100000000000477,"",""
"foodweb_CrystalD","spanning_tree","spanning_tree","ok",24,24,22,21,0,"",""
"foodweb_CrystalD","spectralrank","spectralrank","ok",24,24,22,21,0,"",""
"foodweb_CrystalD","strength","strength","ok",24,24,12,12,0.00100000000000477,"",""
"foodweb_CrystalD","stress","stress","ok",24,24,15,15,0.00100000000000477,"",""
"foodweb_CrystalD","subgraph","subgraph","ok",24,24,22,21,0,"",""
"foodweb_CrystalD","support","support","ok",24,24,13,13,0,"",""
"foodweb_CrystalD","topological_coefficient","topological_coefficient","ok",24,24,21,21,0.00200000000000955,"",""
"foodweb_CrystalD","transitivity","transitivity","ok",24,24,18,18,0,"",""
"foodweb_CrystalD","trophic_level","trophic_level","nonfinite",0,24,NA,NA,0,"trophic_level requires a directed graph; returning NA",""
"foodweb_CrystalD","truss","truss","ok",24,24,4,4,0.00100000000000477,"",""
"foodweb_CrystalD","two_way_rw","two_way_rw","ok",24,24,17,17,0.00399999999999068,"",""
"foodweb_CrystalD","volume","volume","ok",24,24,3,3,0.00100000000000477,"",""
"foodweb_CrystalD","voterank","voterank","ok",24,24,24,24,0.061000000000007,"",""
"foodweb_CrystalD","voterank_plus","voterank_plus","ok",24,24,24,24,0.000999999999976353,"",""
"foodweb_CrystalD","weighted_h_index","weighted_h_index","ok",24,24,15,15,0.00100000000000477,"",""
"foodweb_CrystalD","weighted_kshell","weighted_kshell","ok",24,24,5,5,0.00100000000000477,"",""
"foodweb_CrystalD","weighted_leaderrank","weighted_leaderrank","ok",24,24,22,21,0,"",""
"foodweb_CrystalD","wiener","wiener","ok",24,24,11,11,0.00100000000000477,"",""
"foodweb_CrystalD","within_module_z","within_module_z","ok",24,24,12,12,0.00100000000000477,"",""
"foodweb_CrystalD","wvoterank","wvoterank","ok",24,24,24,24,0,"",""
"foodweb_CrystalD","x_degree","x_degree","ok",24,24,21,21,0.00100000000000477,"",""
"foodweb_CrystalD","candidate_14","gravity","ok",24,24,21,21,0.00100000000000477,"",""
"foodweb_CrystalD","candidate_18","betweenness","ok",24,24,19,19,0.00100000000000477,"",""
"foodweb_CrystalD","candidate_21","gravity","ok",24,24,21,21,0.00100000000000477,"",""
"foodweb_Maspalomas","access_information","access_information","ok",24,24,23,23,0.00200000000000955,"",""
"foodweb_Maspalomas","adaptive_leaderrank","adaptive_leaderrank","ok",24,24,23,21,0.000999999999976353,"",""
"foodweb_Maspalomas","alpha","alpha","ok",24,24,24,23,0.00200000000000955,"",""
"foodweb_Maspalomas","authority","authority","ok",24,24,23,23,0,"",""
"foodweb_Maspalomas","average_distance","average_distance","ok",24,24,12,12,0.00100000000000477,"",""
"foodweb_Maspalomas","barycenter","barycenter","ok",24,24,12,12,0.00100000000000477,"",""
"foodweb_Maspalomas","beta_measure","beta_measure","ok",24,24,23,23,0,"",""
"foodweb_Maspalomas","betweenness","betweenness","ok",24,24,22,22,0.000999999999976353,"",""
"foodweb_Maspalomas","bottleneck","bottleneck","ok",24,24,9,9,0.02800000000002,"",""
"foodweb_Maspalomas","bridging","bridging","ok",24,24,23,23,0.00199999999998113,"",""
"foodweb_Maspalomas","bridging_capital","bridging_capital","ok",24,24,20,20,0.00800000000000978,"",""
"foodweb_Maspalomas","bridging_coefficient","bridging_coefficient","ok",24,24,23,23,0.00100000000000477,"",""
"foodweb_Maspalomas","brokerage_coordinator","brokerage_coordinator","nonfinite",0,24,NA,NA,0,"brokerage requires a directed graph; returning NA",""
"foodweb_Maspalomas","brokerage_gatekeeper","brokerage_gatekeeper","nonfinite",0,24,NA,NA,0.00100000000000477,"brokerage requires a directed graph; returning NA",""
"foodweb_Maspalomas","brokerage_itinerant","brokerage_itinerant","nonfinite",0,24,NA,NA,0,"brokerage requires a directed graph; returning NA",""
"foodweb_Maspalomas","brokerage_liaison","brokerage_liaison","nonfinite",0,24,NA,NA,0.000999999999976353,"brokerage requires a directed graph; returning NA",""
"foodweb_Maspalomas","brokerage_representative","brokerage_representative","nonfinite",0,24,NA,NA,0,"brokerage requires a directed graph; returning NA",""
"foodweb_Maspalomas","cda","cda","ok",24,24,23,23,0.00100000000000477,"",""
"foodweb_Maspalomas","centroid","centroid","ok",24,24,10,10,0.0440000000000111,"",""
"foodweb_Maspalomas","closeness","closeness","ok",24,24,12,12,0.00100000000000477,"",""
"foodweb_Maspalomas","closeness_vitality","closeness_vitality","ok",24,24,13,13,0.00699999999997658,"",""
"foodweb_Maspalomas","clusterrank","clusterrank","ok",24,24,22,22,0.00200000000000955,"",""
"foodweb_Maspalomas","coleman_theil","coleman_theil","ok",24,24,23,23,0.00100000000000477,"",""
"foodweb_Maspalomas","collective_influence","collective_influence","ok",24,24,21,21,0.00100000000000477,"",""
"foodweb_Maspalomas","comm_centrality","comm_centrality","ok",24,24,21,21,0,"",""
"foodweb_Maspalomas","communicability","communicability","ok",24,24,24,23,0.00100000000000477,"",""
"foodweb_Maspalomas","communicability_betweenness","communicability_betweenness","ok",24,24,24,23,0.00199999999998113,"",""
"foodweb_Maspalomas","community_based","community_based","ok",24,24,21,21,0,"",""
"foodweb_Maspalomas","community_hub_bridge","community_hub_bridge","ok",24,24,18,18,0.00100000000000477,"",""
"foodweb_Maspalomas","community_mediator","community_mediator","ok",24,24,18,17,0,"",""
"foodweb_Maspalomas","constraint","constraint","ok",24,24,23,23,0.00100000000000477,"",""
"foodweb_Maspalomas","controlrank","controlrank","ok",24,24,24,23,0.0029999999999859,"",""
"foodweb_Maspalomas","coreness","coreness","ok",24,24,2,2,0.00100000000000477,"",""
"foodweb_Maspalomas","cross_clique","cross_clique","ok",24,24,18,18,0.00100000000000477,"",""
"foodweb_Maspalomas","current_flow_betweenness","current_flow_betweenness","ok",24,24,24,23,0.00200000000000955,"",""
"foodweb_Maspalomas","current_flow_closeness","current_flow_closeness","ok",24,24,24,23,0.00100000000000477,"",""
"foodweb_Maspalomas","dangalchev","dangalchev","ok",24,24,14,14,0.000999999999976353,"",""
"foodweb_Maspalomas","decay","decay","ok",24,24,14,14,0.00100000000000477,"",""
"foodweb_Maspalomas","degree","degree","ok",24,24,8,8,0,"",""
"foodweb_Maspalomas","degree_discount","degree_discount","ok",24,24,24,24,0,"",""
"foodweb_Maspalomas","delta_betweenness","delta_betweenness","ok",24,24,22,22,0.00100000000000477,"",""
"foodweb_Maspalomas","delta_closeness","delta_closeness","ok",24,24,16,16,0.000999999999976353,"",""
"foodweb_Maspalomas","diffusion","diffusion","ok",24,24,20,20,0.00100000000000477,"",""
"foodweb_Maspalomas","diffusion_centrality","diffusion_centrality","ok",24,24,23,23,0,"",""
"foodweb_Maspalomas","distance_entropy","distance_entropy","ok",24,24,15,15,0.00100000000000477,"",""
"foodweb_Maspalomas","diversity","diversity","constant",24,24,1,1,0,"",""
"foodweb_Maspalomas","dmnc","dmnc","ok",24,24,17,17,0.00899999999998613,"",""
"foodweb_Maspalomas","dynamical_importance","dynamical_importance","ok",24,24,24,23,0.00600000000000023,"",""
"foodweb_Maspalomas","dynamics_sensitive","dynamics_sensitive","ok",24,24,23,23,0,"",""
"foodweb_Maspalomas","eccentricity","eccentricity","ok",24,24,2,2,0.00100000000000477,"",""
"foodweb_Maspalomas","effective_size","effective_size","ok",24,24,19,18,0.00200000000000955,"",""
"foodweb_Maspalomas","ego_betweenness","ego_betweenness","ok",24,24,21,21,0.00399999999999068,"",""
"foodweb_Maspalomas","eigenvector","eigenvector","ok",24,24,23,23,0,"",""
"foodweb_Maspalomas","enrenew","enrenew","ok",24,24,24,24,0.00200000000000955,"",""
"foodweb_Maspalomas","entropy","entropy","constant",24,24,1,1,0.00600000000000023,"",""
"foodweb_Maspalomas","entropy_variation_betweenness","entropy_variation_betweenness","ok",24,24,23,23,0.0029999999999859,"",""
"foodweb_Maspalomas","entropy_variation_degree","entropy_variation_degree","ok",24,24,23,23,0,"",""
"foodweb_Maspalomas","epc","epc","ok",24,24,23,23,0.198000000000008,"",""
"foodweb_Maspalomas","exogenous","exogenous","ok",24,24,14,14,0.0180000000000007,"",""
"foodweb_Maspalomas","expected","expected","ok",24,24,18,18,0.00100000000000477,"",""
"foodweb_Maspalomas","expected_force","expected_force","ok",24,24,23,23,0.00199999999998113,"",""
"foodweb_Maspalomas","expected_influence_1","expected_influence_1","ok",24,24,8,8,0,"",""
"foodweb_Maspalomas","expected_influence_2","expected_influence_2","ok",24,24,22,22,0.00100000000000477,"",""
"foodweb_Maspalomas","extended_coreness","extended_coreness","ok",24,24,20,20,0,"",""
"foodweb_Maspalomas","extended_gravity","extended_gravity","ok",24,24,23,23,0.00100000000000477,"",""
"foodweb_Maspalomas","extended_local_bridging","extended_local_bridging","ok",24,24,23,23,0.00699999999997658,"",""
"foodweb_Maspalomas","extended_mixed_gravity","extended_mixed_gravity","ok",24,24,23,23,0.0330000000000155,"",""
"foodweb_Maspalomas","flow_betweenness","flow_betweenness","ok",24,24,20,20,0.0449999999999875,"",""
"foodweb_Maspalomas","flow_coefficient","flow_coefficient","ok",24,24,18,18,0,"",""
"foodweb_Maspalomas","fragmentation","fragmentation","ok",24,24,20,16,0.0169999999999959,"",""
"foodweb_Maspalomas","fuzzy_local_dimension","fuzzy_local_dimension","ok",24,24,20,17,0.00200000000000955,"",""
"foodweb_Maspalomas","gateway","gateway","ok",24,24,23,23,0.00100000000000477,"",""
"foodweb_Maspalomas","generalized_closeness","generalized_closeness","ok",24,24,14,14,0.00100000000000477,"",""
"foodweb_Maspalomas","geodesic_kpath","geodesic_kpath","ok",24,24,19,19,0.00100000000000477,"",""
"foodweb_Maspalomas","gilschmidt","gilschmidt","ok",24,24,16,16,0.000999999999976353,"",""
"foodweb_Maspalomas","global_structure","global_structure","ok",24,24,17,17,0.00100000000000477,"",""
"foodweb_Maspalomas","godfather","godfather","ok",24,24,14,14,0.00100000000000477,"",""
"foodweb_Maspalomas","graph_regularization","graph_regularization","ok",24,24,24,23,0.00100000000000477,"",""
"foodweb_Maspalomas","gravity","gravity","ok",24,24,19,18,0.00100000000000477,"",""
"foodweb_Maspalomas","harary","harary","ok",24,24,17,17,0.00100000000000477,"",""
"foodweb_Maspalomas","harmonic","harmonic","ok",24,24,17,16,0.000999999999976353,"",""
"foodweb_Maspalomas","heatmap","heatmap","ok",24,24,21,21,0.00100000000000477,"",""
"foodweb_Maspalomas","hide_information","hide_information","ok",24,24,23,23,0.00100000000000477,"",""
"foodweb_Maspalomas","hindex_strength","hindex_strength","ok",24,24,4,4,0.0339999999999918,"",""
"foodweb_Maspalomas","hub","hub","ok",24,24,23,23,0,"",""
"foodweb_Maspalomas","hubbell","hubbell","nonfinite",0,24,NA,NA,0,"hubbell: not solvable for this graph at weightfactor=0.5 (spectral radius >= 1); returning NA",""
"foodweb_Maspalomas","hybrid_global_structure","hybrid_global_structure","ok",24,24,23,23,0.00200000000000955,"",""
"foodweb_Maspalomas","improved_closeness","improved_closeness","ok",24,24,23,23,0.00100000000000477,"",""
"foodweb_Maspalomas","improved_global_structure","improved_global_structure","ok",24,24,23,23,0.00100000000000477,"",""
"foodweb_Maspalomas","infection","infection","ok",24,24,23,23,0.557999999999993,"",""
"foodweb_Maspalomas","information","information","ok",24,24,24,23,0,"",""
"foodweb_Maspalomas","integration","integration","ok",24,24,17,12,0,"",""
"foodweb_Maspalomas","katz","katz","ok",24,24,24,23,0.000999999999976353,"",""
"foodweb_Maspalomas","kpath","kpath","ok",24,24,23,23,0.0180000000000007,"",""
"foodweb_Maspalomas","kreach","kreach","constant",24,24,1,1,0,"",""
"foodweb_Maspalomas","lac","lac","ok",24,24,17,17,0.00600000000000023,"",""
"foodweb_Maspalomas","laplacian","laplacian","ok",24,24,21,21,0.00499999999999545,"",""
"foodweb_Maspalomas","leaderrank","leaderrank","nonfinite",0,24,NA,NA,0.00100000000000477,"LeaderRank requires a directed graph; returning NA",""
"foodweb_Maspalomas","length_scaled_betweenness","length_scaled_betweenness","ok",24,24,22,22,0.00200000000000955,"",""
"foodweb_Maspalomas","leverage","leverage","ok",24,24,23,23,0.00200000000000955,"",""
"foodweb_Maspalomas","lin","lin","ok",24,24,12,12,0.000999999999976353,"",""
"foodweb_Maspalomas","linerank","linerank","ok",24,24,24,23,0.00100000000000477,"",""
"foodweb_Maspalomas","load","load","ok",24,24,22,22,0.00600000000000023,"",""
"foodweb_Maspalomas","lobby","lobby","ok",24,24,4,4,0.0420000000000016,"",""
"foodweb_Maspalomas","local_bridging","local_bridging","ok",24,24,23,23,0.00100000000000477,"",""
"foodweb_Maspalomas","local_dimension","local_dimension","ok",24,24,17,17,0.000999999999976353,"",""
"foodweb_Maspalomas","local_dimension_fixed","local_dimension_fixed","ok",24,24,17,17,0.00100000000000477,"",""
"foodweb_Maspalomas","local_efficiency","local_efficiency","ok",24,24,19,19,0.00200000000000955,"",""
"foodweb_Maspalomas","local_entropy","local_entropy","ok",24,24,23,23,0,"",""
"foodweb_Maspalomas","local_hindex","local_hindex","ok",24,24,2,2,0.00199999999998113,"",""
"foodweb_Maspalomas","local_information_dimension","local_information_dimension","ok",24,24,17,17,0.00100000000000477,"",""
"foodweb_Maspalomas","local_volume_dimension","local_volume_dimension","ok",24,24,22,22,0.00100000000000477,"",""
"foodweb_Maspalomas","localized_bridging","localized_bridging","ok",24,24,23,23,0,"",""
"foodweb_Maspalomas","malatya","malatya","ok",24,24,23,23,0,"",""
"foodweb_Maspalomas","map_equation","map_equation","ok",24,24,8,8,0.00100000000000477,"",""
"foodweb_Maspalomas","markov","markov","ok",24,24,23,23,0.000999999999976353,"",""
"foodweb_Maspalomas","mcc","mcc","ok",24,24,16,16,0.00300000000001432,"",""
"foodweb_Maspalomas","mcgm","mcgm","ok",24,24,24,23,0.00200000000000955,"",""
"foodweb_Maspalomas","mdd","mdd","ok",24,24,13,13,0,"",""
"foodweb_Maspalomas","mixed_gravity","mixed_gravity","ok",24,24,23,23,0.000999999999976353,"",""
"foodweb_Maspalomas","mnc","mnc","ok",24,24,10,10,0.00600000000000023,"",""
"foodweb_Maspalomas","modified_expected_force","modified_expected_force","ok",24,24,23,23,0.00300000000001432,"",""
"foodweb_Maspalomas","modularity_vitality","modularity_vitality","ok",24,24,22,22,0,"",""
"foodweb_Maspalomas","ncvoterank","ncvoterank","ok",24,24,24,24,0.000999999999976353,"",""
"foodweb_Maspalomas","neighborhood_connectivity","neighborhood_connectivity","ok",24,24,21,21,0,"",""
"foodweb_Maspalomas","ninl","ninl","ok",24,24,23,23,0.00100000000000477,"",""
"foodweb_Maspalomas","node_contraction","node_contraction","ok",24,24,23,22,0.01400000000001,"",""
"foodweb_Maspalomas","node_contraction_improved","node_contraction_improved","ok",24,24,23,23,1.77099999999999,"",""
"foodweb_Maspalomas","nonbacktracking","nonbacktracking","ok",24,24,23,23,0.00399999999999068,"",""
"foodweb_Maspalomas","onion","onion","ok",24,24,7,7,0.00200000000000955,"",""
"foodweb_Maspalomas","pagerank","pagerank","ok",24,24,23,23,0.00100000000000477,"",""
"foodweb_Maspalomas","pairwisedis","pairwisedis","nonfinite",0,24,NA,NA,0,"pairwisedis requires a directed graph; returning NA",""
"foodweb_Maspalomas","participation","participation","ok",24,24,14,14,0.00200000000000955,"",""
"foodweb_Maspalomas","percolation","percolation","ok",24,24,22,22,0.00600000000000023,"",""
"foodweb_Maspalomas","power","power","ok",24,24,24,23,0.00200000000000955,"",""
"foodweb_Maspalomas","prestige_domain","prestige_domain","nonfinite",0,24,NA,NA,0.00100000000000477,"prestige_domain requires a directed graph; returning NA",""
"foodweb_Maspalomas","prestige_domain_proximity","prestige_domain_proximity","nonfinite",0,24,NA,NA,0,"prestige_domain_proximity requires a directed graph; returning NA",""
"foodweb_Maspalomas","proximal_betweenness","proximal_betweenness","ok",24,24,22,22,0.00100000000000477,"",""
"foodweb_Maspalomas","radiality","radiality","ok",24,24,12,12,0.000999999999976353,"",""
"foodweb_Maspalomas","random_walk","random_walk","ok",24,24,23,23,0.00100000000000477,"",""
"foodweb_Maspalomas","random_walk_decay","random_walk_decay","ok",24,24,23,23,0.00200000000000955,"",""
"foodweb_Maspalomas","reaching_local","reaching_local","ok",24,24,17,16,0,"",""
"foodweb_Maspalomas","redundancy","redundancy","ok",24,24,17,17,0,"",""
"foodweb_Maspalomas","renewed_coreness","renewed_coreness","ok",24,24,3,3,0,"",""
"foodweb_Maspalomas","residual_closeness","residual_closeness","ok",24,24,14,14,0.000999999999976353,"",""
"foodweb_Maspalomas","resistance_curvature","resistance_curvature","ok",24,24,23,23,0.00100000000000477,"",""
"foodweb_Maspalomas","rumor","rumor","ok",24,24,22,22,0.00300000000001432,"",""
"foodweb_Maspalomas","s_core","s_core","ok",24,24,2,2,0,"",""
"foodweb_Maspalomas","s_shell","s_shell","ok",24,24,7,7,0.00100000000000477,"",""
"foodweb_Maspalomas","salsa","salsa","nonfinite",0,24,NA,NA,0,"SALSA requires a directed graph; returning NA",""
"foodweb_Maspalomas","second_order","second_order","ok",24,24,23,23,0.00100000000000477,"",""
"foodweb_Maspalomas","semilocal","semilocal","ok",24,24,23,23,0.0130000000000052,"",""
"foodweb_Maspalomas","shapley_game1","shapley_game1","ok",24,24,23,23,0,"",""
"foodweb_Maspalomas","shapley_game2","shapley_game2","ok",24,24,23,23,0.00100000000000477,"",""
"foodweb_Maspalomas","shapley_game3","shapley_game3","ok",24,24,10,8,0.000999999999976353,"",""
"foodweb_Maspalomas","single_discount","single_discount","ok",24,24,24,24,0,"",""
"foodweb_Maspalomas","spanning_tree","spanning_tree","ok",24,24,24,23,0,"",""
"foodweb_Maspalomas","spectralrank","spectralrank","ok",24,24,24,23,0.00100000000000477,"",""
"foodweb_Maspalomas","strength","strength","ok",24,24,8,8,0,"",""
"foodweb_Maspalomas","stress","stress","ok",24,24,16,16,0.00100000000000477,"",""
"foodweb_Maspalomas","subgraph","subgraph","ok",24,24,24,23,0.00100000000000477,"",""
"foodweb_Maspalomas","support","support","ok",24,24,10,10,0.000999999999976353,"",""
"foodweb_Maspalomas","topological_coefficient","topological_coefficient","ok",24,24,22,22,0.00100000000000477,"",""
"foodweb_Maspalomas","transitivity","transitivity","ok",24,24,18,18,0.00100000000000477,"",""
"foodweb_Maspalomas","trophic_level","trophic_level","nonfinite",0,24,NA,NA,0,"trophic_level requires a directed graph; returning NA",""
"foodweb_Maspalomas","truss","truss","ok",24,24,3,3,0.00100000000000477,"",""
"foodweb_Maspalomas","two_way_rw","two_way_rw","ok",24,24,17,17,0.00399999999999068,"",""
"foodweb_Maspalomas","volume","volume","ok",24,24,7,7,0.00100000000000477,"",""
"foodweb_Maspalomas","voterank","voterank","ok",24,24,24,24,0.0660000000000025,"",""
"foodweb_Maspalomas","voterank_plus","voterank_plus","ok",24,24,24,24,0.00100000000000477,"",""
"foodweb_Maspalomas","weighted_h_index","weighted_h_index","ok",24,24,15,15,0.00100000000000477,"",""
"foodweb_Maspalomas","weighted_kshell","weighted_kshell","ok",24,24,2,2,0.000999999999976353,"",""
"foodweb_Maspalomas","weighted_leaderrank","weighted_leaderrank","ok",24,24,23,23,0,"",""
"foodweb_Maspalomas","wiener","wiener","ok",24,24,12,12,0.00100000000000477,"",""
"foodweb_Maspalomas","within_module_z","within_module_z","ok",24,24,13,13,0.00100000000000477,"",""
"foodweb_Maspalomas","wvoterank","wvoterank","ok",24,24,24,24,0,"",""
"foodweb_Maspalomas","x_degree","x_degree","ok",24,24,23,23,0.00100000000000477,"",""
"foodweb_Maspalomas","candidate_14","gravity","ok",24,24,23,23,0.000999999999976353,"",""
"foodweb_Maspalomas","candidate_18","betweenness","ok",24,24,22,22,0.00100000000000477,"",""
"foodweb_Maspalomas","candidate_21","gravity","ok",24,24,22,22,0.00100000000000477,"",""
"foodweb_Michigan","access_information","access_information","ok",39,39,31,31,0.0040000000000191,"",""
"foodweb_Michigan","adaptive_leaderrank","adaptive_leaderrank","ok",39,39,31,29,0.00100000000000477,"",""
"foodweb_Michigan","alpha","alpha","ok",39,39,35,31,0.00199999999998113,"",""
"foodweb_Michigan","authority","authority","ok",39,39,31,31,0.00100000000000477,"",""
"foodweb_Michigan","average_distance","average_distance","ok",39,39,19,19,0.00300000000001432,"",""
"foodweb_Michigan","barycenter","barycenter","ok",39,39,19,19,0.0029999999999859,"",""
"foodweb_Michigan","beta_measure","beta_measure","ok",39,39,31,31,0,"",""
"foodweb_Michigan","betweenness","betweenness","ok",39,39,31,31,0,"",""
"foodweb_Michigan","bottleneck","bottleneck","ok",39,39,17,17,0.199999999999989,"",""
"foodweb_Michigan","bridging","bridging","ok",39,39,31,31,0.00300000000001432,"",""
"foodweb_Michigan","bridging_capital","bridging_capital","ok",39,39,31,31,0.114000000000004,"",""
"foodweb_Michigan","bridging_coefficient","bridging_coefficient","ok",39,39,31,31,0,"",""
"foodweb_Michigan","brokerage_coordinator","brokerage_coordinator","nonfinite",0,39,NA,NA,0.000999999999976353,"brokerage requires a directed graph; returning NA",""
"foodweb_Michigan","brokerage_gatekeeper","brokerage_gatekeeper","nonfinite",0,39,NA,NA,0,"brokerage requires a directed graph; returning NA",""
"foodweb_Michigan","brokerage_itinerant","brokerage_itinerant","nonfinite",0,39,NA,NA,0.00100000000000477,"brokerage requires a directed graph; returning NA",""
"foodweb_Michigan","brokerage_liaison","brokerage_liaison","nonfinite",0,39,NA,NA,0,"brokerage requires a directed graph; returning NA",""
"foodweb_Michigan","brokerage_representative","brokerage_representative","nonfinite",0,39,NA,NA,0.00100000000000477,"brokerage requires a directed graph; returning NA",""
"foodweb_Michigan","cda","cda","ok",39,39,31,31,0,"",""
"foodweb_Michigan","centroid","centroid","ok",39,39,17,17,0.0029999999999859,"",""
"foodweb_Michigan","closeness","closeness","ok",39,39,19,19,0.00100000000000477,"",""
"foodweb_Michigan","closeness_vitality","closeness_vitality","ok",39,39,19,19,0.0120000000000005,"",""
"foodweb_Michigan","clusterrank","clusterrank","ok",39,39,30,30,0.00300000000001432,"",""
"foodweb_Michigan","coleman_theil","coleman_theil","ok",39,39,30,30,0,"",""
"foodweb_Michigan","collective_influence","collective_influence","ok",39,39,31,31,0.000999999999976353,"",""
"foodweb_Michigan","comm_centrality","comm_centrality","ok",39,39,31,31,0.00100000000000477,"",""
"foodweb_Michigan","communicability","communicability","ok",39,39,34,31,0.00100000000000477,"",""
"foodweb_Michigan","communicability_betweenness","communicability_betweenness","ok",39,39,38,31,0.0109999999999957,"",""
"foodweb_Michigan","community_based","community_based","ok",39,39,28,28,0.00100000000000477,"",""
"foodweb_Michigan","community_hub_bridge","community_hub_bridge","ok",39,39,28,28,0,"",""
"foodweb_Michigan","community_mediator","community_mediator","ok",39,39,29,29,0.00100000000000477,"",""
"foodweb_Michigan","constraint","constraint","ok",39,39,31,31,0,"",""
"foodweb_Michigan","controlrank","controlrank","ok",39,39,33,31,0.00800000000000978,"",""
"foodweb_Michigan","coreness","coreness","ok",39,39,6,6,0,"",""
"foodweb_Michigan","cross_clique","cross_clique","ok",39,39,28,28,0.00300000000001432,"",""
"foodweb_Michigan","current_flow_betweenness","current_flow_betweenness","ok",39,39,37,31,0.0550000000000068,"",""
"foodweb_Michigan","current_flow_closeness","current_flow_closeness","ok",39,39,35,31,0.000999999999976353,"",""
"foodweb_Michigan","dangalchev","dangalchev","ok",39,39,22,22,0.00300000000001432,"",""
"foodweb_Michigan","decay","decay","ok",39,39,22,22,0.0029999999999859,"",""
"foodweb_Michigan","degree","degree","ok",39,39,16,16,0,"",""
"foodweb_Michigan","degree_discount","degree_discount","ok",39,39,39,39,0,"",""
"foodweb_Michigan","delta_betweenness","delta_betweenness","ok",39,39,31,31,0.00499999999999545,"",""
"foodweb_Michigan","delta_closeness","delta_closeness","ok",39,39,24,23,0.00300000000001432,"",""
"foodweb_Michigan","diffusion","diffusion","ok",39,39,31,31,0.00100000000000477,"",""
"foodweb_Michigan","diffusion_centrality","diffusion_centrality","ok",39,39,31,31,0,"",""
"foodweb_Michigan","distance_entropy","distance_entropy","ok",39,39,21,21,0.00199999999998113,"",""
"foodweb_Michigan","diversity","diversity","constant",39,39,1,1,0,"",""
"foodweb_Michigan","dmnc","dmnc","ok",39,39,27,27,0.0150000000000148,"",""
"foodweb_Michigan","dynamical_importance","dynamical_importance","ok",39,39,32,31,0.0169999999999959,"",""
"foodweb_Michigan","dynamics_sensitive","dynamics_sensitive","ok",39,39,31,31,0,"",""
"foodweb_Michigan","eccentricity","eccentricity","ok",39,39,2,2,0.00100000000000477,"",""
"foodweb_Michigan","effective_size","effective_size","ok",39,39,29,28,0.00499999999999545,"",""
"foodweb_Michigan","ego_betweenness","ego_betweenness","ok",39,39,30,30,0.0649999999999977,"",""
"foodweb_Michigan","eigenvector","eigenvector","ok",39,39,36,31,0,"",""
"foodweb_Michigan","enrenew","enrenew","ok",39,39,39,39,0.0029999999999859,"",""
"foodweb_Michigan","entropy","entropy","constant",39,39,1,1,0.0109999999999957,"",""
"foodweb_Michigan","entropy_variation_betweenness","entropy_variation_betweenness","ok",39,39,31,31,0.00600000000000023,"",""
"foodweb_Michigan","entropy_variation_degree","entropy_variation_degree","ok",39,39,31,31,0,"",""
"foodweb_Michigan","epc","epc","ok",39,39,24,24,0.313000000000017,"",""
"foodweb_Michigan","exogenous","exogenous","ok",39,39,19,19,0.162999999999982,"",""
"foodweb_Michigan","expected","expected","ok",39,39,29,29,0.00100000000000477,"",""
"foodweb_Michigan","expected_force","expected_force","ok",39,39,31,31,0.00600000000000023,"",""
"foodweb_Michigan","expected_influence_1","expected_influence_1","ok",39,39,16,16,0,"",""
"foodweb_Michigan","expected_influence_2","expected_influence_2","ok",39,39,30,30,0.00100000000000477,"",""
"foodweb_Michigan","extended_coreness","extended_coreness","ok",39,39,30,30,0,"",""
"foodweb_Michigan","extended_gravity","extended_gravity","ok",39,39,31,31,0.00200000000000955,"",""
"foodweb_Michigan","extended_local_bridging","extended_local_bridging","ok",39,39,31,31,0.0800000000000125,"",""
"foodweb_Michigan","extended_mixed_gravity","extended_mixed_gravity","ok",39,39,31,31,0.0029999999999859,"",""
"foodweb_Michigan","flow_betweenness","flow_betweenness","ok",39,39,38,38,0.179000000000002,"",""
"foodweb_Michigan","flow_coefficient","flow_coefficient","ok",39,39,28,28,0,"",""
"foodweb_Michigan","fragmentation","fragmentation","ok",39,39,25,23,0.169999999999987,"",""
"foodweb_Michigan","fuzzy_local_dimension","fuzzy_local_dimension","ok",39,39,30,23,0.00300000000001432,"",""
"foodweb_Michigan","gateway","gateway","ok",39,39,31,31,0.00100000000000477,"",""
"foodweb_Michigan","generalized_closeness","generalized_closeness","ok",39,39,22,22,0.0029999999999859,"",""
"foodweb_Michigan","geodesic_kpath","geodesic_kpath","ok",39,39,28,28,0.00300000000001432,"",""
"foodweb_Michigan","gilschmidt","gilschmidt","ok",39,39,24,23,0.000999999999976353,"",""
"foodweb_Michigan","global_structure","global_structure","ok",39,39,27,27,0.00300000000001432,"",""
"foodweb_Michigan","godfather","godfather","ok",39,39,26,26,0,"",""
"foodweb_Michigan","graph_regularization","graph_regularization","ok",39,39,36,31,0.00100000000000477,"",""
"foodweb_Michigan","gravity","gravity","ok",39,39,28,28,0.0029999999999859,"",""
"foodweb_Michigan","harary","harary","ok",39,39,23,23,0.00300000000001432,"",""
"foodweb_Michigan","harmonic","harmonic","ok",39,39,23,23,0,"",""
"foodweb_Michigan","heatmap","heatmap","ok",39,39,31,31,0.0029999999999859,"",""
"foodweb_Michigan","hide_information","hide_information","ok",39,39,31,31,0.00300000000001432,"",""
"foodweb_Michigan","hindex_strength","hindex_strength","ok",39,39,9,9,0.00399999999999068,"",""
"foodweb_Michigan","hub","hub","ok",39,39,34,31,0,"",""
"foodweb_Michigan","hubbell","hubbell","nonfinite",0,39,NA,NA,0,"hubbell: not solvable for this graph at weightfactor=0.5 (spectral radius >= 1); returning NA",""
"foodweb_Michigan","hybrid_global_structure","hybrid_global_structure","ok",39,39,31,31,0.00199999999998113,"",""
"foodweb_Michigan","improved_closeness","improved_closeness","ok",39,39,31,31,0.00200000000000955,"",""
"foodweb_Michigan","improved_global_structure","improved_global_structure","ok",39,39,31,31,0.0439999999999827,"",""
"foodweb_Michigan","infection","infection","error",0,39,NA,NA,30.031,"","reached elapsed time limit"
"foodweb_Michigan","information","information","ok",39,39,36,31,0.0010000000000332,"",""
"foodweb_Michigan","integration","integration","ok",39,39,25,19,0.0369999999999777,"",""
"foodweb_Michigan","katz","katz","ok",39,39,38,31,0.000999999999976353,"katz: alpha = 0.1 does not converge on this graph (needs alpha < 0.07138); the values are not Katz scores. Lower `katz_alpha`.",""
"foodweb_Michigan","kpath","kpath","ok",39,39,31,31,0.152000000000044,"",""
"foodweb_Michigan","kreach","kreach","constant",39,39,1,1,0.000999999999976353,"",""
"foodweb_Michigan","lac","lac","ok",39,39,28,28,0.00900000000001455,"",""
"foodweb_Michigan","laplacian","laplacian","ok",39,39,29,29,0.0579999999999927,"",""
"foodweb_Michigan","leaderrank","leaderrank","nonfinite",0,39,NA,NA,0,"LeaderRank requires a directed graph; returning NA",""
"foodweb_Michigan","length_scaled_betweenness","length_scaled_betweenness","ok",39,39,31,31,0.00499999999999545,"",""
"foodweb_Michigan","leverage","leverage","ok",39,39,31,31,0.00200000000000955,"",""
"foodweb_Michigan","lin","lin","ok",39,39,19,19,0.0029999999999859,"",""
"foodweb_Michigan","linerank","linerank","ok",39,39,36,31,0.00200000000000955,"",""
"foodweb_Michigan","load","load","ok",39,39,32,31,0.0150000000000432,"",""
"foodweb_Michigan","lobby","lobby","ok",39,39,9,9,0.0029999999999859,"",""
"foodweb_Michigan","local_bridging","local_bridging","ok",39,39,31,31,0.0029999999999859,"",""
"foodweb_Michigan","local_dimension","local_dimension","ok",39,39,23,23,0.00300000000004275,"",""
"foodweb_Michigan","local_dimension_fixed","local_dimension_fixed","ok",39,39,23,23,0.0029999999999859,"",""
"foodweb_Michigan","local_efficiency","local_efficiency","ok",39,39,28,28,0.0080000000000382,"",""
"foodweb_Michigan","local_entropy","local_entropy","ok",39,39,31,31,0,"",""
"foodweb_Michigan","local_hindex","local_hindex","ok",39,39,6,6,0.00200000000000955,"",""
"foodweb_Michigan","local_information_dimension","local_information_dimension","ok",39,39,23,23,0.0029999999999859,"",""
"foodweb_Michigan","local_volume_dimension","local_volume_dimension","ok",39,39,31,31,0.0029999999999859,"",""
"foodweb_Michigan","localized_bridging","localized_bridging","ok",39,39,31,31,0,"",""
"foodweb_Michigan","malatya","malatya","ok",39,39,31,31,0,"",""
"foodweb_Michigan","map_equation","map_equation","ok",39,39,17,16,0.0010000000000332,"",""
"foodweb_Michigan","markov","markov","ok",39,39,37,31,0.00200000000000955,"",""
"foodweb_Michigan","mcc","mcc","ok",39,39,28,28,0.0489999999999782,"",""
"foodweb_Michigan","mcgm","mcgm","ok",39,39,34,31,0.00300000000004275,"",""
"foodweb_Michigan","mdd","mdd","ok",39,39,22,22,0,"",""
"foodweb_Michigan","mixed_gravity","mixed_gravity","ok",39,39,31,31,0.0029999999999859,"",""
"foodweb_Michigan","mnc","mnc","ok",39,39,15,15,0.0110000000000241,"",""
"foodweb_Michigan","modified_expected_force","modified_expected_force","ok",39,39,31,31,0.00599999999997181,"",""
"foodweb_Michigan","modularity_vitality","modularity_vitality","ok",39,39,31,31,0.0010000000000332,"",""
"foodweb_Michigan","ncvoterank","ncvoterank","ok",39,39,39,39,0.00200000000000955,"",""
"foodweb_Michigan","neighborhood_connectivity","neighborhood_connectivity","ok",39,39,30,30,0,"",""
"foodweb_Michigan","ninl","ninl","ok",39,39,31,31,0.00200000000000955,"",""
"foodweb_Michigan","node_contraction","node_contraction","ok",39,39,31,31,0.117000000000019,"",""
"foodweb_Michigan","node_contraction_improved","node_contraction_improved","error",0,39,NA,NA,30.014,"","reached elapsed time limit"
"foodweb_Michigan","nonbacktracking","nonbacktracking","ok",39,39,33,31,0.0229999999999677,"",""
"foodweb_Michigan","onion","onion","ok",39,39,10,10,0.0029999999999859,"",""
"foodweb_Michigan","pagerank","pagerank","ok",39,39,34,31,0,"",""
"foodweb_Michigan","pairwisedis","pairwisedis","nonfinite",0,39,NA,NA,0,"pairwisedis requires a directed graph; returning NA",""
"foodweb_Michigan","participation","participation","ok",39,39,27,26,0.00300000000004275,"",""
"foodweb_Michigan","percolation","percolation","ok",39,39,31,31,0.0159999999999627,"",""
"foodweb_Michigan","power","power","ok",39,39,34,31,0.00200000000000955,"",""
"foodweb_Michigan","prestige_domain","prestige_domain","nonfinite",0,39,NA,NA,0.0010000000000332,"prestige_domain requires a directed graph; returning NA",""
"foodweb_Michigan","prestige_domain_proximity","prestige_domain_proximity","nonfinite",0,39,NA,NA,0,"prestige_domain_proximity requires a directed graph; returning NA",""
"foodweb_Michigan","proximal_betweenness","proximal_betweenness","ok",39,39,31,31,0.0029999999999859,"",""
"foodweb_Michigan","radiality","radiality","ok",39,39,19,19,0.0029999999999859,"",""
"foodweb_Michigan","random_walk","random_walk","ok",39,39,34,31,0.00200000000000955,"",""
"foodweb_Michigan","random_walk_decay","random_walk_decay","ok",39,39,32,31,0.00399999999996226,"",""
"foodweb_Michigan","reaching_local","reaching_local","ok",39,39,23,23,0,"",""
"foodweb_Michigan","redundancy","redundancy","ok",39,39,28,28,0.000999999999976353,"",""
"foodweb_Michigan","renewed_coreness","renewed_coreness","ok",39,39,6,6,0,"",""
"foodweb_Michigan","residual_closeness","residual_closeness","ok",39,39,22,22,0.00300000000004275,"",""
"foodweb_Michigan","resistance_curvature","resistance_curvature","ok",39,39,34,31,0.000999999999976353,"",""
"foodweb_Michigan","rumor","rumor","ok",39,39,30,30,0.00599999999997181,"",""
"foodweb_Michigan","s_core","s_core","ok",39,39,6,6,0.0010000000000332,"",""
"foodweb_Michigan","s_shell","s_shell","ok",39,39,15,15,0,"",""
"foodweb_Michigan","salsa","salsa","nonfinite",0,39,NA,NA,0,"SALSA requires a directed graph; returning NA",""
"foodweb_Michigan","second_order","second_order","ok",39,39,36,31,0.00200000000000955,"",""
"foodweb_Michigan","semilocal","semilocal","ok",39,39,31,31,0.11099999999999,"",""
"foodweb_Michigan","shapley_game1","shapley_game1","ok",39,39,31,31,0,"",""
"foodweb_Michigan","shapley_game2","shapley_game2","ok",39,39,31,31,0.0010000000000332,"",""
"foodweb_Michigan","shapley_game3","shapley_game3","ok",39,39,9,6,0.0029999999999859,"",""
"foodweb_Michigan","single_discount","single_discount","ok",39,39,39,39,0,"",""
"foodweb_Michigan","spanning_tree","spanning_tree","ok",39,39,38,31,0.0010000000000332,"",""
"foodweb_Michigan","spectralrank","spectralrank","ok",39,39,33,31,0.000999999999976353,"",""
"foodweb_Michigan","strength","strength","ok",39,39,16,16,0.000999999999976353,"",""
"foodweb_Michigan","stress","stress","ok",39,39,29,29,0.0040000000000191,"",""
"foodweb_Michigan","subgraph","subgraph","ok",39,39,35,31,0.0010000000000332,"",""
"foodweb_Michigan","support","support","ok",39,39,15,15,0.000999999999976353,"",""
"foodweb_Michigan","topological_coefficient","topological_coefficient","ok",39,39,31,31,0.0029999999999859,"",""
"foodweb_Michigan","transitivity","transitivity","ok",39,39,28,28,0,"",""
"foodweb_Michigan","trophic_level","trophic_level","nonfinite",0,39,NA,NA,0.000999999999976353,"trophic_level requires a directed graph; returning NA",""
"foodweb_Michigan","truss","truss","ok",39,39,4,4,0.000999999999976353,"",""
"foodweb_Michigan","two_way_rw","two_way_rw","ok",39,39,21,21,0.01400000000001,"",""
"foodweb_Michigan","volume","volume","ok",39,39,6,6,0.0029999999999859,"",""
"foodweb_Michigan","voterank","voterank","ok",39,39,39,39,0.110000000000014,"",""
"foodweb_Michigan","voterank_plus","voterank_plus","ok",39,39,39,39,0.00200000000000955,"",""
"foodweb_Michigan","weighted_h_index","weighted_h_index","ok",39,39,25,25,0.00199999999995271,"",""
"foodweb_Michigan","weighted_kshell","weighted_kshell","ok",39,39,6,6,0.0010000000000332,"",""
"foodweb_Michigan","weighted_leaderrank","weighted_leaderrank","ok",39,39,33,31,0,"",""
"foodweb_Michigan","wiener","wiener","ok",39,39,19,19,0.00200000000000955,"",""
"foodweb_Michigan","within_module_z","within_module_z","ok",39,39,17,17,0.00300000000004275,"",""
"foodweb_Michigan","wvoterank","wvoterank","ok",39,39,39,39,0.000999999999976353,"",""
"foodweb_Michigan","x_degree","x_degree","ok",39,39,31,31,0.0010000000000332,"",""
"foodweb_Michigan","candidate_14","gravity","ok",39,39,31,31,0.0029999999999859,"",""
"foodweb_Michigan","candidate_18","betweenness","ok",39,39,31,31,0,"",""
"foodweb_Michigan","candidate_21","gravity","ok",39,39,31,31,0.0040000000000191,"",""
"foodweb_Mondego","access_information","access_information","ok",46,46,44,44,0.0040000000000191,"",""
"foodweb_Mondego","adaptive_leaderrank","adaptive_leaderrank","ok",46,46,45,44,0.000999999999976353,"",""
"foodweb_Mondego","alpha","alpha","ok",46,46,46,44,0.000999999999976353,"",""
"foodweb_Mondego","authority","authority","ok",46,46,44,44,0,"",""
"foodweb_Mondego","average_distance","average_distance","ok",46,46,27,27,0.0040000000000191,"",""
"foodweb_Mondego","barycenter","barycenter","ok",46,46,27,27,0.0040000000000191,"",""
"foodweb_Mondego","beta_measure","beta_measure","ok",46,46,44,44,0.000999999999976353,"",""
"foodweb_Mondego","betweenness","betweenness","ok",46,46,44,44,0,"",""
"foodweb_Mondego","bottleneck","bottleneck","ok",46,46,17,17,0.313999999999965,"",""
"foodweb_Mondego","bridging","bridging","ok",46,46,44,44,0.0040000000000191,"",""
"foodweb_Mondego","bridging_capital","bridging_capital","costly_above_40",0,46,NA,NA,0,"",""
"foodweb_Mondego","bridging_coefficient","bridging_coefficient","ok",46,46,44,44,0,"",""
"foodweb_Mondego","brokerage_coordinator","brokerage_coordinator","nonfinite",0,46,NA,NA,0,"brokerage requires a directed graph; returning NA",""
"foodweb_Mondego","brokerage_gatekeeper","brokerage_gatekeeper","nonfinite",0,46,NA,NA,0,"brokerage requires a directed graph; returning NA",""
"foodweb_Mondego","brokerage_itinerant","brokerage_itinerant","nonfinite",0,46,NA,NA,0,"brokerage requires a directed graph; returning NA",""
"foodweb_Mondego","brokerage_liaison","brokerage_liaison","nonfinite",0,46,NA,NA,0,"brokerage requires a directed graph; returning NA",""
"foodweb_Mondego","brokerage_representative","brokerage_representative","nonfinite",0,46,NA,NA,0.000999999999976353,"brokerage requires a directed graph; returning NA",""
"foodweb_Mondego","cda","cda","ok",46,46,44,44,0,"",""
"foodweb_Mondego","centroid","centroid","ok",46,46,26,26,0.0050000000000523,"",""
"foodweb_Mondego","closeness","closeness","ok",46,46,27,27,0.000999999999976353,"",""
"foodweb_Mondego","closeness_vitality","closeness_vitality","ok",46,46,27,27,0.0160000000000196,"",""
"foodweb_Mondego","clusterrank","clusterrank","nonfinite",45,46,NA,NA,0.00399999999996226,"",""
"foodweb_Mondego","coleman_theil","coleman_theil","ok",46,46,44,44,0.0010000000000332,"",""
"foodweb_Mondego","collective_influence","collective_influence","ok",46,46,42,42,0.000999999999976353,"",""
"foodweb_Mondego","comm_centrality","comm_centrality","ok",46,46,42,42,0,"",""
"foodweb_Mondego","communicability","communicability","ok",46,46,45,44,0.0010000000000332,"",""
"foodweb_Mondego","communicability_betweenness","communicability_betweenness","ok",46,46,45,44,0.00799999999998136,"",""
"foodweb_Mondego","community_based","community_based","ok",46,46,42,42,0.000999999999976353,"",""
"foodweb_Mondego","community_hub_bridge","community_hub_bridge","ok",46,46,40,40,0.0010000000000332,"",""
"foodweb_Mondego","community_mediator","community_mediator","ok",46,46,41,41,0.000999999999976353,"",""
"foodweb_Mondego","constraint","constraint","ok",46,46,44,44,0,"",""
"foodweb_Mondego","controlrank","controlrank","costly_above_40",0,46,NA,NA,0,"",""
"foodweb_Mondego","coreness","coreness","ok",46,46,9,9,0,"",""
"foodweb_Mondego","cross_clique","cross_clique","ok",46,46,41,41,0.047999999999945,"",""
"foodweb_Mondego","current_flow_betweenness","current_flow_betweenness","ok",46,46,46,44,0.109000000000037,"",""
"foodweb_Mondego","current_flow_closeness","current_flow_closeness","ok",46,46,46,44,0.000999999999976353,"",""
"foodweb_Mondego","dangalchev","dangalchev","ok",46,46,30,30,0.00599999999997181,"",""
"foodweb_Mondego","decay","decay","ok",46,46,30,30,0.0040000000000191,"",""
"foodweb_Mondego","degree","degree","ok",46,46,25,25,0.000999999999976353,"",""
"foodweb_Mondego","degree_discount","degree_discount","ok",46,46,46,46,0.0010000000000332,"",""
"foodweb_Mondego","delta_betweenness","delta_betweenness","ok",46,46,44,44,0.0099999999999909,"",""
"foodweb_Mondego","delta_closeness","delta_closeness","ok",46,46,30,29,0.0790000000000077,"",""
"foodweb_Mondego","diffusion","diffusion","ok",46,46,43,43,0.000999999999976353,"",""
"foodweb_Mondego","diffusion_centrality","diffusion_centrality","ok",46,46,44,44,0,"",""
"foodweb_Mondego","distance_entropy","distance_entropy","ok",46,46,24,24,0.00499999999999545,"",""
"foodweb_Mondego","diversity","diversity","ok",46,46,2,2,0.000999999999976353,"",""
"foodweb_Mondego","dmnc","dmnc","ok",46,46,38,38,0.0199999999999818,"",""
"foodweb_Mondego","dynamical_importance","dynamical_importance","costly_above_40",0,46,NA,NA,0,"",""
"foodweb_Mondego","dynamics_sensitive","dynamics_sensitive","ok",46,46,44,44,0.0010000000000332,"",""
"foodweb_Mondego","eccentricity","eccentricity","ok",46,46,2,2,0,"",""
"foodweb_Mondego","effective_size","effective_size","ok",46,46,41,39,0.00899999999995771,"",""
"foodweb_Mondego","ego_betweenness","ego_betweenness","ok",46,46,41,41,0.120000000000005,"",""
"foodweb_Mondego","eigenvector","eigenvector","ok",46,46,44,44,0,"",""
"foodweb_Mondego","enrenew","enrenew","ok",46,46,46,46,0.00499999999999545,"",""
"foodweb_Mondego","entropy","entropy","ok",46,46,2,2,0.0150000000000432,"",""
"foodweb_Mondego","entropy_variation_betweenness","entropy_variation_betweenness","costly_above_40",0,46,NA,NA,0,"",""
"foodweb_Mondego","entropy_variation_degree","entropy_variation_degree","ok",46,46,44,44,0,"",""
"foodweb_Mondego","epc","epc","costly_above_40",0,46,NA,NA,0,"",""
"foodweb_Mondego","exogenous","exogenous","costly_above_40",0,46,NA,NA,0,"",""
"foodweb_Mondego","expected","expected","ok",46,46,44,44,0.000999999999976353,"",""
"foodweb_Mondego","expected_force","expected_force","ok",46,46,44,44,0.00900000000001455,"",""
"foodweb_Mondego","expected_influence_1","expected_influence_1","ok",46,46,25,25,0.000999999999976353,"",""
"foodweb_Mondego","expected_influence_2","expected_influence_2","ok",46,46,44,44,0.0010000000000332,"",""
"foodweb_Mondego","extended_coreness","extended_coreness","ok",46,46,44,44,0,"",""
"foodweb_Mondego","extended_gravity","extended_gravity","ok",46,46,44,44,0.0040000000000191,"",""
"foodweb_Mondego","extended_local_bridging","extended_local_bridging","costly_above_40",0,46,NA,NA,0,"",""
"foodweb_Mondego","extended_mixed_gravity","extended_mixed_gravity","ok",46,46,44,44,0.00499999999999545,"",""
"foodweb_Mondego","flow_betweenness","flow_betweenness","ok",46,46,45,45,0.351999999999975,"",""
"foodweb_Mondego","flow_coefficient","flow_coefficient","ok",46,46,37,37,0.0010000000000332,"",""
"foodweb_Mondego","fragmentation","fragmentation","costly_above_40",0,46,NA,NA,0,"",""
"foodweb_Mondego","fuzzy_local_dimension","fuzzy_local_dimension","ok",46,46,39,30,0.00499999999999545,"",""
"foodweb_Mondego","gateway","gateway","ok",46,46,44,44,0.000999999999976353,"",""
"foodweb_Mondego","generalized_closeness","generalized_closeness","ok",46,46,30,30,0.00499999999999545,"",""
"foodweb_Mondego","geodesic_kpath","geodesic_kpath","ok",46,46,41,41,0.0040000000000191,"",""
"foodweb_Mondego","gilschmidt","gilschmidt","ok",46,46,30,29,0.000999999999976353,"",""
"foodweb_Mondego","global_structure","global_structure","ok",46,46,42,42,0.0040000000000191,"",""
"foodweb_Mondego","godfather","godfather","ok",46,46,34,34,0.000999999999976353,"",""
"foodweb_Mondego","graph_regularization","graph_regularization","ok",46,46,45,44,0.0010000000000332,"",""
"foodweb_Mondego","gravity","gravity","ok",46,46,42,42,0.00399999999996226,"",""
"foodweb_Mondego","harary","harary","ok",46,46,30,30,0.0040000000000191,"",""
"foodweb_Mondego","harmonic","harmonic","ok",46,46,30,29,0.000999999999976353,"",""
"foodweb_Mondego","heatmap","heatmap","ok",46,46,43,43,0.0550000000000068,"",""
"foodweb_Mondego","hide_information","hide_information","ok",46,46,44,44,0.00499999999999545,"",""
"foodweb_Mondego","hindex_strength","hindex_strength","ok",46,46,13,13,0.0040000000000191,"",""
"foodweb_Mondego","hub","hub","ok",46,46,44,44,0.000999999999976353,"",""
"foodweb_Mondego","hubbell","hubbell","nonfinite",0,46,NA,NA,0.0010000000000332,"hubbell: not solvable for this graph at weightfactor=0.5 (spectral radius >= 1); returning NA",""
"foodweb_Mondego","hybrid_global_structure","hybrid_global_structure","ok",46,46,44,44,0.0040000000000191,"",""
"foodweb_Mondego","improved_closeness","improved_closeness","ok",46,46,44,44,0.00399999999996226,"",""
"foodweb_Mondego","improved_global_structure","improved_global_structure","ok",46,46,44,44,0.00399999999996226,"",""
"foodweb_Mondego","infection","infection","costly_above_40",0,46,NA,NA,0,"",""
"foodweb_Mondego","information","information","ok",46,46,46,44,0.0010000000000332,"",""
"foodweb_Mondego","integration","integration","ok",46,46,35,27,0,"",""
"foodweb_Mondego","katz","katz","ok",46,46,46,44,0.000999999999976353,"katz: alpha = 0.1 does not converge on this graph (needs alpha < 0.04999); the values are not Katz scores. Lower `katz_alpha`.",""
"foodweb_Mondego","kpath","kpath","ok",46,46,44,44,0.650000000000034,"",""
"foodweb_Mondego","kreach","kreach","constant",46,46,1,1,0,"",""
"foodweb_Mondego","lac","lac","ok",46,46,37,37,0.0110000000000241,"",""
"foodweb_Mondego","laplacian","laplacian","ok",46,46,44,44,0.0799999999999841,"",""
"foodweb_Mondego","leaderrank","leaderrank","nonfinite",0,46,NA,NA,0.0010000000000332,"LeaderRank requires a directed graph; returning NA",""
"foodweb_Mondego","length_scaled_betweenness","length_scaled_betweenness","ok",46,46,44,44,0.00799999999998136,"",""
"foodweb_Mondego","leverage","leverage","ok",46,46,44,44,0.0029999999999859,"",""
"foodweb_Mondego","lin","lin","ok",46,46,27,27,0.00499999999999545,"",""
"foodweb_Mondego","linerank","linerank","costly_above_40",0,46,NA,NA,0,"",""
"foodweb_Mondego","load","load","ok",46,46,44,44,0.0270000000000437,"",""
"foodweb_Mondego","lobby","lobby","ok",46,46,13,13,0.00499999999999545,"",""
"foodweb_Mondego","local_bridging","local_bridging","ok",46,46,44,44,0.0029999999999859,"",""
"foodweb_Mondego","local_dimension","local_dimension","ok",46,46,30,30,0.00399999999996226,"",""
"foodweb_Mondego","local_dimension_fixed","local_dimension_fixed","ok",46,46,30,30,0.00499999999999545,"",""
"foodweb_Mondego","local_efficiency","local_efficiency","ok",46,46,37,37,0.0879999999999654,"",""
"foodweb_Mondego","local_entropy","local_entropy","ok",46,46,43,43,0,"",""
"foodweb_Mondego","local_hindex","local_hindex","ok",46,46,9,9,0.00499999999999545,"",""
"foodweb_Mondego","local_information_dimension","local_information_dimension","ok",46,46,30,30,0.00499999999999545,"",""
"foodweb_Mondego","local_volume_dimension","local_volume_dimension","ok",46,46,43,43,0.00499999999999545,"",""
"foodweb_Mondego","localized_bridging","localized_bridging","ok",46,46,44,44,0.0010000000000332,"",""
"foodweb_Mondego","malatya","malatya","ok",46,46,44,44,0.000999999999976353,"",""
"foodweb_Mondego","map_equation","map_equation","ok",46,46,25,25,0.000999999999976353,"",""
"foodweb_Mondego","markov","markov","ok",46,46,45,44,0.00300000000004275,"",""
"foodweb_Mondego","mcc","mcc","costly_above_40",0,46,NA,NA,0,"",""
"foodweb_Mondego","mcgm","mcgm","ok",46,46,45,44,0.00600000000002865,"",""
"foodweb_Mondego","mdd","mdd","ok",46,46,33,33,0.000999999999976353,"",""
"foodweb_Mondego","mixed_gravity","mixed_gravity","ok",46,46,44,44,0.00499999999999545,"",""
"foodweb_Mondego","mnc","mnc","ok",46,46,22,22,0.01400000000001,"",""
"foodweb_Mondego","modified_expected_force","modified_expected_force","ok",46,46,44,44,0.106999999999971,"",""
"foodweb_Mondego","modularity_vitality","modularity_vitality","ok",46,46,43,43,0.0010000000000332,"",""
"foodweb_Mondego","ncvoterank","ncvoterank","ok",46,46,46,46,0.00200000000000955,"",""
"foodweb_Mondego","neighborhood_connectivity","neighborhood_connectivity","ok",46,46,43,43,0.000999999999976353,"",""
"foodweb_Mondego","ninl","ninl","ok",46,46,44,44,0.0040000000000191,"",""
"foodweb_Mondego","node_contraction","node_contraction","ok",46,46,43,43,0.20599999999996,"",""
"foodweb_Mondego","node_contraction_improved","node_contraction_improved","costly_above_40",0,46,NA,NA,0,"",""
"foodweb_Mondego","nonbacktracking","nonbacktracking","ok",46,46,43,43,0.0849999999999795,"",""
"foodweb_Mondego","onion","onion","ok",46,46,17,17,0.00499999999999545,"",""
"foodweb_Mondego","pagerank","pagerank","ok",46,46,44,44,0,"",""
"foodweb_Mondego","pairwisedis","pairwisedis","nonfinite",0,46,NA,NA,0,"pairwisedis requires a directed graph; returning NA",""
"foodweb_Mondego","participation","participation","ok",46,46,40,40,0.0040000000000191,"",""
"foodweb_Mondego","percolation","percolation","ok",46,46,44,44,0.0269999999999868,"",""
"foodweb_Mondego","power","power","ok",46,46,46,44,0.0029999999999859,"",""
"foodweb_Mondego","prestige_domain","prestige_domain","nonfinite",0,46,NA,NA,0,"prestige_domain requires a directed graph; returning NA",""
"foodweb_Mondego","prestige_domain_proximity","prestige_domain_proximity","nonfinite",0,46,NA,NA,0.0010000000000332,"prestige_domain_proximity requires a directed graph; returning NA",""
"foodweb_Mondego","proximal_betweenness","proximal_betweenness","ok",46,46,44,44,0.00399999999996226,"",""
"foodweb_Mondego","radiality","radiality","ok",46,46,27,27,0.00399999999996226,"",""
"foodweb_Mondego","random_walk","random_walk","ok",46,46,45,44,0.00300000000004275,"",""
"foodweb_Mondego","random_walk_decay","random_walk_decay","costly_above_40",0,46,NA,NA,0,"",""
"foodweb_Mondego","reaching_local","reaching_local","ok",46,46,30,29,0,"",""
"foodweb_Mondego","redundancy","redundancy","ok",46,46,37,37,0.000999999999976353,"",""
"foodweb_Mondego","renewed_coreness","renewed_coreness","ok",46,46,9,9,0.0579999999999927,"",""
"foodweb_Mondego","residual_closeness","residual_closeness","ok",46,46,30,30,0.00399999999996226,"",""
"foodweb_Mondego","resistance_curvature","resistance_curvature","costly_above_40",0,46,NA,NA,0,"",""
"foodweb_Mondego","rumor","rumor","ok",46,46,41,41,0.007000000000005,"",""
"foodweb_Mondego","s_core","s_core","ok",46,46,9,9,0,"",""
"foodweb_Mondego","s_shell","s_shell","ok",46,46,18,18,0.000999999999976353,"",""
"foodweb_Mondego","salsa","salsa","nonfinite",0,46,NA,NA,0,"SALSA requires a directed graph; returning NA",""
"foodweb_Mondego","second_order","second_order","ok",46,46,44,44,0.0029999999999859,"",""
"foodweb_Mondego","semilocal","semilocal","ok",46,46,44,44,0.0509999999999877,"",""
"foodweb_Mondego","shapley_game1","shapley_game1","ok",46,46,43,43,0,"",""
"foodweb_Mondego","shapley_game2","shapley_game2","ok",46,46,44,44,0.0010000000000332,"",""
"foodweb_Mondego","shapley_game3","shapley_game3","ok",46,46,5,5,0.0040000000000191,"",""
"foodweb_Mondego","single_discount","single_discount","ok",46,46,46,46,0.000999999999976353,"",""
"foodweb_Mondego","spanning_tree","spanning_tree","ok",46,46,46,44,0,"",""
"foodweb_Mondego","spectralrank","spectralrank","ok",46,46,45,44,0.000999999999976353,"",""
"foodweb_Mondego","strength","strength","ok",46,46,25,25,0.0610000000000355,"",""
"foodweb_Mondego","stress","stress","ok",46,46,38,38,0.007000000000005,"",""
"foodweb_Mondego","subgraph","subgraph","ok",46,46,45,44,0.00200000000000955,"",""
"foodweb_Mondego","support","support","ok",46,46,22,22,0,"",""
"foodweb_Mondego","topological_coefficient","topological_coefficient","ok",46,46,44,44,0.0080000000000382,"",""
"foodweb_Mondego","transitivity","transitivity","nonfinite",45,46,NA,NA,0,"",""
"foodweb_Mondego","trophic_level","trophic_level","nonfinite",0,46,NA,NA,0,"trophic_level requires a directed graph; returning NA",""
"foodweb_Mondego","truss","truss","ok",46,46,9,9,0.000999999999976353,"",""
"foodweb_Mondego","two_way_rw","two_way_rw","costly_above_40",0,46,NA,NA,0,"",""
"foodweb_Mondego","volume","volume","ok",46,46,5,5,0.0040000000000191,"",""
"foodweb_Mondego","voterank","voterank","ok",46,46,46,46,0.143999999999949,"",""
"foodweb_Mondego","voterank_plus","voterank_plus","ok",46,46,46,46,0.00200000000000955,"",""
"foodweb_Mondego","weighted_h_index","weighted_h_index","ok",46,46,39,39,0.00200000000000955,"",""
"foodweb_Mondego","weighted_kshell","weighted_kshell","ok",46,46,9,9,0.0010000000000332,"",""
"foodweb_Mondego","weighted_leaderrank","weighted_leaderrank","ok",46,46,45,44,0.000999999999976353,"",""
"foodweb_Mondego","wiener","wiener","ok",46,46,27,27,0.0040000000000191,"",""
"foodweb_Mondego","within_module_z","within_module_z","ok",46,46,29,29,0.0040000000000191,"",""
"foodweb_Mondego","wvoterank","wvoterank","ok",46,46,46,46,0.000999999999976353,"",""
"foodweb_Mondego","x_degree","x_degree","ok",46,46,43,43,0.0010000000000332,"",""
"foodweb_Mondego","candidate_14","gravity","ok",46,46,44,44,0.00499999999999545,"",""
"foodweb_Mondego","candidate_18","betweenness","ok",46,46,44,44,0.000999999999976353,"",""
"foodweb_Mondego","candidate_21","gravity","ok",46,46,43,43,0.00499999999999545,"",""
"foodweb_Narragan","access_information","access_information","ok",35,35,34,34,0.0029999999999859,"",""
"foodweb_Narragan","adaptive_leaderrank","adaptive_leaderrank","ok",35,35,33,30,0.0010000000000332,"",""
"foodweb_Narragan","alpha","alpha","ok",35,35,34,34,0.00200000000000955,"",""
"foodweb_Narragan","authority","authority","ok",35,35,34,34,0.000999999999976353,"",""
"foodweb_Narragan","average_distance","average_distance","ok",35,35,16,16,0.0029999999999859,"",""
"foodweb_Narragan","barycenter","barycenter","ok",35,35,16,16,0.00300000000004275,"",""
"foodweb_Narragan","beta_measure","beta_measure","ok",35,35,33,33,0.000999999999976353,"",""
"foodweb_Narragan","betweenness","betweenness","ok",35,35,33,33,0.000999999999976353,"",""
"foodweb_Narragan","bottleneck","bottleneck","ok",35,35,10,10,0.186000000000035,"",""
"foodweb_Narragan","bridging","bridging","ok",35,35,34,34,0.0029999999999859,"",""
"foodweb_Narragan","bridging_capital","bridging_capital","ok",35,35,33,33,0.0999999999999659,"",""
"foodweb_Narragan","bridging_coefficient","bridging_coefficient","ok",35,35,33,33,0.0010000000000332,"",""
"foodweb_Narragan","brokerage_coordinator","brokerage_coordinator","nonfinite",0,35,NA,NA,0,"brokerage requires a directed graph; returning NA",""
"foodweb_Narragan","brokerage_gatekeeper","brokerage_gatekeeper","nonfinite",0,35,NA,NA,0,"brokerage requires a directed graph; returning NA",""
"foodweb_Narragan","brokerage_itinerant","brokerage_itinerant","nonfinite",0,35,NA,NA,0,"brokerage requires a directed graph; returning NA",""
"foodweb_Narragan","brokerage_liaison","brokerage_liaison","nonfinite",0,35,NA,NA,0,"brokerage requires a directed graph; returning NA",""
"foodweb_Narragan","brokerage_representative","brokerage_representative","nonfinite",0,35,NA,NA,0,"brokerage requires a directed graph; returning NA",""
"foodweb_Narragan","cda","cda","ok",35,35,34,34,0.0459999999999923,"",""
"foodweb_Narragan","centroid","centroid","ok",35,35,16,16,0.00300000000004275,"",""
"foodweb_Narragan","closeness","closeness","ok",35,35,16,16,0,"",""
"foodweb_Narragan","closeness_vitality","closeness_vitality","ok",35,35,16,16,0.0110000000000241,"",""
"foodweb_Narragan","clusterrank","clusterrank","ok",35,35,33,33,0.0029999999999859,"",""
"foodweb_Narragan","coleman_theil","coleman_theil","ok",35,35,34,34,0.000999999999976353,"",""
"foodweb_Narragan","collective_influence","collective_influence","ok",35,35,33,33,0,"",""
"foodweb_Narragan","comm_centrality","comm_centrality","ok",35,35,29,29,0,"",""
"foodweb_Narragan","communicability","communicability","ok",35,35,34,34,0.000999999999976353,"",""
"foodweb_Narragan","communicability_betweenness","communicability_betweenness","ok",35,35,35,34,0.0040000000000191,"",""
"foodweb_Narragan","community_based","community_based","ok",35,35,28,28,0,"",""
"foodweb_Narragan","community_hub_bridge","community_hub_bridge","ok",35,35,29,29,0.000999999999976353,"",""
"foodweb_Narragan","community_mediator","community_mediator","ok",35,35,27,27,0,"",""
"foodweb_Narragan","constraint","constraint","ok",35,35,34,34,0,"",""
"foodweb_Narragan","controlrank","controlrank","ok",35,35,34,34,0.00599999999997181,"",""
"foodweb_Narragan","coreness","coreness","ok",35,35,6,6,0,"",""
"foodweb_Narragan","cross_clique","cross_clique","ok",35,35,29,29,0.00600000000002865,"",""
"foodweb_Narragan","current_flow_betweenness","current_flow_betweenness","ok",35,35,35,34,0.00499999999999545,"",""
"foodweb_Narragan","current_flow_closeness","current_flow_closeness","ok",35,35,34,34,0,"",""
"foodweb_Narragan","dangalchev","dangalchev","ok",35,35,16,16,0.00199999999995271,"",""
"foodweb_Narragan","decay","decay","ok",35,35,16,16,0.00200000000000955,"",""
"foodweb_Narragan","degree","degree","ok",35,35,16,16,0.0010000000000332,"",""
"foodweb_Narragan","degree_discount","degree_discount","ok",35,35,35,35,0.000999999999976353,"",""
"foodweb_Narragan","delta_betweenness","delta_betweenness","ok",35,35,33,33,0.0040000000000191,"",""
"foodweb_Narragan","delta_closeness","delta_closeness","ok",35,35,16,16,0.00200000000000955,"",""
"foodweb_Narragan","diffusion","diffusion","ok",35,35,32,32,0,"",""
"foodweb_Narragan","diffusion_centrality","diffusion_centrality","ok",35,35,34,34,0,"",""
"foodweb_Narragan","distance_entropy","distance_entropy","ok",35,35,15,15,0.0649999999999977,"",""
"foodweb_Narragan","diversity","diversity","constant",35,35,1,1,0.0010000000000332,"",""
"foodweb_Narragan","dmnc","dmnc","ok",35,35,29,29,0.0129999999999768,"",""
"foodweb_Narragan","dynamical_importance","dynamical_importance","ok",35,35,34,34,0.0130000000000337,"",""
"foodweb_Narragan","dynamics_sensitive","dynamics_sensitive","ok",35,35,34,34,0,"",""
"foodweb_Narragan","eccentricity","eccentricity","constant",35,35,1,1,0.000999999999976353,"",""
"foodweb_Narragan","effective_size","effective_size","ok",35,35,28,28,0.0040000000000191,"",""
"foodweb_Narragan","ego_betweenness","ego_betweenness","ok",35,35,33,33,0.0179999999999723,"",""
"foodweb_Narragan","eigenvector","eigenvector","ok",35,35,34,34,0,"",""
"foodweb_Narragan","enrenew","enrenew","ok",35,35,35,35,0.0029999999999859,"",""
"foodweb_Narragan","entropy","entropy","constant",35,35,1,1,0.0099999999999909,"",""
"foodweb_Narragan","entropy_variation_betweenness","entropy_variation_betweenness","ok",35,35,34,34,0.00600000000002865,"",""
"foodweb_Narragan","entropy_variation_degree","entropy_variation_degree","ok",35,35,34,33,0,"",""
"foodweb_Narragan","epc","epc","ok",35,35,18,18,0.305999999999983,"",""
"foodweb_Narragan","exogenous","exogenous","ok",35,35,16,16,0.192000000000007,"",""
"foodweb_Narragan","expected","expected","ok",35,35,32,32,0.000999999999976353,"",""
"foodweb_Narragan","expected_force","expected_force","ok",35,35,34,34,0.00600000000002865,"",""
"foodweb_Narragan","expected_influence_1","expected_influence_1","ok",35,35,16,16,0.000999999999976353,"",""
"foodweb_Narragan","expected_influence_2","expected_influence_2","ok",35,35,33,33,0.000999999999976353,"",""
"foodweb_Narragan","extended_coreness","extended_coreness","ok",35,35,34,34,0,"",""
"foodweb_Narragan","extended_gravity","extended_gravity","ok",35,35,34,34,0.00200000000000955,"",""
"foodweb_Narragan","extended_local_bridging","extended_local_bridging","ok",35,35,34,34,0.0360000000000014,"",""
"foodweb_Narragan","extended_mixed_gravity","extended_mixed_gravity","ok",35,35,34,34,0.00200000000000955,"",""
"foodweb_Narragan","flow_betweenness","flow_betweenness","ok",35,35,34,34,0.206999999999994,"",""
"foodweb_Narragan","flow_coefficient","flow_coefficient","ok",35,35,26,26,0.0010000000000332,"",""
"foodweb_Narragan","fragmentation","fragmentation","ok",35,35,16,16,0.151999999999987,"",""
"foodweb_Narragan","fuzzy_local_dimension","fuzzy_local_dimension","ok",35,35,22,16,0.0029999999999859,"",""
"foodweb_Narragan","gateway","gateway","ok",35,35,34,34,0.00200000000000955,"",""
"foodweb_Narragan","generalized_closeness","generalized_closeness","ok",35,35,16,16,0.00200000000000955,"",""
"foodweb_Narragan","geodesic_kpath","geodesic_kpath","ok",35,35,24,24,0.0040000000000191,"",""
"foodweb_Narragan","gilschmidt","gilschmidt","ok",35,35,16,16,0.000999999999976353,"",""
"foodweb_Narragan","global_structure","global_structure","ok",35,35,29,29,0.0749999999999886,"",""
"foodweb_Narragan","godfather","godfather","ok",35,35,26,26,0,"",""
"foodweb_Narragan","graph_regularization","graph_regularization","ok",35,35,35,34,0,"",""
"foodweb_Narragan","gravity","gravity","ok",35,35,29,29,0.00200000000000955,"",""
"foodweb_Narragan","harary","harary","ok",35,35,16,16,0.00200000000000955,"",""
"foodweb_Narragan","harmonic","harmonic","ok",35,35,16,16,0,"",""
"foodweb_Narragan","heatmap","heatmap","ok",35,35,33,33,0.00199999999995271,"",""
"foodweb_Narragan","hide_information","hide_information","ok",35,35,34,34,0.00300000000004275,"",""
"foodweb_Narragan","hindex_strength","hindex_strength","ok",35,35,9,9,0.00499999999999545,"",""
"foodweb_Narragan","hub","hub","ok",35,35,34,34,0,"",""
"foodweb_Narragan","hubbell","hubbell","nonfinite",0,35,NA,NA,0.000999999999976353,"hubbell: not solvable for this graph at weightfactor=0.5 (spectral radius >= 1); returning NA",""
"foodweb_Narragan","hybrid_global_structure","hybrid_global_structure","ok",35,35,34,34,0.0029999999999859,"",""
"foodweb_Narragan","improved_closeness","improved_closeness","ok",35,35,34,34,0.00200000000000955,"",""
"foodweb_Narragan","improved_global_structure","improved_global_structure","ok",35,35,33,33,0.00199999999995271,"",""
"foodweb_Narragan","infection","infection","error",0,35,NA,NA,30.048,"","reached elapsed time limit"
"foodweb_Narragan","information","information","ok",35,35,34,34,0.0010000000000332,"",""
"foodweb_Narragan","integration","integration","ok",35,35,16,16,0,"",""
"foodweb_Narragan","katz","katz","ok",35,35,35,34,0.0010000000000332,"katz: alpha = 0.1 does not converge on this graph (needs alpha < 0.06908); the values are not Katz scores. Lower `katz_alpha`.",""
"foodweb_Narragan","kpath","kpath","ok",35,35,34,34,0.259999999999991,"",""
"foodweb_Narragan","kreach","kreach","constant",35,35,1,1,0.000999999999976353,"",""
"foodweb_Narragan","lac","lac","ok",35,35,29,29,0.00899999999995771,"",""
"foodweb_Narragan","laplacian","laplacian","ok",35,35,33,33,0.0110000000000241,"",""
"foodweb_Narragan","leaderrank","leaderrank","nonfinite",0,35,NA,NA,0,"LeaderRank requires a directed graph; returning NA",""
"foodweb_Narragan","length_scaled_betweenness","length_scaled_betweenness","ok",35,35,33,33,0.00499999999999545,"",""
"foodweb_Narragan","leverage","leverage","ok",35,35,33,33,0.00300000000004275,"",""
"foodweb_Narragan","lin","lin","ok",35,35,16,16,0.00200000000000955,"",""
"foodweb_Narragan","linerank","linerank","ok",35,35,34,34,0.00200000000000955,"",""
"foodweb_Narragan","load","load","ok",35,35,34,33,0.11099999999999,"",""
"foodweb_Narragan","lobby","lobby","ok",35,35,9,9,0.0040000000000191,"",""
"foodweb_Narragan","local_bridging","local_bridging","ok",35,35,33,33,0.0029999999999859,"",""
"foodweb_Narragan","local_dimension","local_dimension","ok",35,35,16,16,0.00300000000004275,"",""
"foodweb_Narragan","local_dimension_fixed","local_dimension_fixed","ok",35,35,16,16,0.0029999999999859,"",""
"foodweb_Narragan","local_efficiency","local_efficiency","ok",35,35,26,26,0.0099999999999909,"",""
"foodweb_Narragan","local_entropy","local_entropy","ok",35,35,34,33,0.000999999999976353,"",""
"foodweb_Narragan","local_hindex","local_hindex","ok",35,35,6,6,0.0040000000000191,"",""
"foodweb_Narragan","local_information_dimension","local_information_dimension","ok",35,35,16,16,0.0029999999999859,"",""
"foodweb_Narragan","local_volume_dimension","local_volume_dimension","ok",35,35,32,32,0.00300000000004275,"",""
"foodweb_Narragan","localized_bridging","localized_bridging","ok",35,35,34,34,0.000999999999976353,"",""
"foodweb_Narragan","malatya","malatya","ok",35,35,33,33,0.000999999999976353,"",""
"foodweb_Narragan","map_equation","map_equation","ok",35,35,18,16,0.0010000000000332,"",""
"foodweb_Narragan","markov","markov","ok",35,35,35,34,0.00200000000000955,"",""
"foodweb_Narragan","mcc","mcc","ok",35,35,32,32,0.0120000000000005,"",""
"foodweb_Narragan","mcgm","mcgm","ok",35,35,34,34,0.0029999999999859,"",""
"foodweb_Narragan","mdd","mdd","ok",35,35,22,22,0.000999999999976353,"",""
"foodweb_Narragan","mixed_gravity","mixed_gravity","ok",35,35,33,33,0.00200000000000955,"",""
"foodweb_Narragan","mnc","mnc","ok",35,35,16,16,0.00899999999995771,"",""
"foodweb_Narragan","modified_expected_force","modified_expected_force","ok",35,35,34,34,0.00499999999999545,"",""
"foodweb_Narragan","modularity_vitality","modularity_vitality","ok",35,35,31,31,0,"",""
"foodweb_Narragan","ncvoterank","ncvoterank","ok",35,35,35,35,0.0640000000000214,"",""
"foodweb_Narragan","neighborhood_connectivity","neighborhood_connectivity","ok",35,35,33,33,0,"",""
"foodweb_Narragan","ninl","ninl","ok",35,35,34,34,0.00200000000000955,"",""
"foodweb_Narragan","node_contraction","node_contraction","ok",35,35,33,33,0.0380000000000109,"",""
"foodweb_Narragan","node_contraction_improved","node_contraction_improved","error",0,35,NA,NA,30.074,"","reached elapsed time limit"
"foodweb_Narragan","nonbacktracking","nonbacktracking","ok",35,35,34,34,0.0269999999999868,"",""
"foodweb_Narragan","onion","onion","ok",35,35,14,14,0.00599999999997181,"",""
"foodweb_Narragan","pagerank","pagerank","ok",35,35,35,34,0.00200000000000955,"",""
"foodweb_Narragan","pairwisedis","pairwisedis","nonfinite",0,35,NA,NA,0.000999999999976353,"pairwisedis requires a directed graph; returning NA",""
"foodweb_Narragan","participation","participation","ok",35,35,25,25,0.0050000000000523,"",""
"foodweb_Narragan","percolation","percolation","ok",35,35,33,33,0.0329999999999586,"",""
"foodweb_Narragan","power","power","ok",35,35,34,34,0.007000000000005,"",""
"foodweb_Narragan","prestige_domain","prestige_domain","nonfinite",0,35,NA,NA,0.000999999999976353,"prestige_domain requires a directed graph; returning NA",""
"foodweb_Narragan","prestige_domain_proximity","prestige_domain_proximity","nonfinite",0,35,NA,NA,0.000999999999976353,"prestige_domain_proximity requires a directed graph; returning NA",""
"foodweb_Narragan","proximal_betweenness","proximal_betweenness","ok",35,35,33,33,0.00799999999998136,"",""
"foodweb_Narragan","radiality","radiality","ok",35,35,16,16,0.0129999999999768,"",""
"foodweb_Narragan","random_walk","random_walk","ok",35,35,35,34,0.0040000000000191,"",""
"foodweb_Narragan","random_walk_decay","random_walk_decay","ok",35,35,34,34,0.0109999999999673,"",""
"foodweb_Narragan","reaching_local","reaching_local","ok",35,35,16,16,0.000999999999976353,"",""
"foodweb_Narragan","redundancy","redundancy","ok",35,35,29,29,0.000999999999976353,"",""
"foodweb_Narragan","renewed_coreness","renewed_coreness","ok",35,35,5,5,0.007000000000005,"",""
"foodweb_Narragan","residual_closeness","residual_closeness","ok",35,35,16,16,0.007000000000005,"",""
"foodweb_Narragan","resistance_curvature","resistance_curvature","ok",35,35,34,34,0.0029999999999859,"",""
"foodweb_Narragan","rumor","rumor","ok",35,35,32,32,0.0179999999999723,"",""
"foodweb_Narragan","s_core","s_core","ok",35,35,6,6,0.00199999999995271,"",""
"foodweb_Narragan","s_shell","s_shell","ok",35,35,16,16,0.00499999999999545,"",""
"foodweb_Narragan","salsa","salsa","nonfinite",0,35,NA,NA,0.00200000000000955,"SALSA requires a directed graph; returning NA",""
"foodweb_Narragan","second_order","second_order","ok",35,35,35,34,0.00600000000002865,"",""
"foodweb_Narragan","semilocal","semilocal","ok",35,35,32,32,0.313000000000045,"",""
"foodweb_Narragan","shapley_game1","shapley_game1","ok",35,35,33,33,0.000999999999976353,"",""
"foodweb_Narragan","shapley_game2","shapley_game2","ok",35,35,33,33,0.0010000000000332,"",""
"foodweb_Narragan","shapley_game3","shapley_game3","constant",35,35,1,1,0.0029999999999859,"",""
"foodweb_Narragan","single_discount","single_discount","ok",35,35,35,35,0.000999999999976353,"",""
"foodweb_Narragan","spanning_tree","spanning_tree","ok",35,35,35,34,0.0010000000000332,"",""
"foodweb_Narragan","spectralrank","spectralrank","ok",35,35,34,34,0.000999999999976353,"",""
"foodweb_Narragan","strength","strength","ok",35,35,16,16,0,"",""
"foodweb_Narragan","stress","stress","ok",35,35,26,26,0.0029999999999859,"",""
"foodweb_Narragan","subgraph","subgraph","ok",35,35,34,34,0.000999999999976353,"",""
"foodweb_Narragan","support","support","ok",35,35,16,16,0.0010000000000332,"",""
"foodweb_Narragan","topological_coefficient","topological_coefficient","ok",35,35,33,33,0.00399999999996226,"",""
"foodweb_Narragan","transitivity","transitivity","ok",35,35,26,26,0.0010000000000332,"",""
"foodweb_Narragan","trophic_level","trophic_level","nonfinite",0,35,NA,NA,0,"trophic_level requires a directed graph; returning NA",""
"foodweb_Narragan","truss","truss","ok",35,35,5,5,0.000999999999976353,"",""
"foodweb_Narragan","two_way_rw","two_way_rw","ok",35,35,26,26,0.0120000000000005,"",""
"foodweb_Narragan","volume","volume","constant",35,35,1,1,0.0040000000000191,"",""
"foodweb_Narragan","voterank","voterank","ok",35,35,35,35,0.0400000000000205,"",""
"foodweb_Narragan","voterank_plus","voterank_plus","ok",35,35,35,35,0.00200000000000955,"",""
"foodweb_Narragan","weighted_h_index","weighted_h_index","ok",35,35,26,26,0.000999999999976353,"",""
"foodweb_Narragan","weighted_kshell","weighted_kshell","ok",35,35,6,6,0.00200000000000955,"",""
"foodweb_Narragan","weighted_leaderrank","weighted_leaderrank","ok",35,35,34,34,0.000999999999976353,"",""
"foodweb_Narragan","wiener","wiener","ok",35,35,16,16,0.00200000000000955,"",""
"foodweb_Narragan","within_module_z","within_module_z","ok",35,35,16,16,0.0029999999999859,"",""
"foodweb_Narragan","wvoterank","wvoterank","ok",35,35,35,35,0.000999999999976353,"",""
"foodweb_Narragan","x_degree","x_degree","ok",35,35,33,33,0.0010000000000332,"",""
"foodweb_Narragan","candidate_14","gravity","ok",35,35,33,33,0.0589999999999691,"",""
"foodweb_Narragan","candidate_18","betweenness","ok",35,35,33,33,0,"",""
"foodweb_Narragan","candidate_21","gravity","ok",35,35,33,33,0.00499999999999545,"",""
"foodweb_Rhode","access_information","access_information","ok",19,19,18,18,0.0010000000000332,"",""
"foodweb_Rhode","adaptive_leaderrank","adaptive_leaderrank","ok",19,19,16,14,0.000999999999976353,"",""
"foodweb_Rhode","alpha","alpha","ok",19,19,16,5,0.00200000000000955,"",""
"foodweb_Rhode","authority","authority","ok",19,19,18,18,0,"",""
"foodweb_Rhode","average_distance","average_distance","ok",19,19,9,9,0.000999999999976353,"",""
"foodweb_Rhode","barycenter","barycenter","ok",19,19,9,9,0.0010000000000332,"",""
"foodweb_Rhode","beta_measure","beta_measure","ok",19,19,16,16,0,"",""
"foodweb_Rhode","betweenness","betweenness","ok",19,19,15,15,0,"",""
"foodweb_Rhode","bottleneck","bottleneck","ok",19,19,9,9,0.0160000000000196,"",""
"foodweb_Rhode","bridging","bridging","ok",19,19,16,16,0.00200000000000955,"",""
"foodweb_Rhode","bridging_capital","bridging_capital","ok",19,19,16,16,0.00399999999996226,"",""
"foodweb_Rhode","bridging_coefficient","bridging_coefficient","ok",19,19,16,16,0,"",""
"foodweb_Rhode","brokerage_coordinator","brokerage_coordinator","nonfinite",0,19,NA,NA,0,"brokerage requires a directed graph; returning NA",""
"foodweb_Rhode","brokerage_gatekeeper","brokerage_gatekeeper","nonfinite",0,19,NA,NA,0,"brokerage requires a directed graph; returning NA",""
"foodweb_Rhode","brokerage_itinerant","brokerage_itinerant","nonfinite",0,19,NA,NA,0,"brokerage requires a directed graph; returning NA",""
"foodweb_Rhode","brokerage_liaison","brokerage_liaison","nonfinite",0,19,NA,NA,0,"brokerage requires a directed graph; returning NA",""
"foodweb_Rhode","brokerage_representative","brokerage_representative","nonfinite",0,19,NA,NA,0,"brokerage requires a directed graph; returning NA",""
"foodweb_Rhode","cda","cda","ok",19,19,18,18,0.0010000000000332,"",""
"foodweb_Rhode","centroid","centroid","ok",19,19,9,9,0.000999999999976353,"",""
"foodweb_Rhode","closeness","closeness","ok",19,19,9,9,0,"",""
"foodweb_Rhode","closeness_vitality","closeness_vitality","ok",19,19,11,11,0.00499999999999545,"",""
"foodweb_Rhode","clusterrank","clusterrank","ok",19,19,14,14,0.00200000000000955,"",""
"foodweb_Rhode","coleman_theil","coleman_theil","ok",19,19,15,15,0.0010000000000332,"",""
"foodweb_Rhode","collective_influence","collective_influence","ok",19,19,15,15,0,"",""
"foodweb_Rhode","comm_centrality","comm_centrality","ok",19,19,14,14,0,"",""
"foodweb_Rhode","communicability","communicability","ok",19,19,19,18,0.000999999999976353,"",""
"foodweb_Rhode","communicability_betweenness","communicability_betweenness","ok",19,19,19,18,0.0010000000000332,"",""
"foodweb_Rhode","community_based","community_based","ok",19,19,13,13,0.000999999999976353,"",""
"foodweb_Rhode","community_hub_bridge","community_hub_bridge","ok",19,19,12,12,0,"",""
"foodweb_Rhode","community_mediator","community_mediator","ok",19,19,12,11,0.0010000000000332,"",""
"foodweb_Rhode","constraint","constraint","ok",19,19,16,16,0,"",""
"foodweb_Rhode","controlrank","controlrank","ok",19,19,18,18,0.00200000000000955,"",""
"foodweb_Rhode","coreness","coreness","ok",19,19,3,3,0.000999999999976353,"",""
"foodweb_Rhode","cross_clique","cross_clique","ok",19,19,12,12,0.000999999999976353,"",""
"foodweb_Rhode","current_flow_betweenness","current_flow_betweenness","ok",19,19,19,18,0.0010000000000332,"",""
"foodweb_Rhode","current_flow_closeness","current_flow_closeness","ok",19,19,19,18,0,"",""
"foodweb_Rhode","dangalchev","dangalchev","ok",19,19,11,11,0.0010000000000332,"",""
"foodweb_Rhode","decay","decay","ok",19,19,11,11,0.000999999999976353,"",""
"foodweb_Rhode","degree","degree","ok",19,19,6,6,0,"",""
"foodweb_Rhode","degree_discount","degree_discount","ok",19,19,19,19,0,"",""
"foodweb_Rhode","delta_betweenness","delta_betweenness","ok",19,19,15,15,0.0010000000000332,"",""
"foodweb_Rhode","delta_closeness","delta_closeness","ok",19,19,13,13,0.000999999999976353,"",""
"foodweb_Rhode","diffusion","diffusion","ok",19,19,16,16,0.0010000000000332,"",""
"foodweb_Rhode","diffusion_centrality","diffusion_centrality","ok",19,19,18,18,0.000999999999976353,"",""
"foodweb_Rhode","distance_entropy","distance_entropy","ok",19,19,12,12,0.0010000000000332,"",""
"foodweb_Rhode","diversity","diversity","constant",19,19,1,1,0,"",""
"foodweb_Rhode","dmnc","dmnc","ok",19,19,10,10,0.00699999999994816,"",""
"foodweb_Rhode","dynamical_importance","dynamical_importance","ok",19,19,18,18,0.0830000000000268,"",""
"foodweb_Rhode","dynamics_sensitive","dynamics_sensitive","ok",19,19,18,18,0,"",""
"foodweb_Rhode","eccentricity","eccentricity","ok",19,19,2,2,0.000999999999976353,"",""
"foodweb_Rhode","effective_size","effective_size","ok",19,19,14,14,0.0010000000000332,"",""
"foodweb_Rhode","ego_betweenness","ego_betweenness","ok",19,19,12,12,0.0010000000000332,"",""
"foodweb_Rhode","eigenvector","eigenvector","ok",19,19,19,18,0,"",""
"foodweb_Rhode","enrenew","enrenew","ok",19,19,19,19,0.000999999999976353,"",""
"foodweb_Rhode","entropy","entropy","constant",19,19,1,1,0.0050000000000523,"",""
"foodweb_Rhode","entropy_variation_betweenness","entropy_variation_betweenness","ok",19,19,18,18,0.0029999999999859,"",""
"foodweb_Rhode","entropy_variation_degree","entropy_variation_degree","ok",19,19,17,16,0,"",""
"foodweb_Rhode","epc","epc","ok",19,19,19,19,0.173000000000002,"",""
"foodweb_Rhode","exogenous","exogenous","ok",19,19,11,11,0.0629999999999882,"",""
"foodweb_Rhode","expected","expected","ok",19,19,15,15,0.000999999999976353,"",""
"foodweb_Rhode","expected_force","expected_force","ok",19,19,18,18,0.00200000000000955,"",""
"foodweb_Rhode","expected_influence_1","expected_influence_1","ok",19,19,6,6,0,"",""
"foodweb_Rhode","expected_influence_2","expected_influence_2","ok",19,19,16,16,0,"",""
"foodweb_Rhode","extended_coreness","extended_coreness","ok",19,19,18,18,0,"",""
"foodweb_Rhode","extended_gravity","extended_gravity","ok",19,19,18,18,0,"",""
"foodweb_Rhode","extended_local_bridging","extended_local_bridging","ok",19,19,16,16,0.00300000000004275,"",""
"foodweb_Rhode","extended_mixed_gravity","extended_mixed_gravity","ok",19,19,18,18,0.000999999999976353,"",""
"foodweb_Rhode","flow_betweenness","flow_betweenness","ok",19,19,17,17,0.0249999999999773,"",""
"foodweb_Rhode","flow_coefficient","flow_coefficient","ok",19,19,13,13,0,"",""
"foodweb_Rhode","fragmentation","fragmentation","ok",19,19,17,14,0.00900000000001455,"",""
"foodweb_Rhode","fuzzy_local_dimension","fuzzy_local_dimension","ok",19,19,17,13,0.000999999999976353,"",""
"foodweb_Rhode","gateway","gateway","ok",19,19,18,18,0,"",""
"foodweb_Rhode","generalized_closeness","generalized_closeness","ok",19,19,11,11,0,"",""
"foodweb_Rhode","geodesic_kpath","geodesic_kpath","ok",19,19,13,13,0,"",""
"foodweb_Rhode","gilschmidt","gilschmidt","ok",19,19,13,13,0,"",""
"foodweb_Rhode","global_structure","global_structure","ok",19,19,15,14,0.0010000000000332,"",""
"foodweb_Rhode","godfather","godfather","ok",19,19,12,12,0.000999999999976353,"",""
"foodweb_Rhode","graph_regularization","graph_regularization","ok",19,19,19,18,0,"",""
"foodweb_Rhode","gravity","gravity","ok",19,19,16,16,0.000999999999976353,"",""
"foodweb_Rhode","harary","harary","ok",19,19,14,13,0,"",""
"foodweb_Rhode","harmonic","harmonic","ok",19,19,13,13,0.000999999999976353,"",""
"foodweb_Rhode","heatmap","heatmap","ok",19,19,17,17,0.0010000000000332,"",""
"foodweb_Rhode","hide_information","hide_information","ok",19,19,18,18,0.000999999999976353,"",""
"foodweb_Rhode","hindex_strength","hindex_strength","ok",19,19,4,4,0.00200000000000955,"",""
"foodweb_Rhode","hub","hub","ok",19,19,19,18,0,"",""
"foodweb_Rhode","hubbell","hubbell","nonfinite",0,19,NA,NA,0.000999999999976353,"hubbell: not solvable for this graph at weightfactor=0.5 (spectral radius >= 1); returning NA",""
"foodweb_Rhode","hybrid_global_structure","hybrid_global_structure","ok",19,19,18,18,0.0010000000000332,"",""
"foodweb_Rhode","improved_closeness","improved_closeness","ok",19,19,18,18,0.000999999999976353,"",""
"foodweb_Rhode","improved_global_structure","improved_global_structure","ok",19,19,18,18,0.0010000000000332,"",""
"foodweb_Rhode","infection","infection","ok",19,19,18,18,0.103999999999985,"",""
"foodweb_Rhode","information","information","ok",19,19,18,18,0.000999999999976353,"",""
"foodweb_Rhode","integration","integration","ok",19,19,16,9,0.0010000000000332,"",""
"foodweb_Rhode","katz","katz","ok",19,19,19,18,0,"",""
"foodweb_Rhode","kpath","kpath","ok",19,19,18,18,0.00899999999995771,"",""
"foodweb_Rhode","kreach","kreach","constant",19,19,1,1,0.0010000000000332,"",""
"foodweb_Rhode","lac","lac","ok",19,19,11,11,0.0040000000000191,"",""
"foodweb_Rhode","laplacian","laplacian","ok",19,19,16,16,0.00499999999999545,"",""
"foodweb_Rhode","leaderrank","leaderrank","nonfinite",0,19,NA,NA,0,"LeaderRank requires a directed graph; returning NA",""
"foodweb_Rhode","length_scaled_betweenness","length_scaled_betweenness","ok",19,19,15,15,0.000999999999976353,"",""
"foodweb_Rhode","leverage","leverage","ok",19,19,16,16,0.00200000000000955,"",""
"foodweb_Rhode","lin","lin","ok",19,19,9,9,0.0010000000000332,"",""
"foodweb_Rhode","linerank","linerank","ok",19,19,18,18,0,"",""
"foodweb_Rhode","load","load","ok",19,19,15,15,0.00399999999996226,"",""
"foodweb_Rhode","lobby","lobby","ok",19,19,4,4,0.000999999999976353,"",""
"foodweb_Rhode","local_bridging","local_bridging","ok",19,19,16,16,0.000999999999976353,"",""
"foodweb_Rhode","local_dimension","local_dimension","ok",19,19,13,13,0.000999999999976353,"",""
"foodweb_Rhode","local_dimension_fixed","local_dimension_fixed","ok",19,19,13,13,0.0010000000000332,"",""
"foodweb_Rhode","local_efficiency","local_efficiency","ok",19,19,13,13,0.00200000000000955,"",""
"foodweb_Rhode","local_entropy","local_entropy","ok",19,19,16,16,0,"",""
"foodweb_Rhode","local_hindex","local_hindex","ok",19,19,3,3,0.0639999999999645,"",""
"foodweb_Rhode","local_information_dimension","local_information_dimension","ok",19,19,13,13,0.0010000000000332,"",""
"foodweb_Rhode","local_volume_dimension","local_volume_dimension","ok",19,19,18,18,0.000999999999976353,"",""
"foodweb_Rhode","localized_bridging","localized_bridging","ok",19,19,16,16,0.0010000000000332,"",""
"foodweb_Rhode","malatya","malatya","ok",19,19,16,16,0,"",""
"foodweb_Rhode","map_equation","map_equation","ok",19,19,8,6,0.000999999999976353,"",""
"foodweb_Rhode","markov","markov","ok",19,19,19,18,0.000999999999976353,"",""
"foodweb_Rhode","mcc","mcc","ok",19,19,12,12,0.00200000000000955,"",""
"foodweb_Rhode","mcgm","mcgm","ok",19,19,18,18,0.0010000000000332,"",""
"foodweb_Rhode","mdd","mdd","ok",19,19,6,6,0,"",""
"foodweb_Rhode","mixed_gravity","mixed_gravity","ok",19,19,18,18,0,"",""
"foodweb_Rhode","mnc","mnc","ok",19,19,8,8,0.0050000000000523,"",""
"foodweb_Rhode","modified_expected_force","modified_expected_force","ok",19,19,18,18,0.00199999999995271,"",""
"foodweb_Rhode","modularity_vitality","modularity_vitality","ok",19,19,14,14,0,"",""
"foodweb_Rhode","ncvoterank","ncvoterank","ok",19,19,19,19,0.000999999999976353,"",""
"foodweb_Rhode","neighborhood_connectivity","neighborhood_connectivity","ok",19,19,16,16,0,"",""
"foodweb_Rhode","ninl","ninl","ok",19,19,18,18,0.0010000000000332,"",""
"foodweb_Rhode","node_contraction","node_contraction","ok",19,19,16,16,0.007000000000005,"",""
"foodweb_Rhode","node_contraction_improved","node_contraction_improved","ok",19,19,18,18,0.23599999999999,"",""
"foodweb_Rhode","nonbacktracking","nonbacktracking","ok",19,19,18,18,0.00200000000000955,"",""
"foodweb_Rhode","onion","onion","ok",19,19,5,5,0.00200000000000955,"",""
"foodweb_Rhode","pagerank","pagerank","ok",19,19,19,18,0.000999999999976353,"",""
"foodweb_Rhode","pairwisedis","pairwisedis","nonfinite",0,19,NA,NA,0,"pairwisedis requires a directed graph; returning NA",""
"foodweb_Rhode","participation","participation","ok",19,19,11,11,0.00200000000000955,"",""
"foodweb_Rhode","percolation","percolation","ok",19,19,15,15,0.00499999999999545,"",""
"foodweb_Rhode","power","power","ok",19,19,16,5,0.00200000000000955,"",""
"foodweb_Rhode","prestige_domain","prestige_domain","nonfinite",0,19,NA,NA,0,"prestige_domain requires a directed graph; returning NA",""
"foodweb_Rhode","prestige_domain_proximity","prestige_domain_proximity","nonfinite",0,19,NA,NA,0.000999999999976353,"prestige_domain_proximity requires a directed graph; returning NA",""
"foodweb_Rhode","proximal_betweenness","proximal_betweenness","ok",19,19,15,15,0.0010000000000332,"",""
"foodweb_Rhode","radiality","radiality","ok",19,19,9,9,0.000999999999976353,"",""
"foodweb_Rhode","random_walk","random_walk","ok",19,19,18,18,0.0010000000000332,"",""
"foodweb_Rhode","random_walk_decay","random_walk_decay","ok",19,19,18,18,0.000999999999976353,"",""
"foodweb_Rhode","reaching_local","reaching_local","ok",19,19,13,13,0,"",""
"foodweb_Rhode","redundancy","redundancy","ok",19,19,11,11,0,"",""
"foodweb_Rhode","renewed_coreness","renewed_coreness","ok",19,19,3,3,0,"",""
"foodweb_Rhode","residual_closeness","residual_closeness","ok",19,19,11,11,0,"",""
"foodweb_Rhode","resistance_curvature","resistance_curvature","ok",19,19,18,18,0,"",""
"foodweb_Rhode","rumor","rumor","ok",19,19,17,16,0.0710000000000264,"",""
"foodweb_Rhode","s_core","s_core","ok",19,19,3,3,0.000999999999976353,"",""
"foodweb_Rhode","s_shell","s_shell","ok",19,19,8,8,0,"",""
"foodweb_Rhode","salsa","salsa","nonfinite",0,19,NA,NA,0.0010000000000332,"SALSA requires a directed graph; returning NA",""
"foodweb_Rhode","second_order","second_order","ok",19,19,18,18,0.000999999999976353,"",""
"foodweb_Rhode","semilocal","semilocal","ok",19,19,17,17,0.007000000000005,"",""
"foodweb_Rhode","shapley_game1","shapley_game1","ok",19,19,15,15,0,"",""
"foodweb_Rhode","shapley_game2","shapley_game2","ok",19,19,16,13,0,"",""
"foodweb_Rhode","shapley_game3","shapley_game3","ok",19,19,11,9,0,"",""
"foodweb_Rhode","single_discount","single_discount","ok",19,19,19,19,0.000999999999976353,"",""
"foodweb_Rhode","spanning_tree","spanning_tree","ok",19,19,19,18,0,"",""
"foodweb_Rhode","spectralrank","spectralrank","ok",19,19,18,18,0,"",""
"foodweb_Rhode","strength","strength","ok",19,19,6,6,0,"",""
"foodweb_Rhode","stress","stress","ok",19,19,12,12,0.000999999999976353,"",""
"foodweb_Rhode","subgraph","subgraph","ok",19,19,19,18,0.0010000000000332,"",""
"foodweb_Rhode","support","support","ok",19,19,8,8,0,"",""
"foodweb_Rhode","topological_coefficient","topological_coefficient","ok",19,19,18,18,0.000999999999976353,"",""
"foodweb_Rhode","transitivity","transitivity","ok",19,19,13,13,0.0010000000000332,"",""
"foodweb_Rhode","trophic_level","trophic_level","nonfinite",0,19,NA,NA,0,"trophic_level requires a directed graph; returning NA",""
"foodweb_Rhode","truss","truss","ok",19,19,3,3,0.000999999999976353,"",""
"foodweb_Rhode","two_way_rw","two_way_rw","ok",19,19,11,11,0.0010000000000332,"",""
"foodweb_Rhode","volume","volume","ok",19,19,8,8,0.000999999999976353,"",""
"foodweb_Rhode","voterank","voterank","ok",19,19,19,19,0.0099999999999909,"",""
"foodweb_Rhode","voterank_plus","voterank_plus","ok",19,19,19,19,0.0010000000000332,"",""
"foodweb_Rhode","weighted_h_index","weighted_h_index","ok",19,19,11,11,0.000999999999976353,"",""
"foodweb_Rhode","weighted_kshell","weighted_kshell","ok",19,19,3,3,0,"",""
"foodweb_Rhode","weighted_leaderrank","weighted_leaderrank","ok",19,19,19,18,0,"",""
"foodweb_Rhode","wiener","wiener","ok",19,19,9,9,0.0010000000000332,"",""
"foodweb_Rhode","within_module_z","within_module_z","ok",19,19,10,10,0.00200000000000955,"",""
"foodweb_Rhode","wvoterank","wvoterank","ok",19,19,19,19,0,"",""
"foodweb_Rhode","x_degree","x_degree","ok",19,19,16,16,0,"",""
"foodweb_Rhode","candidate_14","gravity","ok",19,19,18,18,0.000999999999976353,"",""
"foodweb_Rhode","candidate_18","betweenness","ok",19,19,15,15,0.0010000000000332,"",""
"foodweb_Rhode","candidate_21","gravity","ok",19,19,16,16,0.000999999999976353,"",""
"foodweb_StMarks","access_information","access_information","ok",54,54,54,54,0.007000000000005,"",""
"foodweb_StMarks","adaptive_leaderrank","adaptive_leaderrank","ok",54,54,54,53,0.00200000000000955,"",""
"foodweb_StMarks","alpha","alpha","ok",54,54,54,54,0.00199999999995271,"",""
"foodweb_StMarks","authority","authority","ok",54,54,54,54,0.0010000000000332,"",""
"foodweb_StMarks","average_distance","average_distance","ok",54,54,21,21,0.007000000000005,"",""
"foodweb_StMarks","barycenter","barycenter","ok",54,54,21,21,0.00599999999997181,"",""
"foodweb_StMarks","beta_measure","beta_measure","ok",54,54,54,54,0.0010000000000332,"",""
"foodweb_StMarks","betweenness","betweenness","ok",54,54,54,54,0.000999999999976353,"",""
"foodweb_StMarks","bottleneck","bottleneck","ok",54,54,13,13,0.386000000000024,"",""
"foodweb_StMarks","bridging","bridging","ok",54,54,54,54,0.00399999999996226,"",""
"foodweb_StMarks","bridging_capital","bridging_capital","costly_above_40",0,54,NA,NA,0,"",""
"foodweb_StMarks","bridging_coefficient","bridging_coefficient","ok",54,54,54,54,0.0010000000000332,"",""
"foodweb_StMarks","brokerage_coordinator","brokerage_coordinator","nonfinite",0,54,NA,NA,0,"brokerage requires a directed graph; returning NA",""
"foodweb_StMarks","brokerage_gatekeeper","brokerage_gatekeeper","nonfinite",0,54,NA,NA,0,"brokerage requires a directed graph; returning NA",""
"foodweb_StMarks","brokerage_itinerant","brokerage_itinerant","nonfinite",0,54,NA,NA,0,"brokerage requires a directed graph; returning NA",""
"foodweb_StMarks","brokerage_liaison","brokerage_liaison","nonfinite",0,54,NA,NA,0.0010000000000332,"brokerage requires a directed graph; returning NA",""
"foodweb_StMarks","brokerage_representative","brokerage_representative","nonfinite",0,54,NA,NA,0,"brokerage requires a directed graph; returning NA",""
"foodweb_StMarks","cda","cda","ok",54,54,54,54,0.000999999999976353,"",""
"foodweb_StMarks","centroid","centroid","ok",54,54,20,20,0.00799999999998136,"",""
"foodweb_StMarks","closeness","closeness","ok",54,54,21,21,0.0010000000000332,"",""
"foodweb_StMarks","closeness_vitality","closeness_vitality","ok",54,54,24,24,0.11099999999999,"",""
"foodweb_StMarks","clusterrank","clusterrank","ok",54,54,53,53,0.0040000000000191,"",""
"foodweb_StMarks","coleman_theil","coleman_theil","ok",54,54,54,54,0.000999999999976353,"",""
"foodweb_StMarks","collective_influence","collective_influence","ok",54,54,54,54,0.000999999999976353,"",""
"foodweb_StMarks","comm_centrality","comm_centrality","ok",54,54,51,51,0.0010000000000332,"",""
"foodweb_StMarks","communicability","communicability","ok",54,54,54,54,0.000999999999976353,"",""
"foodweb_StMarks","communicability_betweenness","communicability_betweenness","ok",54,54,54,54,0.0130000000000337,"",""
"foodweb_StMarks","community_based","community_based","ok",54,54,48,48,0.000999999999976353,"",""
"foodweb_StMarks","community_hub_bridge","community_hub_bridge","ok",54,54,42,42,0,"",""
"foodweb_StMarks","community_mediator","community_mediator","ok",54,54,50,48,0.000999999999976353,"",""
"foodweb_StMarks","constraint","constraint","ok",54,54,54,54,0,"",""
"foodweb_StMarks","controlrank","controlrank","costly_above_40",0,54,NA,NA,0,"",""
"foodweb_StMarks","coreness","coreness","ok",54,54,7,7,0,"",""
"foodweb_StMarks","cross_clique","cross_clique","ok",54,54,45,45,0.007000000000005,"",""
"foodweb_StMarks","current_flow_betweenness","current_flow_betweenness","ok",54,54,54,54,0.163999999999987,"",""
"foodweb_StMarks","current_flow_closeness","current_flow_closeness","ok",54,54,54,54,0.000999999999976353,"",""
"foodweb_StMarks","dangalchev","dangalchev","ok",54,54,27,27,0.00600000000002865,"",""
"foodweb_StMarks","decay","decay","ok",54,54,27,27,0.0589999999999691,"",""
"foodweb_StMarks","degree","degree","ok",54,54,20,20,0,"",""
"foodweb_StMarks","degree_discount","degree_discount","ok",54,54,54,54,0.000999999999976353,"",""
"foodweb_StMarks","delta_betweenness","delta_betweenness","ok",54,54,54,54,0.0099999999999909,"",""
"foodweb_StMarks","delta_closeness","delta_closeness","ok",54,54,27,27,0.00600000000002865,"",""
"foodweb_StMarks","diffusion","diffusion","ok",54,54,51,51,0.000999999999976353,"",""
"foodweb_StMarks","diffusion_centrality","diffusion_centrality","ok",54,54,54,54,0,"",""
"foodweb_StMarks","distance_entropy","distance_entropy","ok",54,54,25,25,0.00499999999999545,"",""
"foodweb_StMarks","diversity","diversity","constant",54,54,1,1,0,"",""
"foodweb_StMarks","dmnc","dmnc","ok",54,54,46,46,0.0200000000000387,"",""
"foodweb_StMarks","dynamical_importance","dynamical_importance","costly_above_40",0,54,NA,NA,0,"",""
"foodweb_StMarks","dynamics_sensitive","dynamics_sensitive","ok",54,54,54,54,0,"",""
"foodweb_StMarks","eccentricity","eccentricity","ok",54,54,2,2,0,"",""
"foodweb_StMarks","effective_size","effective_size","ok",54,54,48,47,0.00799999999998136,"",""
"foodweb_StMarks","ego_betweenness","ego_betweenness","ok",54,54,52,52,0.109000000000037,"",""
"foodweb_StMarks","eigenvector","eigenvector","ok",54,54,54,54,0,"",""
"foodweb_StMarks","enrenew","enrenew","ok",54,54,54,54,0.007000000000005,"",""
"foodweb_StMarks","entropy","entropy","constant",54,54,1,1,0.0180000000000291,"",""
"foodweb_StMarks","entropy_variation_betweenness","entropy_variation_betweenness","costly_above_40",0,54,NA,NA,0,"",""
"foodweb_StMarks","entropy_variation_degree","entropy_variation_degree","ok",54,54,54,54,0,"",""
"foodweb_StMarks","epc","epc","costly_above_40",0,54,NA,NA,0,"",""
"foodweb_StMarks","exogenous","exogenous","costly_above_40",0,54,NA,NA,0,"",""
"foodweb_StMarks","expected","expected","ok",54,54,46,46,0.0010000000000332,"",""
"foodweb_StMarks","expected_force","expected_force","ok",54,54,54,54,0.01400000000001,"",""
"foodweb_StMarks","expected_influence_1","expected_influence_1","ok",54,54,20,20,0.000999999999976353,"",""
"foodweb_StMarks","expected_influence_2","expected_influence_2","ok",54,54,50,50,0,"",""
"foodweb_StMarks","extended_coreness","extended_coreness","ok",54,54,54,54,0,"",""
"foodweb_StMarks","extended_gravity","extended_gravity","ok",54,54,54,54,0.007000000000005,"",""
"foodweb_StMarks","extended_local_bridging","extended_local_bridging","costly_above_40",0,54,NA,NA,0,"",""
"foodweb_StMarks","extended_mixed_gravity","extended_mixed_gravity","ok",54,54,54,54,0.0789999999999509,"",""
"foodweb_StMarks","flow_betweenness","flow_betweenness","ok",54,54,54,54,0.624000000000024,"",""
"foodweb_StMarks","flow_coefficient","flow_coefficient","ok",54,54,43,43,0.000999999999976353,"",""
"foodweb_StMarks","fragmentation","fragmentation","costly_above_40",0,54,NA,NA,0,"",""
"foodweb_StMarks","fuzzy_local_dimension","fuzzy_local_dimension","ok",54,54,42,27,0.007000000000005,"",""
"foodweb_StMarks","gateway","gateway","ok",54,54,54,54,0.00200000000000955,"",""
"foodweb_StMarks","generalized_closeness","generalized_closeness","ok",54,54,27,27,0.00600000000002865,"",""
"foodweb_StMarks","geodesic_kpath","geodesic_kpath","ok",54,54,46,46,0.0690000000000168,"",""
"foodweb_StMarks","gilschmidt","gilschmidt","ok",54,54,27,27,0.000999999999976353,"",""
"foodweb_StMarks","global_structure","global_structure","ok",54,54,50,50,0.00600000000002865,"",""
"foodweb_StMarks","godfather","godfather","ok",54,54,43,43,0.000999999999976353,"",""
"foodweb_StMarks","graph_regularization","graph_regularization","ok",54,54,54,54,0.0010000000000332,"",""
"foodweb_StMarks","gravity","gravity","ok",54,54,51,51,0.00599999999997181,"",""
"foodweb_StMarks","harary","harary","ok",54,54,27,27,0.00600000000002865,"",""
"foodweb_StMarks","harmonic","harmonic","ok",54,54,27,27,0.000999999999976353,"",""
"foodweb_StMarks","heatmap","heatmap","ok",54,54,52,52,0.00600000000002865,"",""
"foodweb_StMarks","hide_information","hide_information","ok",54,54,54,54,0.0860000000000127,"",""
"foodweb_StMarks","hindex_strength","hindex_strength","ok",54,54,11,11,0.00399999999996226,"",""
"foodweb_StMarks","hub","hub","ok",54,54,54,54,0,"",""
"foodweb_StMarks","hubbell","hubbell","nonfinite",0,54,NA,NA,0.000999999999976353,"hubbell: not solvable for this graph at weightfactor=0.5 (spectral radius >= 1); returning NA",""
"foodweb_StMarks","hybrid_global_structure","hybrid_global_structure","ok",54,54,54,54,0.007000000000005,"",""
"foodweb_StMarks","improved_closeness","improved_closeness","ok",54,54,54,54,0.00600000000002865,"",""
"foodweb_StMarks","improved_global_structure","improved_global_structure","ok",54,54,54,54,0.00799999999998136,"",""
"foodweb_StMarks","infection","infection","costly_above_40",0,54,NA,NA,0,"",""
"foodweb_StMarks","information","information","ok",54,54,54,54,0.0010000000000332,"",""
"foodweb_StMarks","integration","integration","ok",54,54,40,21,0,"",""
"foodweb_StMarks","katz","katz","ok",54,54,54,54,0,"katz: alpha = 0.1 does not converge on this graph (needs alpha < 0.05982); the values are not Katz scores. Lower `katz_alpha`.",""
"foodweb_StMarks","kpath","kpath","ok",54,54,54,54,0.452999999999975,"",""
"foodweb_StMarks","kreach","kreach","constant",54,54,1,1,0,"",""
"foodweb_StMarks","lac","lac","ok",54,54,47,47,0.0120000000000005,"",""
"foodweb_StMarks","laplacian","laplacian","ok",54,54,52,52,0.0120000000000005,"",""
"foodweb_StMarks","leaderrank","leaderrank","nonfinite",0,54,NA,NA,0,"LeaderRank requires a directed graph; returning NA",""
"foodweb_StMarks","length_scaled_betweenness","length_scaled_betweenness","ok",54,54,54,54,0.0799999999999841,"",""
"foodweb_StMarks","leverage","leverage","ok",54,54,54,54,0.0029999999999859,"",""
"foodweb_StMarks","lin","lin","ok",54,54,21,21,0.00499999999999545,"",""
"foodweb_StMarks","linerank","linerank","costly_above_40",0,54,NA,NA,0,"",""
"foodweb_StMarks","load","load","ok",54,54,54,54,0.02800000000002,"",""
"foodweb_StMarks","lobby","lobby","ok",54,54,11,11,0.00499999999999545,"",""
"foodweb_StMarks","local_bridging","local_bridging","ok",54,54,54,54,0.0040000000000191,"",""
"foodweb_StMarks","local_dimension","local_dimension","ok",54,54,27,27,0.00600000000002865,"",""
"foodweb_StMarks","local_dimension_fixed","local_dimension_fixed","ok",54,54,27,27,0.00699999999994816,"",""
"foodweb_StMarks","local_efficiency","local_efficiency","ok",54,54,51,49,0.0780000000000314,"",""
"foodweb_StMarks","local_entropy","local_entropy","ok",54,54,54,54,0.000999999999976353,"",""
"foodweb_StMarks","local_hindex","local_hindex","ok",54,54,7,7,0.0040000000000191,"",""
"foodweb_StMarks","local_information_dimension","local_information_dimension","ok",54,54,27,27,0.007000000000005,"",""
"foodweb_StMarks","local_volume_dimension","local_volume_dimension","ok",54,54,53,53,0.00599999999997181,"",""
"foodweb_StMarks","localized_bridging","localized_bridging","ok",54,54,54,54,0.0010000000000332,"",""
"foodweb_StMarks","malatya","malatya","ok",54,54,54,54,0.000999999999976353,"",""
"foodweb_StMarks","map_equation","map_equation","ok",54,54,22,20,0.0010000000000332,"",""
"foodweb_StMarks","markov","markov","ok",54,54,54,54,0.0029999999999859,"",""
"foodweb_StMarks","mcc","mcc","costly_above_40",0,54,NA,NA,0,"",""
"foodweb_StMarks","mcgm","mcgm","ok",54,54,54,54,0.0670000000000073,"",""
"foodweb_StMarks","mdd","mdd","ok",54,54,27,27,0,"",""
"foodweb_StMarks","mixed_gravity","mixed_gravity","ok",54,54,54,54,0.00600000000002865,"",""
"foodweb_StMarks","mnc","mnc","ok",54,54,21,21,0.01400000000001,"",""
"foodweb_StMarks","modified_expected_force","modified_expected_force","ok",54,54,54,54,0.0110000000000241,"",""
"foodweb_StMarks","modularity_vitality","modularity_vitality","ok",54,54,53,53,0,"",""
"foodweb_StMarks","ncvoterank","ncvoterank","ok",54,54,54,54,0.00200000000000955,"",""
"foodweb_StMarks","neighborhood_connectivity","neighborhood_connectivity","ok",54,54,53,53,0,"",""
"foodweb_StMarks","ninl","ninl","ok",54,54,54,54,0.00600000000002865,"",""
"foodweb_StMarks","node_contraction","node_contraction","ok",54,54,53,52,0.585999999999956,"",""
"foodweb_StMarks","node_contraction_improved","node_contraction_improved","costly_above_40",0,54,NA,NA,0,"",""
"foodweb_StMarks","nonbacktracking","nonbacktracking","ok",54,54,54,54,0.0769999999999982,"",""
"foodweb_StMarks","onion","onion","ok",54,54,15,15,0.0050000000000523,"",""
"foodweb_StMarks","pagerank","pagerank","ok",54,54,54,54,0.000999999999976353,"",""
"foodweb_StMarks","pairwisedis","pairwisedis","nonfinite",0,54,NA,NA,0,"pairwisedis requires a directed graph; returning NA",""
"foodweb_StMarks","participation","participation","ok",54,54,48,48,0.0040000000000191,"",""
"foodweb_StMarks","percolation","percolation","ok",54,54,54,54,0.101999999999975,"",""
"foodweb_StMarks","power","power","ok",54,54,54,54,0.00200000000000955,"",""
"foodweb_StMarks","prestige_domain","prestige_domain","nonfinite",0,54,NA,NA,0,"prestige_domain requires a directed graph; returning NA",""
"foodweb_StMarks","prestige_domain_proximity","prestige_domain_proximity","nonfinite",0,54,NA,NA,0,"prestige_domain_proximity requires a directed graph; returning NA",""
"foodweb_StMarks","proximal_betweenness","proximal_betweenness","ok",54,54,54,54,0.00499999999999545,"",""
"foodweb_StMarks","radiality","radiality","ok",54,54,21,21,0.00599999999997181,"",""
"foodweb_StMarks","random_walk","random_walk","ok",54,54,54,54,0.00300000000004275,"",""
"foodweb_StMarks","random_walk_decay","random_walk_decay","costly_above_40",0,54,NA,NA,0,"",""
"foodweb_StMarks","reaching_local","reaching_local","ok",54,54,27,27,0,"",""
"foodweb_StMarks","redundancy","redundancy","ok",54,54,47,47,0,"",""
"foodweb_StMarks","renewed_coreness","renewed_coreness","ok",54,54,7,7,0,"",""
"foodweb_StMarks","residual_closeness","residual_closeness","ok",54,54,27,27,0.00499999999999545,"",""
"foodweb_StMarks","resistance_curvature","resistance_curvature","costly_above_40",0,54,NA,NA,0,"",""
"foodweb_StMarks","rumor","rumor","ok",54,54,54,54,0.00900000000001455,"",""
"foodweb_StMarks","s_core","s_core","ok",54,54,7,7,0,"",""
"foodweb_StMarks","s_shell","s_shell","ok",54,54,29,29,0.0010000000000332,"",""
"foodweb_StMarks","salsa","salsa","nonfinite",0,54,NA,NA,0,"SALSA requires a directed graph; returning NA",""
"foodweb_StMarks","second_order","second_order","ok",54,54,54,54,0.0040000000000191,"",""
"foodweb_StMarks","semilocal","semilocal","ok",54,54,53,53,0.126999999999953,"",""
"foodweb_StMarks","shapley_game1","shapley_game1","ok",54,54,54,54,0.0010000000000332,"",""
"foodweb_StMarks","shapley_game2","shapley_game2","ok",54,54,54,54,0,"",""
"foodweb_StMarks","shapley_game3","shapley_game3","ok",54,54,3,3,0.00599999999997181,"",""
"foodweb_StMarks","single_discount","single_discount","ok",54,54,54,54,0.0010000000000332,"",""
"foodweb_StMarks","spanning_tree","spanning_tree","ok",54,54,54,54,0.000999999999976353,"",""
"foodweb_StMarks","spectralrank","spectralrank","ok",54,54,54,54,0.0010000000000332,"",""
"foodweb_StMarks","strength","strength","ok",54,54,20,20,0,"",""
"foodweb_StMarks","stress","stress","ok",54,54,48,48,0.00699999999994816,"",""
"foodweb_StMarks","subgraph","subgraph","ok",54,54,54,54,0.0010000000000332,"",""
"foodweb_StMarks","support","support","ok",54,54,21,21,0,"",""
"foodweb_StMarks","topological_coefficient","topological_coefficient","ok",54,54,54,54,0.007000000000005,"",""
"foodweb_StMarks","transitivity","transitivity","ok",54,54,44,43,0,"",""
"foodweb_StMarks","trophic_level","trophic_level","nonfinite",0,54,NA,NA,0.0010000000000332,"trophic_level requires a directed graph; returning NA",""
"foodweb_StMarks","truss","truss","ok",54,54,6,6,0.000999999999976353,"",""
"foodweb_StMarks","two_way_rw","two_way_rw","costly_above_40",0,54,NA,NA,0,"",""
"foodweb_StMarks","volume","volume","ok",54,54,3,3,0.00600000000002865,"",""
"foodweb_StMarks","voterank","voterank","ok",54,54,54,54,0.143999999999949,"",""
"foodweb_StMarks","voterank_plus","voterank_plus","ok",54,54,54,54,0.05600000000004,"",""
"foodweb_StMarks","weighted_h_index","weighted_h_index","ok",54,54,43,43,0.00200000000000955,"",""
"foodweb_StMarks","weighted_kshell","weighted_kshell","ok",54,54,7,7,0.000999999999976353,"",""
"foodweb_StMarks","weighted_leaderrank","weighted_leaderrank","ok",54,54,54,54,0,"",""
"foodweb_StMarks","wiener","wiener","ok",54,54,21,21,0.00599999999997181,"",""
"foodweb_StMarks","within_module_z","within_module_z","ok",54,54,30,30,0.0040000000000191,"",""
"foodweb_StMarks","wvoterank","wvoterank","ok",54,54,54,54,0.0010000000000332,"",""
"foodweb_StMarks","x_degree","x_degree","ok",54,54,54,54,0,"",""
"foodweb_StMarks","candidate_14","gravity","ok",54,54,54,54,0.00599999999997181,"",""
"foodweb_StMarks","candidate_18","betweenness","ok",54,54,54,54,0.0010000000000332,"",""
"foodweb_StMarks","candidate_21","gravity","ok",54,54,53,53,0.00599999999997181,"",""
"les_miserables","access_information","access_information","ok",77,77,52,51,0.0960000000000036,"",""
"les_miserables","adaptive_leaderrank","adaptive_leaderrank","ok",77,77,60,47,0.00200000000000955,"",""
"les_miserables","alpha","alpha","error",0,77,NA,NA,0.0029999999999859,"","`alpha` could not be computed on this graph: the system (I - alpha A) is singular or numerically unstable here (LU factorization of .gCMatrix failed: out of memory or near-singular). Try a different attenuation, or a measure that does not invert the adjacency matrix, such as eigenvector or katz."
"les_miserables","authority","authority","ok",77,77,54,52,0.0010000000000332,"",""
"les_miserables","average_distance","average_distance","ok",77,77,41,41,0.0120000000000005,"",""
"les_miserables","barycenter","barycenter","ok",77,77,41,41,0.089999999999975,"",""
"les_miserables","beta_measure","beta_measure","ok",77,77,53,52,0,"",""
"les_miserables","betweenness","betweenness","ok",77,77,32,32,0.0010000000000332,"",""
"les_miserables","bottleneck","bottleneck","ok",77,77,18,18,0.5,"",""
"les_miserables","bridging","bridging","ok",77,77,33,32,0.00499999999999545,"",""
"les_miserables","bridging_capital","bridging_capital","costly_above_40",0,77,NA,NA,0,"",""
"les_miserables","bridging_coefficient","bridging_coefficient","ok",77,77,52,52,0,"",""
"les_miserables","brokerage_coordinator","brokerage_coordinator","nonfinite",0,77,NA,NA,0,"brokerage requires a directed graph; returning NA",""
"les_miserables","brokerage_gatekeeper","brokerage_gatekeeper","nonfinite",0,77,NA,NA,0,"brokerage requires a directed graph; returning NA",""
"les_miserables","brokerage_itinerant","brokerage_itinerant","nonfinite",0,77,NA,NA,0,"brokerage requires a directed graph; returning NA",""
"les_miserables","brokerage_liaison","brokerage_liaison","nonfinite",0,77,NA,NA,0,"brokerage requires a directed graph; returning NA",""
"les_miserables","brokerage_representative","brokerage_representative","nonfinite",0,77,NA,NA,0,"brokerage requires a directed graph; returning NA",""
"les_miserables","cda","cda","ok",77,77,52,52,0.0010000000000332,"",""
"les_miserables","centroid","centroid","ok",77,77,29,29,0.0190000000000055,"",""
"les_miserables","closeness","closeness","ok",77,77,41,41,0,"",""
"les_miserables","closeness_vitality","closeness_vitality","ok",77,77,46,46,0.104999999999961,"",""
"les_miserables","clusterrank","clusterrank","nonfinite",60,77,NA,NA,0.0040000000000191,"",""
"les_miserables","coleman_theil","coleman_theil","ok",77,77,44,44,0.0010000000000332,"",""
"les_miserables","collective_influence","collective_influence","ok",77,77,45,45,0.000999999999976353,"",""
"les_miserables","comm_centrality","comm_centrality","ok",77,77,44,44,0,"",""
"les_miserables","communicability","communicability","ok",77,77,65,52,0.000999999999976353,"",""
"les_miserables","communicability_betweenness","communicability_betweenness","ok",77,77,77,52,0.115999999999985,"",""
"les_miserables","community_based","community_based","ok",77,77,44,44,0.0010000000000332,"",""
"les_miserables","community_hub_bridge","community_hub_bridge","ok",77,77,41,41,0.000999999999976353,"",""
"les_miserables","community_mediator","community_mediator","ok",77,77,25,25,0,"",""
"les_miserables","constraint","constraint","ok",77,77,44,44,0,"",""
"les_miserables","controlrank","controlrank","costly_above_40",0,77,NA,NA,0,"",""
"les_miserables","coreness","coreness","ok",77,77,8,8,0.0010000000000332,"",""
"les_miserables","cross_clique","cross_clique","ok",77,77,36,36,0.0120000000000005,"",""
"les_miserables","current_flow_betweenness","current_flow_betweenness","ok",77,77,75,46,0.766999999999996,"",""
"les_miserables","current_flow_closeness","current_flow_closeness","ok",77,77,65,52,0.0010000000000332,"",""
"les_miserables","dangalchev","dangalchev","ok",77,77,47,47,0.0120000000000005,"",""
"les_miserables","decay","decay","ok",77,77,47,47,0.08299999999997,"",""
"les_miserables","degree","degree","ok",77,77,18,18,0.0010000000000332,"",""
"les_miserables","degree_discount","degree_discount","ok",77,77,77,77,0,"",""
"les_miserables","delta_betweenness","delta_betweenness","ok",77,77,32,32,0.0190000000000055,"",""
"les_miserables","delta_closeness","delta_closeness","ok",77,77,52,48,0.0819999999999936,"",""
"les_miserables","diffusion","diffusion","ok",77,77,49,49,0.0010000000000332,"",""
"les_miserables","diffusion_centrality","diffusion_centrality","ok",77,77,51,51,0,"",""
"les_miserables","distance_entropy","distance_entropy","ok",77,77,50,50,0.0120000000000005,"",""
"les_miserables","diversity","diversity","ok",77,77,2,2,0.000999999999976353,"",""
"les_miserables","dmnc","dmnc","ok",77,77,32,32,0.0260000000000105,"",""
"les_miserables","dynamical_importance","dynamical_importance","costly_above_40",0,77,NA,NA,0.0010000000000332,"",""
"les_miserables","dynamics_sensitive","dynamics_sensitive","ok",77,77,52,52,0,"",""
"les_miserables","eccentricity","eccentricity","ok",77,77,3,3,0.000999999999976353,"",""
"les_miserables","effective_size","effective_size","ok",77,77,31,28,0.00600000000002865,"",""
"les_miserables","ego_betweenness","ego_betweenness","ok",77,77,29,29,0.0159999999999627,"",""
"les_miserables","eigenvector","eigenvector","ok",77,77,66,52,0.0010000000000332,"",""
"les_miserables","enrenew","enrenew","ok",77,77,77,77,0.0999999999999659,"",""
"les_miserables","entropy","entropy","ok",77,77,5,5,0.0300000000000296,"",""
"les_miserables","entropy_variation_betweenness","entropy_variation_betweenness","costly_above_40",0,77,NA,NA,0,"",""
"les_miserables","entropy_variation_degree","entropy_variation_degree","ok",77,77,53,52,0.0010000000000332,"",""
"les_miserables","epc","epc","costly_above_40",0,77,NA,NA,0,"",""
"les_miserables","exogenous","exogenous","costly_above_40",0,77,NA,NA,0,"",""
"les_miserables","expected","expected","ok",77,77,48,48,0.000999999999976353,"",""
"les_miserables","expected_force","expected_force","ok",77,77,52,52,0.00799999999998136,"",""
"les_miserables","expected_influence_1","expected_influence_1","ok",77,77,18,18,0.0010000000000332,"",""
"les_miserables","expected_influence_2","expected_influence_2","ok",77,77,50,50,0,"",""
"les_miserables","extended_coreness","extended_coreness","ok",77,77,52,52,0,"",""
"les_miserables","extended_gravity","extended_gravity","ok",77,77,53,52,0.0989999999999895,"",""
"les_miserables","extended_local_bridging","extended_local_bridging","costly_above_40",0,77,NA,NA,0,"",""
"les_miserables","extended_mixed_gravity","extended_mixed_gravity","ok",77,77,52,52,0.0120000000000005,"",""
"les_miserables","flow_betweenness","flow_betweenness","ok",77,77,57,57,1.09399999999999,"",""
"les_miserables","flow_coefficient","flow_coefficient","ok",77,77,28,28,0.0010000000000332,"",""
"les_miserables","fragmentation","fragmentation","costly_above_40",0,77,NA,NA,0,"",""
"les_miserables","fuzzy_local_dimension","fuzzy_local_dimension","ok",77,77,54,50,0.0130000000000337,"",""
"les_miserables","gateway","gateway","ok",77,77,52,52,0.00199999999995271,"",""
"les_miserables","generalized_closeness","generalized_closeness","ok",77,77,47,47,0.0810000000000173,"",""
"les_miserables","geodesic_kpath","geodesic_kpath","ok",77,77,42,42,0.0130000000000337,"",""
"les_miserables","gilschmidt","gilschmidt","ok",77,77,52,48,0,"",""
"les_miserables","global_structure","global_structure","ok",77,77,52,52,0.0939999999999941,"",""
"les_miserables","godfather","godfather","ok",77,77,26,26,0,"",""
"les_miserables","graph_regularization","graph_regularization","ok",77,77,72,52,0.00200000000000955,"",""
"les_miserables","gravity","gravity","ok",77,77,52,52,0.0799999999999841,"",""
"les_miserables","harary","harary","ok",77,77,51,50,0.0120000000000005,"",""
"les_miserables","harmonic","harmonic","ok",77,77,50,48,0.000999999999976353,"",""
"les_miserables","heatmap","heatmap","ok",77,77,44,44,0.0830000000000268,"",""
"les_miserables","hide_information","hide_information","ok",77,77,52,51,0.0129999999999768,"",""
"les_miserables","hindex_strength","hindex_strength","ok",77,77,10,10,0.007000000000005,"",""
"les_miserables","hub","hub","ok",77,77,70,52,0,"",""
"les_miserables","hubbell","hubbell","nonfinite",0,77,NA,NA,0.0010000000000332,"hubbell: not solvable for this graph at weightfactor=0.5 (spectral radius >= 1); returning NA",""
"les_miserables","hybrid_global_structure","hybrid_global_structure","ok",77,77,53,52,0.08299999999997,"",""
"les_miserables","improved_closeness","improved_closeness","ok",77,77,52,52,0.00499999999999545,"",""
"les_miserables","improved_global_structure","improved_global_structure","ok",77,77,52,52,0.0130000000000337,"",""
"les_miserables","infection","infection","costly_above_40",0,77,NA,NA,0,"",""
"les_miserables","information","information","ok",77,77,63,52,0.000999999999976353,"",""
"les_miserables","integration","integration","ok",77,77,49,41,0.0010000000000332,"",""
"les_miserables","katz","katz","ok",77,77,71,52,0.000999999999976353,"katz: alpha = 0.1 does not converge on this graph (needs alpha < 0.08329); the values are not Katz scores. Lower `katz_alpha`.",""
"les_miserables","kpath","kpath","ok",77,77,52,52,0.223000000000013,"",""
"les_miserables","kreach","kreach","ok",77,77,14,14,0,"",""
"les_miserables","lac","lac","ok",77,77,32,32,0.0159999999999627,"",""
"les_miserables","laplacian","laplacian","ok",77,77,50,50,0.0169999999999959,"",""
"les_miserables","leaderrank","leaderrank","nonfinite",0,77,NA,NA,0,"LeaderRank requires a directed graph; returning NA",""
"les_miserables","length_scaled_betweenness","length_scaled_betweenness","ok",77,77,32,32,0.0989999999999895,"",""
"les_miserables","leverage","leverage","ok",77,77,52,52,0.0040000000000191,"",""
"les_miserables","lin","lin","ok",77,77,41,41,0.0120000000000005,"",""
"les_miserables","linerank","linerank","costly_above_40",0,77,NA,NA,0,"",""
"les_miserables","load","load","ok",77,77,32,32,0.0339999999999918,"",""
"les_miserables","lobby","lobby","ok",77,77,10,10,0.0790000000000077,"",""
"les_miserables","local_bridging","local_bridging","ok",77,77,53,52,0.00499999999999545,"",""
"les_miserables","local_dimension","local_dimension","ok",77,77,50,50,0.0129999999999768,"",""
"les_miserables","local_dimension_fixed","local_dimension_fixed","ok",77,77,41,41,0.0880000000000223,"",""
"les_miserables","local_efficiency","local_efficiency","ok",77,77,30,30,0.00799999999998136,"",""
"les_miserables","local_entropy","local_entropy","ok",77,77,53,52,0.0010000000000332,"",""
"les_miserables","local_hindex","local_hindex","ok",77,77,8,8,0.00399999999996226,"",""
"les_miserables","local_information_dimension","local_information_dimension","ok",77,77,50,50,0.0130000000000337,"",""
"les_miserables","local_volume_dimension","local_volume_dimension","ok",77,77,52,52,0.0860000000000127,"",""
"les_miserables","localized_bridging","localized_bridging","ok",77,77,32,32,0.000999999999976353,"",""
"les_miserables","malatya","malatya","ok",77,77,52,52,0.000999999999976353,"",""
"les_miserables","map_equation","map_equation","ok",77,77,18,18,0.0010000000000332,"",""
"les_miserables","markov","markov","ok",77,77,65,52,0.00599999999997181,"",""
"les_miserables","mcc","mcc","costly_above_40",0,77,NA,NA,0,"",""
"les_miserables","mcgm","mcgm","ok",77,77,61,52,0.0130000000000337,"",""
"les_miserables","mdd","mdd","ok",77,77,26,26,0.000999999999976353,"",""
"les_miserables","mixed_gravity","mixed_gravity","ok",77,77,52,52,0.0850000000000364,"",""
"les_miserables","mnc","mnc","ok",77,77,17,17,0.0169999999999959,"",""
"les_miserables","modified_expected_force","modified_expected_force","ok",77,77,52,52,0.00799999999998136,"",""
"les_miserables","modularity_vitality","modularity_vitality","ok",77,77,45,45,0.000999999999976353,"",""
"les_miserables","ncvoterank","ncvoterank","ok",77,77,77,77,0.00200000000000955,"",""
"les_miserables","neighborhood_connectivity","neighborhood_connectivity","ok",77,77,49,49,0,"",""
"les_miserables","ninl","ninl","ok",77,77,52,52,0.101999999999975,"",""
"les_miserables","node_contraction","node_contraction","ok",77,77,53,51,3.27300000000002,"",""
"les_miserables","node_contraction_improved","node_contraction_improved","costly_above_40",0,77,NA,NA,0,"",""
"les_miserables","nonbacktracking","nonbacktracking","ok",77,77,53,51,0.0319999999999823,"",""
"les_miserables","onion","onion","ok",77,77,16,16,0.00499999999999545,"",""
"les_miserables","pagerank","pagerank","ok",77,77,61,52,0,"",""
"les_miserables","pairwisedis","pairwisedis","nonfinite",0,77,NA,NA,0,"pairwisedis requires a directed graph; returning NA",""
"les_miserables","participation","participation","ok",77,77,25,25,0.00499999999999545,"",""
"les_miserables","percolation","percolation","ok",77,77,32,32,0.0380000000000109,"",""
"les_miserables","power","power","error",0,77,NA,NA,0.00200000000000955,"","`power` could not be computed on this graph: the system (I - alpha A) is singular or numerically unstable here (LU factorization of .gCMatrix failed: out of memory or near-singular). Try a different attenuation, or a measure that does not invert the adjacency matrix, such as eigenvector or katz."
"les_miserables","prestige_domain","prestige_domain","nonfinite",0,77,NA,NA,0.000999999999976353,"prestige_domain requires a directed graph; returning NA",""
"les_miserables","prestige_domain_proximity","prestige_domain_proximity","nonfinite",0,77,NA,NA,0,"prestige_domain_proximity requires a directed graph; returning NA",""
"les_miserables","proximal_betweenness","proximal_betweenness","ok",77,77,31,31,0.00799999999998136,"",""
"les_miserables","radiality","radiality","ok",77,77,41,41,0.0949999999999704,"",""
"les_miserables","random_walk","random_walk","ok",77,77,63,52,0.00499999999999545,"",""
"les_miserables","random_walk_decay","random_walk_decay","costly_above_40",0,77,NA,NA,0,"",""
"les_miserables","reaching_local","reaching_local","ok",77,77,49,48,0,"",""
"les_miserables","redundancy","redundancy","ok",77,77,32,32,0.000999999999976353,"",""
"les_miserables","renewed_coreness","renewed_coreness","ok",77,77,6,6,0.0010000000000332,"",""
"les_miserables","residual_closeness","residual_closeness","ok",77,77,47,47,0.0120000000000005,"",""
"les_miserables","resistance_curvature","resistance_curvature","costly_above_40",0,77,NA,NA,0,"",""
"les_miserables","rumor","rumor","ok",77,77,51,51,0.0229999999999677,"",""
"les_miserables","s_core","s_core","ok",77,77,8,8,0,"",""
"les_miserables","s_shell","s_shell","ok",77,77,36,36,0,"",""
"les_miserables","salsa","salsa","nonfinite",0,77,NA,NA,0.000999999999976353,"SALSA requires a directed graph; returning NA",""
"les_miserables","second_order","second_order","ok",77,77,65,52,0.00599999999997181,"",""
"les_miserables","semilocal","semilocal","ok",77,77,52,52,0.111999999999966,"",""
"les_miserables","shapley_game1","shapley_game1","ok",77,77,52,50,0,"",""
"les_miserables","shapley_game2","shapley_game2","ok",77,77,52,52,0,"",""
"les_miserables","shapley_game3","shapley_game3","ok",77,77,47,40,0.0120000000000005,"",""
"les_miserables","single_discount","single_discount","ok",77,77,77,77,0,"",""
"les_miserables","spanning_tree","spanning_tree","ok",77,77,70,52,0,"",""
"les_miserables","spectralrank","spectralrank","ok",77,77,56,52,0.000999999999976353,"",""
"les_miserables","strength","strength","ok",77,77,18,18,0,"",""
"les_miserables","stress","stress","ok",77,77,31,31,0.00899999999995771,"",""
"les_miserables","subgraph","subgraph","ok",77,77,66,52,0.0010000000000332,"",""
"les_miserables","support","support","ok",77,77,18,18,0.000999999999976353,"",""
"les_miserables","topological_coefficient","topological_coefficient","ok",77,77,45,45,0.0040000000000191,"",""
"les_miserables","transitivity","transitivity","nonfinite",60,77,NA,NA,0,"",""
"les_miserables","trophic_level","trophic_level","nonfinite",0,77,NA,NA,0.000999999999976353,"trophic_level requires a directed graph; returning NA",""
"les_miserables","truss","truss","ok",77,77,7,7,0.0010000000000332,"",""
"les_miserables","two_way_rw","two_way_rw","costly_above_40",0,77,NA,NA,0,"",""
"les_miserables","volume","volume","ok",77,77,38,38,0.0120000000000005,"",""
"les_miserables","voterank","voterank","ok",77,77,77,77,0.329999999999984,"",""
"les_miserables","voterank_plus","voterank_plus","ok",77,77,77,77,0.00200000000000955,"",""
"les_miserables","weighted_h_index","weighted_h_index","ok",77,77,39,39,0.000999999999976353,"",""
"les_miserables","weighted_kshell","weighted_kshell","ok",77,77,8,8,0.00200000000000955,"",""
"les_miserables","weighted_leaderrank","weighted_leaderrank","ok",77,77,60,52,0,"",""
"les_miserables","wiener","wiener","ok",77,77,41,41,0.0120000000000005,"",""
"les_miserables","within_module_z","within_module_z","ok",77,77,27,27,0.00499999999999545,"",""
"les_miserables","wvoterank","wvoterank","ok",77,77,77,77,0.00200000000000955,"",""
"les_miserables","x_degree","x_degree","ok",77,77,45,45,0.0010000000000332,"",""
"les_miserables","candidate_14","gravity","ok",77,77,52,52,0.0129999999999768,"",""
"les_miserables","candidate_18","betweenness","ok",77,77,31,31,0,"",""
"les_miserables","candidate_21","gravity","ok",77,77,51,51,0.0870000000000459,"",""
"florentine","access_information","access_information","ok",15,15,15,15,0.0010000000000332,"",""
"florentine","adaptive_leaderrank","adaptive_leaderrank","ok",15,15,13,11,0,"",""
"florentine","alpha","alpha","ok",15,15,11,11,0.000999999999976353,"",""
"florentine","authority","authority","ok",15,15,15,15,0.0010000000000332,"",""
"florentine","average_distance","average_distance","ok",15,15,11,11,0.000999999999976353,"",""
"florentine","barycenter","barycenter","ok",15,15,11,11,0,"",""
"florentine","beta_measure","beta_measure","ok",15,15,14,13,0.0010000000000332,"",""
"florentine","betweenness","betweenness","ok",15,15,12,12,0,"",""
"florentine","bottleneck","bottleneck","ok",15,15,11,11,0.00799999999998136,"",""
"florentine","bridging","bridging","ok",15,15,12,12,0.00200000000000955,"",""
"florentine","bridging_capital","bridging_capital","ok",15,15,13,13,0.00200000000000955,"",""
"florentine","bridging_coefficient","bridging_coefficient","ok",15,15,15,14,0,"",""
"florentine","brokerage_coordinator","brokerage_coordinator","nonfinite",0,15,NA,NA,0,"brokerage requires a directed graph; returning NA",""
"florentine","brokerage_gatekeeper","brokerage_gatekeeper","nonfinite",0,15,NA,NA,0,"brokerage requires a directed graph; returning NA",""
"florentine","brokerage_itinerant","brokerage_itinerant","nonfinite",0,15,NA,NA,0,"brokerage requires a directed graph; returning NA",""
"florentine","brokerage_liaison","brokerage_liaison","nonfinite",0,15,NA,NA,0.0010000000000332,"brokerage requires a directed graph; returning NA",""
"florentine","brokerage_representative","brokerage_representative","nonfinite",0,15,NA,NA,0,"brokerage requires a directed graph; returning NA",""
"florentine","cda","cda","ok",15,15,15,15,0.000999999999976353,"",""
"florentine","centroid","centroid","ok",15,15,8,8,0,"",""
"florentine","closeness","closeness","ok",15,15,11,11,0,"",""
"florentine","closeness_vitality","closeness_vitality","ok",15,15,14,14,0.0040000000000191,"",""
"florentine","clusterrank","clusterrank","nonfinite",11,15,NA,NA,0.000999999999976353,"",""
"florentine","coleman_theil","coleman_theil","ok",15,15,8,7,0.0010000000000332,"",""
"florentine","collective_influence","collective_influence","ok",15,15,9,9,0,"",""
"florentine","comm_centrality","comm_centrality","ok",15,15,12,12,0,"",""
"florentine","communicability","communicability","ok",15,15,15,15,0.0010000000000332,"",""
"florentine","communicability_betweenness","communicability_betweenness","ok",15,15,15,15,0.000999999999976353,"",""
"florentine","community_based","community_based","ok",15,15,10,10,0,"",""
"florentine","community_hub_bridge","community_hub_bridge","ok",15,15,10,10,0,"",""
"florentine","community_mediator","community_mediator","ok",15,15,6,6,0.000999999999976353,"",""
"florentine","constraint","constraint","ok",15,15,9,9,0,"",""
"florentine","controlrank","controlrank","ok",15,15,15,15,0.00200000000000955,"",""
"florentine","coreness","coreness","ok",15,15,2,2,0,"",""
"florentine","cross_clique","cross_clique","ok",15,15,7,7,0.0010000000000332,"",""
"florentine","current_flow_betweenness","current_flow_betweenness","ok",15,15,15,12,0.000999999999976353,"",""
"florentine","current_flow_closeness","current_flow_closeness","ok",15,15,15,15,0,"",""
"florentine","dangalchev","dangalchev","ok",15,15,14,14,0,"",""
"florentine","decay","decay","ok",15,15,14,14,0.0010000000000332,"",""
"florentine","degree","degree","ok",15,15,5,5,0.000999999999976353,"",""
"florentine","degree_discount","degree_discount","ok",15,15,15,15,0,"",""
"florentine","delta_betweenness","delta_betweenness","ok",15,15,12,12,0.0010000000000332,"",""
"florentine","delta_closeness","delta_closeness","ok",15,15,14,13,0.000999999999976353,"",""
"florentine","diffusion","diffusion","ok",15,15,11,11,0.0010000000000332,"",""
"florentine","diffusion_centrality","diffusion_centrality","ok",15,15,13,13,0,"",""
"florentine","distance_entropy","distance_entropy","ok",15,15,12,12,0.000999999999976353,"",""
"florentine","diversity","diversity","ok",15,15,2,2,0,"",""
"florentine","dmnc","dmnc","ok",15,15,3,3,0.00600000000002865,"",""
"florentine","dynamical_importance","dynamical_importance","ok",15,15,15,15,0.0029999999999859,"",""
"florentine","dynamics_sensitive","dynamics_sensitive","ok",15,15,15,15,0,"",""
"florentine","eccentricity","eccentricity","ok",15,15,3,3,0.000999999999976353,"",""
"florentine","effective_size","effective_size","ok",15,15,7,7,0.0010000000000332,"",""
"florentine","ego_betweenness","ego_betweenness","ok",15,15,8,8,0.000999999999976353,"",""
"florentine","eigenvector","eigenvector","ok",15,15,15,15,0,"",""
"florentine","enrenew","enrenew","ok",15,15,15,15,0.0010000000000332,"",""
"florentine","entropy","entropy","ok",15,15,3,3,0.00399999999996226,"",""
"florentine","entropy_variation_betweenness","entropy_variation_betweenness","ok",15,15,15,15,0.00200000000000955,"",""
"florentine","entropy_variation_degree","entropy_variation_degree","ok",15,15,14,14,0.0010000000000332,"",""
"florentine","epc","epc","ok",15,15,15,15,0.229999999999961,"",""
"florentine","exogenous","exogenous","ok",15,15,14,14,0.0040000000000191,"",""
"florentine","expected","expected","ok",15,15,11,11,0.000999999999976353,"",""
"florentine","expected_force","expected_force","ok",15,15,15,15,0.0010000000000332,"",""
"florentine","expected_influence_1","expected_influence_1","ok",15,15,5,5,0.000999999999976353,"",""
"florentine","expected_influence_2","expected_influence_2","ok",15,15,13,13,0,"",""
"florentine","extended_coreness","extended_coreness","ok",15,15,13,13,0,"",""
"florentine","extended_gravity","extended_gravity","ok",15,15,15,15,0.000999999999976353,"",""
"florentine","extended_local_bridging","extended_local_bridging","ok",15,15,12,12,0.000999999999976353,"",""
"florentine","extended_mixed_gravity","extended_mixed_gravity","ok",15,15,15,15,0.0010000000000332,"",""
"florentine","flow_betweenness","flow_betweenness","ok",15,15,9,9,0.0149999999999864,"",""
"florentine","flow_coefficient","flow_coefficient","ok",15,15,5,5,0.0010000000000332,"",""
"florentine","fragmentation","fragmentation","ok",15,15,15,15,0.00399999999996226,"",""
"florentine","fuzzy_local_dimension","fuzzy_local_dimension","ok",15,15,15,14,0,"",""
"florentine","gateway","gateway","ok",15,15,14,14,0,"",""
"florentine","generalized_closeness","generalized_closeness","ok",15,15,14,14,0.000999999999976353,"",""
"florentine","geodesic_kpath","geodesic_kpath","ok",15,15,10,10,0.000999999999976353,"",""
"florentine","gilschmidt","gilschmidt","ok",15,15,14,13,0.0010000000000332,"",""
"florentine","global_structure","global_structure","ok",15,15,15,15,0.0629999999999882,"",""
"florentine","godfather","godfather","ok",15,15,7,7,0,"",""
"florentine","graph_regularization","graph_regularization","ok",15,15,15,15,0.000999999999976353,"",""
"florentine","gravity","gravity","ok",15,15,15,15,0.000999999999976353,"",""
"florentine","harary","harary","ok",15,15,14,14,0,"",""
"florentine","harmonic","harmonic","ok",15,15,13,13,0,"",""
"florentine","heatmap","heatmap","ok",15,15,12,12,0.000999999999976353,"",""
"florentine","hide_information","hide_information","ok",15,15,15,15,0,"",""
"florentine","hindex_strength","hindex_strength","ok",15,15,3,3,0.000999999999976353,"",""
"florentine","hub","hub","ok",15,15,15,15,0.000999999999976353,"",""
"florentine","hubbell","hubbell","nonfinite",0,15,NA,NA,0,"hubbell: not solvable for this graph at weightfactor=0.5 (spectral radius >= 1); returning NA",""
"florentine","hybrid_global_structure","hybrid_global_structure","ok",15,15,15,15,0,"",""
"florentine","improved_closeness","improved_closeness","ok",15,15,15,15,0.000999999999976353,"",""
"florentine","improved_global_structure","improved_global_structure","ok",15,15,15,15,0.0010000000000332,"",""
"florentine","infection","infection","ok",15,15,15,15,0.000999999999976353,"",""
"florentine","information","information","ok",15,15,15,15,0.0010000000000332,"",""
"florentine","integration","integration","ok",15,15,12,11,0,"",""
"florentine","katz","katz","ok",15,15,15,15,0,"",""
"florentine","kpath","kpath","ok",15,15,15,15,0.00200000000000955,"",""
"florentine","kreach","kreach","ok",15,15,7,7,0.000999999999976353,"",""
"florentine","lac","lac","ok",15,15,5,5,0.0029999999999859,"",""
"florentine","laplacian","laplacian","ok",15,15,13,13,0.0029999999999859,"",""
"florentine","leaderrank","leaderrank","nonfinite",0,15,NA,NA,0,"LeaderRank requires a directed graph; returning NA",""
"florentine","length_scaled_betweenness","length_scaled_betweenness","ok",15,15,11,11,0,"",""
"florentine","leverage","leverage","ok",15,15,14,14,0.00199999999995271,"",""
"florentine","lin","lin","ok",15,15,11,11,0.0010000000000332,"",""
"florentine","linerank","linerank","ok",15,15,15,15,0,"",""
"florentine","load","load","ok",15,15,12,12,0.0029999999999859,"",""
"florentine","lobby","lobby","ok",15,15,3,3,0.00200000000000955,"",""
"florentine","local_bridging","local_bridging","ok",15,15,14,14,0.000999999999976353,"",""
"florentine","local_dimension","local_dimension","ok",15,15,14,14,0.0010000000000332,"",""
"florentine","local_dimension_fixed","local_dimension_fixed","ok",15,15,12,12,0.000999999999976353,"",""
"florentine","local_efficiency","local_efficiency","ok",15,15,5,5,0.000999999999976353,"",""
"florentine","local_entropy","local_entropy","ok",15,15,13,13,0,"",""
"florentine","local_hindex","local_hindex","ok",15,15,2,2,0.00200000000000955,"",""
"florentine","local_information_dimension","local_information_dimension","ok",15,15,14,14,0,"",""
"florentine","local_volume_dimension","local_volume_dimension","ok",15,15,15,15,0.000999999999976353,"",""
"florentine","localized_bridging","localized_bridging","ok",15,15,12,11,0,"",""
"florentine","malatya","malatya","ok",15,15,15,14,0.0010000000000332,"",""
"florentine","map_equation","map_equation","ok",15,15,6,5,0,"",""
"florentine","markov","markov","ok",15,15,15,15,0,"",""
"florentine","mcc","mcc","ok",15,15,6,6,0.00200000000000955,"",""
"florentine","mcgm","mcgm","ok",15,15,15,15,0.000999999999976353,"",""
"florentine","mdd","mdd","ok",15,15,6,6,0,"",""
"florentine","mixed_gravity","mixed_gravity","ok",15,15,15,15,0.0010000000000332,"",""
"florentine","mnc","mnc","ok",15,15,3,3,0.00399999999996226,"",""
"florentine","modified_expected_force","modified_expected_force","ok",15,15,15,15,0.0010000000000332,"",""
"florentine","modularity_vitality","modularity_vitality","ok",15,15,14,14,0,"",""
"florentine","ncvoterank","ncvoterank","ok",15,15,15,15,0.00200000000000955,"",""
"florentine","neighborhood_connectivity","neighborhood_connectivity","ok",15,15,11,11,0,"",""
"florentine","ninl","ninl","ok",15,15,15,15,0.000999999999976353,"",""
"florentine","node_contraction","node_contraction","ok",15,15,13,13,0.0040000000000191,"",""
"florentine","node_contraction_improved","node_contraction_improved","ok",15,15,15,15,0.0939999999999941,"",""
"florentine","nonbacktracking","nonbacktracking","ok",15,15,14,14,0,"",""
"florentine","onion","onion","ok",15,15,6,6,0.0010000000000332,"",""
"florentine","pagerank","pagerank","ok",15,15,15,15,0,"",""
"florentine","pairwisedis","pairwisedis","nonfinite",0,15,NA,NA,0,"pairwisedis requires a directed graph; returning NA",""
"florentine","participation","participation","ok",15,15,5,5,0.0010000000000332,"",""
"florentine","percolation","percolation","ok",15,15,12,12,0.0029999999999859,"",""
"florentine","power","power","ok",15,15,11,11,0.00200000000000955,"",""
"florentine","prestige_domain","prestige_domain","nonfinite",0,15,NA,NA,0,"prestige_domain requires a directed graph; returning NA",""
"florentine","prestige_domain_proximity","prestige_domain_proximity","nonfinite",0,15,NA,NA,0.000999999999976353,"prestige_domain_proximity requires a directed graph; returning NA",""
"florentine","proximal_betweenness","proximal_betweenness","ok",15,15,12,12,0,"",""
"florentine","radiality","radiality","ok",15,15,11,11,0.0010000000000332,"",""
"florentine","random_walk","random_walk","ok",15,15,15,15,0.000999999999976353,"",""
"florentine","random_walk_decay","random_walk_decay","ok",15,15,15,15,0.0010000000000332,"",""
"florentine","reaching_local","reaching_local","ok",15,15,13,13,0,"",""
"florentine","redundancy","redundancy","ok",15,15,5,5,0.000999999999976353,"",""
"florentine","renewed_coreness","renewed_coreness","ok",15,15,3,3,0,"",""
"florentine","residual_closeness","residual_closeness","ok",15,15,14,14,0.000999999999976353,"",""
"florentine","resistance_curvature","resistance_curvature","ok",15,15,14,12,0.0010000000000332,"",""
"florentine","rumor","rumor","ok",15,15,15,15,0.000999999999976353,"",""
"florentine","s_core","s_core","ok",15,15,2,2,0,"",""
"florentine","s_shell","s_shell","ok",15,15,8,8,0,"",""
"florentine","salsa","salsa","nonfinite",0,15,NA,NA,0,"SALSA requires a directed graph; returning NA",""
"florentine","second_order","second_order","ok",15,15,15,15,0.000999999999976353,"",""
"florentine","semilocal","semilocal","ok",15,15,15,15,0.0040000000000191,"",""
"florentine","shapley_game1","shapley_game1","ok",15,15,14,14,0.0010000000000332,"",""
"florentine","shapley_game2","shapley_game2","ok",15,15,11,11,0,"",""
"florentine","shapley_game3","shapley_game3","ok",15,15,15,15,0.000999999999976353,"",""
"florentine","single_discount","single_discount","ok",15,15,15,15,0,"",""
"florentine","spanning_tree","spanning_tree","ok",15,15,15,15,0,"",""
"florentine","spectralrank","spectralrank","ok",15,15,15,15,0.0010000000000332,"",""
"florentine","strength","strength","ok",15,15,5,5,0,"",""
"florentine","stress","stress","ok",15,15,11,11,0.000999999999976353,"",""
"florentine","subgraph","subgraph","ok",15,15,15,15,0.0010000000000332,"",""
"florentine","support","support","ok",15,15,3,3,0,"",""
"florentine","topological_coefficient","topological_coefficient","ok",15,15,11,11,0,"",""
"florentine","transitivity","transitivity","nonfinite",11,15,NA,NA,0.000999999999976353,"",""
"florentine","trophic_level","trophic_level","nonfinite",0,15,NA,NA,0,"trophic_level requires a directed graph; returning NA",""
"florentine","truss","truss","ok",15,15,2,2,0.0010000000000332,"",""
"florentine","two_way_rw","two_way_rw","ok",15,15,2,2,0.000999999999976353,"",""
"florentine","volume","volume","ok",15,15,13,13,0.0010000000000332,"",""
"florentine","voterank","voterank","ok",15,15,15,15,0.007000000000005,"",""
"florentine","voterank_plus","voterank_plus","ok",15,15,15,15,0,"",""
"florentine","weighted_h_index","weighted_h_index","ok",15,15,8,8,0.000999999999976353,"",""
"florentine","weighted_kshell","weighted_kshell","ok",15,15,2,2,0,"",""
"florentine","weighted_leaderrank","weighted_leaderrank","ok",15,15,15,15,0,"",""
"florentine","wiener","wiener","ok",15,15,11,11,0.000999999999976353,"",""
"florentine","within_module_z","within_module_z","nonfinite",13,15,NA,NA,0.0010000000000332,"",""
"florentine","wvoterank","wvoterank","ok",15,15,15,15,0.000999999999976353,"",""
"florentine","x_degree","x_degree","ok",15,15,10,10,0,"",""
"florentine","candidate_14","gravity","ok",15,15,15,15,0,"",""
"florentine","candidate_18","betweenness","ok",15,15,12,11,0.000999999999976353,"",""
"florentine","candidate_21","gravity","ok",15,15,13,13,0.000999999999976353,"",""
"davis","access_information","access_information","ok",32,32,30,30,0.00200000000000955,"",""
"davis","adaptive_leaderrank","adaptive_leaderrank","ok",32,32,24,22,0.000999999999976353,"",""
"davis","alpha","alpha","ok",32,32,30,27,0.00200000000000955,"",""
"davis","authority","authority","ok",32,32,30,30,0,"",""
"davis","average_distance","average_distance","ok",32,32,14,14,0.0800000000000409,"",""
"davis","barycenter","barycenter","ok",32,32,14,14,0.000999999999976353,"",""
"davis","beta_measure","beta_measure","ok",32,32,28,28,0,"",""
"davis","betweenness","betweenness","ok",32,32,30,30,0,"",""
"davis","bottleneck","bottleneck","ok",32,32,18,18,0.25200000000001,"",""
"davis","bridging","bridging","ok",32,32,30,30,0.0029999999999859,"",""
"davis","bridging_capital","bridging_capital","ok",32,32,28,28,0.0130000000000337,"",""
"davis","bridging_coefficient","bridging_coefficient","ok",32,32,29,29,0,"",""
"davis","brokerage_coordinator","brokerage_coordinator","nonfinite",0,32,NA,NA,0.0010000000000332,"brokerage requires a directed graph; returning NA",""
"davis","brokerage_gatekeeper","brokerage_gatekeeper","nonfinite",0,32,NA,NA,0,"brokerage requires a directed graph; returning NA",""
"davis","brokerage_itinerant","brokerage_itinerant","nonfinite",0,32,NA,NA,0,"brokerage requires a directed graph; returning NA",""
"davis","brokerage_liaison","brokerage_liaison","nonfinite",0,32,NA,NA,0,"brokerage requires a directed graph; returning NA",""
"davis","brokerage_representative","brokerage_representative","nonfinite",0,32,NA,NA,0,"brokerage requires a directed graph; returning NA",""
"davis","cda","cda","ok",32,32,25,25,0.000999999999976353,"",""
"davis","centroid","centroid","ok",32,32,13,13,0.00200000000000955,"",""
"davis","closeness","closeness","ok",32,32,14,14,0,"",""
"davis","closeness_vitality","closeness_vitality","ok",32,32,17,17,0.00899999999995771,"",""
"davis","clusterrank","clusterrank","constant",32,32,1,1,0.00300000000004275,"",""
"davis","coleman_theil","coleman_theil","constant",32,32,1,1,0.000999999999976353,"",""
"davis","collective_influence","collective_influence","ok",32,32,24,24,0,"",""
"davis","comm_centrality","comm_centrality","ok",32,32,24,24,0,"",""
"davis","communicability","communicability","ok",32,32,30,30,0.0010000000000332,"",""
"davis","communicability_betweenness","communicability_betweenness","ok",32,32,32,30,0.0029999999999859,"",""
"davis","community_based","community_based","ok",32,32,24,24,0.0010000000000332,"",""
"davis","community_hub_bridge","community_hub_bridge","ok",32,32,22,22,0,"",""
"davis","community_mediator","community_mediator","ok",32,32,15,15,0,"",""
"davis","constraint","constraint","ok",32,32,10,10,0,"",""
"davis","controlrank","controlrank","ok",32,32,30,30,0.00499999999999545,"",""
"davis","coreness","coreness","ok",32,32,3,3,0.0010000000000332,"",""
"davis","cross_clique","cross_clique","ok",32,32,10,10,0.000999999999976353,"",""
"davis","current_flow_betweenness","current_flow_betweenness","ok",32,32,31,30,0.00499999999999545,"",""
"davis","current_flow_closeness","current_flow_closeness","ok",32,32,32,30,0,"",""
"davis","dangalchev","dangalchev","ok",32,32,21,21,0.000999999999976353,"",""
"davis","decay","decay","ok",32,32,21,21,0.00200000000000955,"",""
"davis","degree","degree","ok",32,32,10,10,0.000999999999976353,"",""
"davis","degree_discount","degree_discount","ok",32,32,32,32,0,"",""
"davis","delta_betweenness","delta_betweenness","ok",32,32,30,30,0.0040000000000191,"",""
"davis","delta_closeness","delta_closeness","ok",32,32,23,19,0.0849999999999795,"",""
"davis","diffusion","diffusion","ok",32,32,25,25,0.0010000000000332,"",""
"davis","diffusion_centrality","diffusion_centrality","ok",32,32,29,29,0,"",""
"davis","distance_entropy","distance_entropy","ok",32,32,20,20,0.00200000000000955,"",""
"davis","diversity","diversity","constant",32,32,1,1,0.000999999999976353,"",""
"davis","dmnc","dmnc","constant",32,32,1,1,0.0120000000000005,"",""
"davis","dynamical_importance","dynamical_importance","ok",32,32,30,30,0.00799999999998136,"",""
"davis","dynamics_sensitive","dynamics_sensitive","ok",32,32,30,30,0,"",""
"davis","eccentricity","eccentricity","ok",32,32,2,2,0,"",""
"davis","effective_size","effective_size","ok",32,32,10,10,0.00200000000000955,"",""
"davis","ego_betweenness","ego_betweenness","ok",32,32,10,10,0.0029999999999859,"",""
"davis","eigenvector","eigenvector","ok",32,32,32,30,0.0010000000000332,"",""
"davis","enrenew","enrenew","ok",32,32,32,32,0.00200000000000955,"",""
"davis","entropy","entropy","constant",32,32,1,1,0.00899999999995771,"",""
"davis","entropy_variation_betweenness","entropy_variation_betweenness","ok",32,32,30,30,0.00499999999999545,"",""
"davis","entropy_variation_degree","entropy_variation_degree","ok",32,32,30,30,0,"",""
"davis","epc","epc","ok",32,32,32,32,0.398000000000025,"",""
"davis","exogenous","exogenous","ok",32,32,16,16,0.107000000000028,"",""
"davis","expected","expected","ok",32,32,26,26,0.000999999999976353,"",""
"davis","expected_force","expected_force","ok",32,32,30,30,0.00300000000004275,"",""
"davis","expected_influence_1","expected_influence_1","ok",32,32,10,10,0.000999999999976353,"",""
"davis","expected_influence_2","expected_influence_2","ok",32,32,28,28,0,"",""
"davis","extended_coreness","extended_coreness","ok",32,32,30,30,0,"",""
"davis","extended_gravity","extended_gravity","ok",32,32,30,30,0.00200000000000955,"",""
"davis","extended_local_bridging","extended_local_bridging","ok",32,32,30,30,0.0080000000000382,"",""
"davis","extended_mixed_gravity","extended_mixed_gravity","ok",32,32,30,30,0.00199999999995271,"",""
"davis","flow_betweenness","flow_betweenness","ok",32,32,30,30,0.145000000000039,"",""
"davis","flow_coefficient","flow_coefficient","constant",32,32,1,1,0.000999999999976353,"",""
"davis","fragmentation","fragmentation","ok",32,32,25,23,0.107000000000028,"",""
"davis","fuzzy_local_dimension","fuzzy_local_dimension","ok",32,32,26,21,0.00199999999995271,"",""
"davis","gateway","gateway","ok",32,32,30,30,0.0010000000000332,"",""
"davis","generalized_closeness","generalized_closeness","ok",32,32,21,21,0.00200000000000955,"",""
"davis","geodesic_kpath","geodesic_kpath","ok",32,32,25,25,0.00200000000000955,"",""
"davis","gilschmidt","gilschmidt","ok",32,32,23,19,0.000999999999976353,"",""
"davis","global_structure","global_structure","ok",32,32,26,26,0.00200000000000955,"",""
"davis","godfather","godfather","ok",32,32,10,10,0,"",""
"davis","graph_regularization","graph_regularization","ok",32,32,32,30,0.000999999999976353,"",""
"davis","gravity","gravity","ok",32,32,27,26,0.00200000000000955,"",""
"davis","harary","harary","ok",32,32,24,21,0.00200000000000955,"",""
"davis","harmonic","harmonic","ok",32,32,20,19,0,"",""
"davis","heatmap","heatmap","ok",32,32,27,27,0.00200000000000955,"",""
"davis","hide_information","hide_information","ok",32,32,30,30,0.00200000000000955,"",""
"davis","hindex_strength","hindex_strength","ok",32,32,5,5,0.0029999999999859,"",""
"davis","hub","hub","ok",32,32,32,30,0.000999999999976353,"",""
"davis","hubbell","hubbell","nonfinite",0,32,NA,NA,0.0010000000000332,"hubbell: not solvable for this graph at weightfactor=0.5 (spectral radius >= 1); returning NA",""
"davis","hybrid_global_structure","hybrid_global_structure","ok",32,32,30,30,0.000999999999976353,"",""
"davis","improved_closeness","improved_closeness","ok",32,32,30,30,0.0010000000000332,"",""
"davis","improved_global_structure","improved_global_structure","ok",32,32,30,30,0.00200000000000955,"",""
"davis","infection","infection","ok",32,32,30,30,0.569999999999993,"",""
"davis","information","information","ok",32,32,31,30,0.000999999999976353,"",""
"davis","integration","integration","ok",32,32,14,14,0.0010000000000332,"",""
"davis","katz","katz","ok",32,32,32,30,0,"",""
"davis","kpath","kpath","ok",32,32,30,30,0.0160000000000196,"",""
"davis","kreach","kreach","ok",32,32,5,5,0.000999999999976353,"",""
"davis","lac","lac","constant",32,32,1,1,0.007000000000005,"",""
"davis","laplacian","laplacian","ok",32,32,26,26,0.007000000000005,"",""
"davis","leaderrank","leaderrank","nonfinite",0,32,NA,NA,0.000999999999976353,"LeaderRank requires a directed graph; returning NA",""
"davis","length_scaled_betweenness","length_scaled_betweenness","ok",32,32,30,30,0.00300000000004275,"",""
"davis","leverage","leverage","ok",32,32,30,30,0.00199999999995271,"",""
"davis","lin","lin","ok",32,32,14,14,0.00200000000000955,"",""
"davis","linerank","linerank","ok",32,32,31,30,0.0010000000000332,"",""
"davis","load","load","ok",32,32,30,30,0.0889999999999986,"",""
"davis","lobby","lobby","ok",32,32,5,5,0.00200000000000955,"",""
"davis","local_bridging","local_bridging","ok",32,32,29,29,0.00200000000000955,"",""
"davis","local_dimension","local_dimension","ok",32,32,21,21,0.00200000000000955,"",""
"davis","local_dimension_fixed","local_dimension_fixed","ok",32,32,20,20,0.00200000000000955,"",""
"davis","local_efficiency","local_efficiency","constant",32,32,1,1,0.000999999999976353,"",""
"davis","local_entropy","local_entropy","ok",32,32,30,30,0.0010000000000332,"",""
"davis","local_hindex","local_hindex","ok",32,32,3,3,0.00200000000000955,"",""
"davis","local_information_dimension","local_information_dimension","ok",32,32,21,21,0.00199999999995271,"",""
"davis","local_volume_dimension","local_volume_dimension","ok",32,32,30,30,0.00200000000000955,"",""
"davis","localized_bridging","localized_bridging","ok",32,32,29,29,0.0010000000000332,"",""
"davis","malatya","malatya","ok",32,32,29,29,0,"",""
"davis","map_equation","map_equation","ok",32,32,12,10,0.000999999999976353,"",""
"davis","markov","markov","ok",32,32,31,30,0.000999999999976353,"",""
"davis","mcc","mcc","ok",32,32,10,10,0.0029999999999859,"",""
"davis","mcgm","mcgm","ok",32,32,30,30,0.00200000000000955,"",""
"davis","mdd","mdd","ok",32,32,14,14,0.000999999999976353,"",""
"davis","mixed_gravity","mixed_gravity","ok",32,32,30,30,0.0010000000000332,"",""
"davis","mnc","mnc","constant",32,32,1,1,0.0080000000000382,"",""
"davis","modified_expected_force","modified_expected_force","ok",32,32,30,30,0.0029999999999859,"",""
"davis","modularity_vitality","modularity_vitality","ok",32,32,24,24,0,"",""
"davis","ncvoterank","ncvoterank","ok",32,32,32,32,0.00200000000000955,"",""
"davis","neighborhood_connectivity","neighborhood_connectivity","ok",32,32,28,28,0.000999999999976353,"",""
"davis","ninl","ninl","ok",32,32,30,30,0.0010000000000332,"",""
"davis","node_contraction","node_contraction","ok",32,32,29,28,0.122000000000014,"",""
"davis","node_contraction_improved","node_contraction_improved","error",0,32,NA,NA,216.166,"","reached elapsed time limit"
"davis","nonbacktracking","nonbacktracking","ok",32,32,30,30,0.00599999999997181,"",""
"davis","onion","onion","ok",32,32,7,7,0.00200000000006639,"",""
"davis","pagerank","pagerank","ok",32,32,30,30,0.000999999999976353,"",""
"davis","pairwisedis","pairwisedis","nonfinite",0,32,NA,NA,0,"pairwisedis requires a directed graph; returning NA",""
"davis","participation","participation","ok",32,32,13,13,0.00299999999992906,"",""
"davis","percolation","percolation","ok",32,32,30,30,0.00900000000001455,"",""
"davis","power","power","ok",32,32,29,27,0.00199999999995271,"",""
"davis","prestige_domain","prestige_domain","nonfinite",0,32,NA,NA,0,"prestige_domain requires a directed graph; returning NA",""
"davis","prestige_domain_proximity","prestige_domain_proximity","nonfinite",0,32,NA,NA,0.000999999999976353,"prestige_domain_proximity requires a directed graph; returning NA",""
"davis","proximal_betweenness","proximal_betweenness","ok",32,32,30,30,0.00200000000006639,"",""
"davis","radiality","radiality","ok",32,32,14,14,0.00199999999995271,"",""
"davis","random_walk","random_walk","ok",32,32,31,30,0.000999999999976353,"",""
"davis","random_walk_decay","random_walk_decay","ok",32,32,30,30,0.00300000000004275,"",""
"davis","reaching_local","reaching_local","ok",32,32,20,19,0.000999999999976353,"",""
"davis","redundancy","redundancy","constant",32,32,1,1,0,"",""
"davis","renewed_coreness","renewed_coreness","ok",32,32,3,3,0,"",""
"davis","residual_closeness","residual_closeness","ok",32,32,21,21,0.00200000000006639,"",""
"davis","resistance_curvature","resistance_curvature","ok",32,32,31,30,0.000999999999976353,"",""
"davis","rumor","rumor","ok",32,32,29,29,0.0040000000000191,"",""
"davis","s_core","s_core","ok",32,32,3,3,0.000999999999976353,"",""
"davis","s_shell","s_shell","ok",32,32,15,15,0,"",""
"davis","salsa","salsa","nonfinite",0,32,NA,NA,0,"SALSA requires a directed graph; returning NA",""
"davis","second_order","second_order","ok",32,32,31,30,0.00200000000006639,"",""
"davis","semilocal","semilocal","ok",32,32,30,30,0.0149999999999864,"",""
"davis","shapley_game1","shapley_game1","ok",32,32,30,30,0,"",""
"davis","shapley_game2","shapley_game2","ok",32,32,30,30,0,"",""
"davis","shapley_game3","shapley_game3","ok",32,32,30,30,0.00100000000009004,"",""
"davis","single_discount","single_discount","ok",32,32,32,32,0.000999999999976353,"",""
"davis","spanning_tree","spanning_tree","ok",32,32,31,30,0.000999999999976353,"",""
"davis","spectralrank","spectralrank","ok",32,32,30,30,0,"",""
"davis","strength","strength","ok",32,32,10,10,0.000999999999976353,"",""
"davis","stress","stress","ok",32,32,28,28,0.00200000000006639,"",""
"davis","subgraph","subgraph","ok",32,32,31,30,0.000999999999976353,"",""
"davis","support","support","constant",32,32,1,1,0.000999999999976353,"",""
"davis","topological_coefficient","topological_coefficient","ok",32,32,28,28,0.000999999999976353,"",""
"davis","transitivity","transitivity","constant",32,32,1,1,0.000999999999976353,"",""
"davis","trophic_level","trophic_level","nonfinite",0,32,NA,NA,0,"trophic_level requires a directed graph; returning NA",""
"davis","truss","truss","constant",32,32,1,1,0.00100000000009004,"",""
"davis","two_way_rw","two_way_rw","ok",32,32,17,17,0.0849999999999227,"",""
"davis","volume","volume","ok",32,32,25,25,0.00100000000009004,"",""
"davis","voterank","voterank","ok",32,32,32,32,0.0270000000000437,"",""
"davis","voterank_plus","voterank_plus","ok",32,32,32,32,0.000999999999976353,"",""
"davis","weighted_h_index","weighted_h_index","ok",32,32,17,17,0.000999999999976353,"",""
"davis","weighted_kshell","weighted_kshell","ok",32,32,3,3,0.000999999999976353,"",""
"davis","weighted_leaderrank","weighted_leaderrank","ok",32,32,31,30,0,"",""
"davis","wiener","wiener","ok",32,32,14,14,0.00200000000006639,"",""
"davis","within_module_z","within_module_z","ok",32,32,12,12,0.00299999999992906,"",""
"davis","wvoterank","wvoterank","ok",32,32,32,32,0.000999999999976353,"",""
"davis","x_degree","x_degree","ok",32,32,30,30,0,"",""
"davis","candidate_14","gravity","ok",32,32,30,30,0.00200000000006639,"",""
"davis","candidate_18","betweenness","ok",32,32,30,30,0,"",""
"davis","candidate_21","gravity","ok",32,32,29,29,0.00199999999995271,"",""
