zoo_label_1,zoo_label_2,config_1,config_2,native_mean_tau_b,zoo_reported_tau,native_minus_zoo,native_mean_abs_tau_b,native_mean_abs_tau_minus_zoo,networks,native_min_tau_b,native_max_tau_b,same_native_configuration
Bridging coefficient,Malatya centrality,bridging_coefficient,malatya,-1.0,0.9067981290681457,-1.9067981290681457,1.0,0.09320187093185428,19,-1.0,-1.0,False
BG-index,Bridging coefficient,beta_measure,bridging_coefficient,-0.9065171936848303,1.0,-1.9065171936848304,0.9065171936848303,-0.0934828063151697,19,-0.988023952095808,-0.761904761904762,False
Bridging coefficient,beta-measure,bridging_coefficient,beta_measure,-0.9065171936848303,1.0,-1.9065171936848304,0.9065171936848303,-0.0934828063151697,19,-0.988023952095808,-0.761904761904762,False
BG-index,Resistance curvature,beta_measure,resistance_curvature,-0.9417910605041269,0.9085095127902527,-1.8503005732943796,0.9417910605041269,0.03328154771387415,14,-1.0,-0.666666666666667,False
beta-measure,Resistance curvature,beta_measure,resistance_curvature,-0.9417910605041269,0.9085095127902527,-1.8503005732943796,0.9417910605041269,0.03328154771387415,14,-1.0,-0.666666666666667,False
Bridging coefficient,Random walk decay,bridging_coefficient,random_walk_decay,-0.9523910993580957,0.8838402861003144,-1.8362313854584102,0.9523910993580957,0.06855081325778134,14,-0.992727272727273,-0.861253877644822,False
Resistance curvature,Malatya centrality,resistance_curvature,malatya,-0.9210606415178078,0.9118043881521459,-1.8328650296699536,0.9210606415178078,0.009256253365661826,14,-0.969418960244648,-0.714285714285714,False
Resistance curvature,Random walk decay,resistance_curvature,random_walk_decay,-0.9083992377792204,0.9169969316985932,-1.8253961694778136,0.9083992377792204,-0.008597693919372817,14,-0.979757085020243,-0.794461346554275,False
Map Equation Centrality (MEC),Resistance curvature,map_equation,resistance_curvature,-0.8352941047040718,0.778845127421134,-1.614139232125206,0.8352941047040718,0.05644897728293785,14,-0.920117390968411,-0.58554004376912,False
Godfather index,Resistance curvature,godfather,resistance_curvature,-0.8485650751522449,0.7644294943853306,-1.6129945695375754,0.8485650751522449,0.0841355807669143,14,-0.963204559526875,-0.728217605727848,False
Bridging coefficient,Map Equation Centrality (MEC),bridging_coefficient,map_equation,-0.8997726493319943,0.7064478467100812,-1.6062204960420754,0.8997726493319943,0.1933248026219131,19,-0.940734743629634,-0.84463875955721,False
Godfather index,Bridging coefficient,godfather,bridging_coefficient,-0.8763895196404484,0.7266698388198084,-1.6030593584602568,0.8763895196404484,0.14971968082064002,19,-0.955823681676094,-0.718066698459195,False
Mixed Degree Decomposition (MDD),Resistance curvature,mdd,resistance_curvature,-0.7803363845716789,0.8179439699617319,-1.5982803545334108,0.7803363845716789,-0.037607585390053044,14,-0.904329364869095,-0.523809523809524,False
Mixed Degree Decomposition (MDD),Bridging coefficient,mdd,bridging_coefficient,-0.8432114117230114,0.753931902819824,-1.5971433145428353,0.8432114117230114,0.08927950890318737,19,-0.925357998371279,-0.683340341988168,False
Proximal betwenness,Resistance curvature,proximal_betweenness,resistance_curvature,-0.8236217128902993,0.7618525415320607,-1.5854742544223601,0.8236217128902993,0.06176917135823856,14,-0.910625240830897,-0.683130051063973,False
delta-betweenness,Resistance curvature,delta_betweenness,resistance_curvature,-0.8308546257954439,0.7525658874784226,-1.5834205132738663,0.8308546257954439,0.07828873831702132,14,-0.910625240830897,-0.71402668542453,False
Length-scaled betweenness,Resistance curvature,length_scaled_betweenness,resistance_curvature,-0.8198238908890927,0.7492156400792308,-1.5690395309683236,0.8198238908890927,0.07060825080986188,14,-0.910625240830897,-0.706740698838566,False
k-betweenness,Resistance curvature,candidate_18,resistance_curvature,-0.8128021287109671,0.7502912245116441,-1.5630933532226112,0.8128021287109671,0.06251090419932304,14,-0.910625240830897,-0.641166819564884,False
Egocentric betweenness,Resistance curvature,ego_betweenness,resistance_curvature,-0.7720204823779782,0.7678743828129043,-1.5398948651908824,0.7720204823779782,0.004146099565073835,14,-0.920117390968411,-0.497265248406449,False
Support,Bridging coefficient,support,bridging_coefficient,-0.8141627227389546,0.7205114919913581,-1.5346742147303127,0.8141627227389546,0.09365123074759651,18,-0.916469707353646,-0.410383867147477,False
Exogenous centrality,Resistance curvature,exogenous,resistance_curvature,-0.7542314677276548,0.760752148876341,-1.5149836166039958,0.7542314677276548,-0.006520681148686203,14,-0.909592653189197,-0.514583318239296,False
Support,Resistance curvature,support,resistance_curvature,-0.7192732163006612,0.7783728788285379,-1.4976460951291992,0.7192732163006612,-0.059099662527876684,13,-0.871040455532093,-0.247423206341735,False
Proximal betwenness,Bridging coefficient,proximal_betweenness,bridging_coefficient,-0.7754093651269277,0.7148377267530694,-1.490247091879997,0.7754093651269277,0.06057163837385826,19,-0.913080493895443,-0.58554004376912,False
Graph regularization centrality (GRC),Resistance curvature,graph_regularization,resistance_curvature,-0.7436021485308352,0.7387917458892522,-1.4823938944200874,0.7436021485308352,0.004810402641582945,14,-0.850152905198777,-0.619047619047619,False
delta-betweenness,Bridging coefficient,delta_betweenness,bridging_coefficient,-0.7714635879792031,0.7022114797123785,-1.4736750676915817,0.7714635879792031,0.0692521082668246,19,-0.913080493895443,-0.518874521662771,False
Egocentric betweenness,Bridging coefficient,ego_betweenness,bridging_coefficient,-0.7437531594661467,0.7289765694887046,-1.4727297289548513,0.7437531594661467,0.014776589977442134,19,-0.933962017461948,-0.475327075682635,False
Length-scaled betweenness,Bridging coefficient,length_scaled_betweenness,bridging_coefficient,-0.7614443198309716,0.6991270424276097,-1.4605713622585812,0.7614443198309716,0.062317277403361904,19,-0.913080493895443,-0.487950036474267,False
k-betweenness,Bridging coefficient,candidate_18,bridging_coefficient,-0.7584319346558955,0.6993671152846003,-1.4577990499404958,0.7584319346558955,0.05906481937129526,19,-0.913080493895443,-0.536745040121693,False
Expected force (ExFm),Resistance curvature,modified_expected_force,resistance_curvature,-0.722793502022745,0.7344892863266667,-1.4572827883494117,0.722793502022745,-0.011695784303921708,14,-0.856269113149847,-0.523809523809524,False
Bridging coefficient,MCC,bridging_coefficient,mcc,-0.733850169533974,0.7139765731097972,-1.4478267426437712,0.733850169533974,0.019873596424176743,14,-0.933962017461948,-0.57981993465609,False
Weighted LeaderRank,Resistance curvature,weighted_leaderrank,resistance_curvature,-0.720651682604649,0.7224514887421414,-1.4431031713467903,0.720651682604649,-0.0017998061374924212,14,-0.859327217125382,-0.523809523809524,False
Resistance curvature,MCC,resistance_curvature,mcc,-0.6671881845703375,0.7757092296325455,-1.442897414202883,0.6671881845703375,-0.10852104506220805,14,-0.920117390968411,-0.523809523809524,False
Gravity model,Resistance curvature,candidate_14,resistance_curvature,-0.7119347199295158,0.730832467094876,-1.4427671870243919,0.7119347199295158,-0.01889774716536019,14,-0.831804281345566,-0.523809523809524,False
delta-closeness,Resistance curvature,delta_closeness,resistance_curvature,-0.7619412103116959,0.6764217854491735,-1.4383629957608695,0.7619412103116959,0.0855194248625224,14,-0.905627665152687,-0.542128179165142,False
Weighted LeaderRank,Bridging coefficient,weighted_leaderrank,bridging_coefficient,-0.7954447084790062,0.6423139376227882,-1.4377586461017944,0.7954447084790062,0.15313077085621796,19,-0.889908256880734,-0.593308226821988,False
Graph regularization centrality (GRC),Bridging coefficient,graph_regularization,bridging_coefficient,-0.8053834760310432,0.6320876286146504,-1.4374711046456936,0.8053834760310432,0.1732958474163928,19,-0.904761904761905,-0.631586176939536,False
LineRank,Resistance curvature,linerank,resistance_curvature,-0.7128819483119834,0.7165958106023799,-1.4294777589143632,0.7128819483119834,-0.003713862290396497,14,-0.847094801223242,-0.607272727272727,False
ControlRank,Resistance curvature,controlrank,resistance_curvature,-0.7279004562408437,0.6956963989563509,-1.4235968551971947,0.7279004562408437,0.032204057284492715,14,-0.847094801223242,-0.571428571428571,False
Expected force (ExFm),Bridging coefficient,modified_expected_force,bridging_coefficient,-0.7883632000237636,0.629953739436337,-1.4183169394601007,0.7883632000237636,0.15840946058742655,19,-0.880733944954128,-0.574169251763215,False
Local gravity model,Resistance curvature,candidate_21,resistance_curvature,-0.6853292390584282,0.7230202551387912,-1.4083494941972194,0.6853292390584282,-0.03769101608036296,14,-0.81039755351682,-0.523809523809524,False
Gravity model,Bridging coefficient,candidate_14,bridging_coefficient,-0.7760574614133506,0.62740706713389,-1.4034645285472407,0.7760574614133506,0.14865039427946058,19,-0.862536302032914,-0.593308226821988,False
Exogenous centrality,Bridging coefficient,exogenous,bridging_coefficient,-0.7455696032449266,0.6534555742576589,-1.3990251775025855,0.7455696032449266,0.09211402898726773,14,-0.937724384731131,-0.428571428571429,False
delta-closeness,Bridging coefficient,delta_closeness,bridging_coefficient,-0.8118651454293467,0.5764958575997331,-1.3883610030290798,0.8118651454293467,0.23536928782961364,19,-0.933781893084895,-0.531139094452335,False
Resistance curvature,Global Structure Model (GSM),resistance_curvature,global_structure,-0.705717937674214,0.6737085691708421,-1.3794265068450562,0.705717937674214,0.03200936850337188,14,-0.820285207687174,-0.523809523809524,False
LineRank,Bridging coefficient,linerank,bridging_coefficient,-0.7650057947808608,0.6101212133162902,-1.375127008097151,0.7650057947808608,0.15488458146457063,14,-0.904761904761905,-0.574169251763215,False
Local gravity model,Bridging coefficient,candidate_21,bridging_coefficient,-0.752805439475442,0.6196831432026154,-1.3724885826780575,0.752805439475442,0.13312229627282657,19,-0.852300342066893,-0.585010118363096,False
ControlRank,Bridging coefficient,controlrank,bridging_coefficient,-0.7697991034226913,0.5976066682364752,-1.3674057716591665,0.7697991034226913,0.17219243518621608,14,-0.871559633027523,-0.535891301645667,False
Adaptive LeaderRank,Resistance curvature,adaptive_leaderrank,resistance_curvature,-0.6895867940304555,0.6757700952812946,-1.3653568893117503,0.6895867940304555,0.013816698749160916,14,-0.789274116198068,-0.523809523809524,False
Bridging capital,Resistance curvature,bridging_capital,resistance_curvature,-0.6944378233203281,0.6702222246207917,-1.3646600479411197,0.6944378233203281,0.024215598699536378,14,-0.834862385321101,-0.523809523809524,False
Resistance curvature,Hybrid Global Structure Model (H-GSM),resistance_curvature,hybrid_global_structure,-0.674200858319096,0.6715263702127591,-1.3457272285318551,0.674200858319096,0.0026744881063369697,14,-0.781818181818182,-0.512727272727273,False
Bridging coefficient,Global Structure Model (GSM),bridging_coefficient,global_structure,-0.7547041547243549,0.5769817736167933,-1.3316859283411482,0.7547041547243549,0.17772238110756167,19,-0.851007500109915,-0.574169251763215,False
Extended mixed gravitational centrality,Resistance curvature,extended_mixed_gravity,resistance_curvature,-0.6753614713039087,0.6555487720267091,-1.3309102433306177,0.6753614713039087,0.01981269927719953,14,-0.798165137614679,-0.510948905109489,False
Multi-characteristics gravity model (MCGM),Resistance curvature,mcgm,resistance_curvature,-0.6644907917683794,0.6663811643136636,-1.330871956082043,0.6644907917683794,-0.0018903725452841247,14,-0.796363636363636,-0.523809523809524,False
Adaptive LeaderRank,Bridging coefficient,adaptive_leaderrank,bridging_coefficient,-0.7489710780575628,0.5817428198800386,-1.3307138979376014,0.7489710780575628,0.16722825817752418,19,-0.832727272727273,-0.554700196225229,False
SpectralRank,Resistance curvature,spectralrank,resistance_curvature,-0.6546039348611722,0.6743635323240895,-1.3289674671852616,0.6546039348611722,-0.019759597462917333,14,-0.789090909090909,-0.512727272727273,False
Dynamics-sensitive (DS) centrality,Resistance curvature,dynamics_sensitive,resistance_curvature,-0.661910288792068,0.6662755268869293,-1.3281858156789972,0.661910288792068,-0.0043652380948612235,14,-0.796363636363636,-0.512727272727273,False
Diffusion centrality,Resistance curvature,diffusion_centrality,resistance_curvature,-0.6556897322905334,0.6691426968972428,-1.3248324291877762,0.6556897322905334,-0.013452964606709417,14,-0.801223241590214,-0.476712527558903,False
Bridging capital,Bridging coefficient,bridging_capital,bridging_coefficient,-0.7473012836482623,0.5766628886861844,-1.3239641723344469,0.7473012836482623,0.1706383949620779,14,-0.859327217125382,-0.566984524467593,False
Bridging coefficient,Extended mixed gravitational centrality,bridging_coefficient,extended_mixed_gravity,-0.7339497378281363,0.571074338868265,-1.3050240766964012,0.7339497378281363,0.16287539895987135,19,-0.832727272727273,-0.507299270072993,False
Bridging coefficient,Hybrid Global Structure Model (H-GSM),bridging_coefficient,hybrid_global_structure,-0.7308901526575143,0.5740907954854826,-1.304980948142997,0.7308901526575143,0.15679935717203175,19,-0.845111326234269,-0.578181818181818,False
Node and Neighbor Layer Information (NINL) centrality,Resistance curvature,ninl,resistance_curvature,-0.6583083647878973,0.6439246171095846,-1.302232981897482,0.6583083647878973,0.014383747678312742,14,-0.807339449541284,-0.463503649635036,False
Multi-characteristics gravity model (MCGM),Bridging coefficient,mcgm,bridging_coefficient,-0.7256249404361033,0.5744798841509746,-1.3001048245870779,0.7256249404361033,0.15114505628512864,19,-0.847272727272727,-0.535891301645667,False
Coleman-Theil disorder index,Resistance curvature,coleman_theil,resistance_curvature,-0.5330377599205703,0.7616704610855809,-1.2947082210061511,0.6523321980975089,-0.10933826298807203,13,-0.831578947368421,0.537318610054862,False
Diffusion centrality,Bridging coefficient,diffusion_centrality,bridging_coefficient,-0.716644634343639,0.574873626949227,-1.291518261292866,0.716644634343639,0.14177100739441206,19,-0.837888457385928,-0.473059557999065,False
SpectralRank,Bridging coefficient,spectralrank,bridging_coefficient,-0.7132613881799541,0.5774369278947352,-1.2906983160746894,0.7132613881799541,0.13582446028521888,19,-0.84,-0.510948905109489,False
Dynamics-sensitive (DS) centrality,Bridging coefficient,dynamics_sensitive,bridging_coefficient,-0.7169908412641548,0.5716511974190033,-1.288642038683158,0.7169908412641548,0.14533964384515152,19,-0.847272727272727,-0.529197080291971,False
Resistance curvature,Improved closeness centrality (ICC),resistance_curvature,improved_closeness,-0.638284417240358,0.6473898354892618,-1.2856742527296197,0.638284417240358,-0.009105418248903763,14,-0.832727272727273,-0.39051094890511,False
Improved global structure model (IGSM),Resistance curvature,improved_global_structure,resistance_curvature,-0.6334182331076436,0.6516809009337128,-1.2850991340413565,0.6334182331076436,-0.018262667826069223,14,-0.796363636363636,-0.448905109489051,False
Extended gravity centrality,Resistance curvature,extended_gravity,resistance_curvature,-0.6410760162493684,0.6413355504772456,-1.2824115667266138,0.6410760162493684,-0.0002595342278771673,14,-0.781818181818182,-0.434306569343066,False
Clustering degree algorithm (CDA),Resistance curvature,cda,resistance_curvature,-0.6159773130099294,0.6626252281162719,-1.2786025411262014,0.6159773130099294,-0.046647915106342475,14,-0.781818181818182,-0.454545454545454,False
Node and Neighbor Layer Information (NINL) centrality,Bridging coefficient,ninl,bridging_coefficient,-0.7194055301769874,0.5556072758137857,-1.275012805990773,0.7194055301769874,0.16379825436320172,19,-0.837920489296636,-0.45985401459854,False
Mixed gravitational centrality,Resistance curvature,mixed_gravity,resistance_curvature,-0.608516998840989,0.6619294759662324,-1.2704464748072213,0.608516998840989,-0.05341247712524344,14,-0.774545454545454,-0.410909090909091,False
Extended gravity centrality,Bridging coefficient,extended_gravity,bridging_coefficient,-0.7042937572757101,0.5487197976498128,-1.253013554925523,0.7042937572757101,0.15557395962589726,19,-0.832727272727273,-0.430656934306569,False
Improved global structure model (IGSM),Bridging coefficient,improved_global_structure,bridging_coefficient,-0.6993812217861238,0.5499460396838665,-1.2493272614699902,0.6993812217861238,0.14943518210225737,19,-0.847272727272727,-0.437956204379562,False
Clustering degree algorithm (CDA),Bridging coefficient,cda,bridging_coefficient,-0.6851018280845286,0.5618578146499027,-1.2469596427344314,0.6851018280845286,0.12324401343462588,19,-0.832727272727273,-0.478102189781022,False
Mixed gravitational centrality,Bridging coefficient,mixed_gravity,bridging_coefficient,-0.6757284554767325,0.5629589686679619,-1.2386874241446946,0.6757284554767325,0.11276948680877064,19,-0.825454545454545,-0.421057451293024,False
Bridging coefficient,Improved closeness centrality (ICC),bridging_coefficient,improved_closeness,-0.6874202947103756,0.5473426256213072,-1.2347629203316828,0.6874202947103756,0.14007766908906838,19,-0.883636363636363,-0.394160583941606,False
Extended neighborhood coreness,Resistance curvature,extended_coreness,resistance_curvature,-0.5948330670446355,0.6392108855891421,-1.2340439526337774,0.5948330670446355,-0.04437781854450662,14,-0.781818181818182,-0.413930521973355,False
Bridging coefficient,X-degree centrality,bridging_coefficient,x_degree,-0.6552737011386559,0.5750018615918847,-1.2302755627305406,0.6552737011386559,0.0802718395467712,19,-0.818181818181818,-0.39051094890511,False
Resistance curvature,X-degree centrality,resistance_curvature,x_degree,-0.5716589635888757,0.6556117352451489,-1.2272706988340247,0.5716589635888757,-0.08395277165627324,14,-0.767272727272727,-0.381818181818182,False
Dynamical importance,Resistance curvature,dynamical_importance,resistance_curvature,-0.6163161779069015,0.6055658833178852,-1.2218820612247867,0.6163161779069015,0.01075029458901633,14,-0.789090909090909,-0.41970802919708,False
Bridging coefficient,Coleman-Theil disorder index,bridging_coefficient,coleman_theil,-0.5116690969277268,0.7053730061387244,-1.217042103066451,0.5688777329743778,-0.13649527316434662,18,-0.834586466165413,0.38033330579845,False
Extended neighborhood coreness,Bridging coefficient,extended_coreness,bridging_coefficient,-0.6647756783032325,0.5421373630883389,-1.2069130413915714,0.6647756783032325,0.12263831521489355,19,-0.832727272727273,-0.420476022573475,False
LocalRank,Resistance curvature,semilocal,resistance_curvature,-0.5821031595823577,0.6214188133019091,-1.2035219728842668,0.5821031595823577,-0.03931565371955137,14,-0.781818181818182,-0.396363636363636,False
Dynamical importance,Bridging coefficient,dynamical_importance,bridging_coefficient,-0.6724109969115928,0.5200392002012046,-1.1924501971127974,0.6724109969115928,0.15237179671038814,14,-0.84,-0.416058394160584,False
LocalRank,Bridging coefficient,semilocal,bridging_coefficient,-0.6524931232751168,0.5227179740010864,-1.175211097276203,0.6524931232751168,0.12977514927403033,19,-0.832727272727273,-0.397810218978102,False
Extended LBC,Resistance curvature,extended_local_bridging,resistance_curvature,-0.39814237212160936,0.7616402286596299,-1.1597826007812393,0.4119643396277874,-0.3496758890318425,14,-0.737373737373737,0.0931174089068826,False
Bridging coefficient,k-truss number,bridging_coefficient,truss,-0.5518768393185186,0.5988273480335945,-1.150704187352113,0.5518768393185186,-0.04695050871507589,18,-0.676243785410008,-0.393106813770719,False
Resistance curvature,k-truss number,resistance_curvature,truss,-0.45059039411894464,0.652055837598835,-1.1026462317177796,0.45059039411894464,-0.20146544347989037,13,-0.619294015047347,-0.096523417813168,False
Extended LBC,Bridging coefficient,extended_local_bridging,bridging_coefficient,-0.3447227335504478,0.7113288299399921,-1.05605156349044,0.3684362116362466,-0.3428926183037455,14,-0.739680127696301,0.111448892055137,False
Resistance curvature,Volume centrality,resistance_curvature,volume,-0.331578278698548,0.5092800185033932,-0.8408582972019412,0.3362547992379075,-0.1730252192654857,13,-0.581398908975606,0.0303973835058369,False
Bridging coefficient,Volume centrality,bridging_coefficient,volume,-0.3504456625695353,0.40233579636045164,-0.7527814589299869,0.35213567535262913,-0.05020012100782251,18,-0.65105430400106,0.0152101150478441,False
Mixed Degree Decomposition (MDD),Coleman-Theil disorder index,mdd,coleman_theil,0.43707787960895933,0.9493789090178434,-0.5123010294088841,0.5097060960121219,-0.4396728130057215,18,-0.415835346006085,0.755342533768034,False
Godfather index,Extended LBC,godfather,extended_local_bridging,0.43892211825790645,0.9465378014735963,-0.50761568321569,0.45304942132350956,-0.4934883801500868,14,-0.0988911214592218,0.774515490130803,False
Coleman-Theil disorder index,k-truss number,coleman_theil,truss,0.28837713772879436,0.7940029277435319,-0.5056257900147375,0.33904481529663144,-0.45495811244690043,18,-0.402073109113474,0.633724250524478,False
Coleman-Theil disorder index,X-degree centrality,coleman_theil,x_degree,0.34325558241382115,0.8460191213938062,-0.502763538979985,0.3952594214240755,-0.4507596999697307,18,-0.248681348126961,0.614678899082569,False
Weighted LeaderRank,Coleman-Theil disorder index,weighted_leaderrank,coleman_theil,0.4236625910612625,0.9246809809396752,-0.5010183898784127,0.4810090010512036,-0.4436719798884716,18,-0.276215737129496,0.759398496240601,False
Mixed gravitational centrality,Coleman-Theil disorder index,mixed_gravity,coleman_theil,0.345123480952967,0.8458280628901567,-0.5007045819371896,0.41690114673661277,-0.4289269161535439,18,-0.398978286964827,0.611620795107034,False
Local gravity model,Coleman-Theil disorder index,candidate_21,coleman_theil,0.3996859491646207,0.8936574208379594,-0.4939714716733387,0.46645369188129526,-0.42720372895666414,18,-0.392504181761557,0.694277895783007,False
Gravity model,Coleman-Theil disorder index,candidate_14,coleman_theil,0.41105179302667705,0.9028515588290748,-0.4917997658023977,0.4751570257672443,-0.4276945330618305,18,-0.398978286964827,0.722347834284205,False
Graph regularization centrality (GRC),Coleman-Theil disorder index,graph_regularization,coleman_theil,0.42666208973789793,0.913444944742534,-0.4867828550046361,0.4978451955152146,-0.4155997492273194,18,-0.439899136909937,0.753383458646616,False
Coleman-Theil disorder index,MCC,coleman_theil,mcc,0.4167817933230706,0.903369747918244,-0.4865879545951734,0.46173696586426904,-0.44163278205397494,13,-0.29220862151779,0.650407332685818,False
Expected force (ExFm),Coleman-Theil disorder index,modified_expected_force,coleman_theil,0.421468992722535,0.9073519652987208,-0.48588297257618573,0.48638563757740094,-0.4209663277213198,18,-0.378517861992272,0.741353383458647,False
SpectralRank,Coleman-Theil disorder index,spectralrank,coleman_theil,0.3774884042176983,0.859308786244157,-0.48182038202645866,0.43981527952859073,-0.41949350671556623,18,-0.358057437019716,0.660550458715596,False
Clustering degree algorithm (CDA),Coleman-Theil disorder index,cda,coleman_theil,0.36779930178199466,0.8456790797495305,-0.47787977796753583,0.420162585156328,-0.4255164945932025,18,-0.276215737129496,0.642201834862385,False
Extended neighborhood coreness,Coleman-Theil disorder index,extended_coreness,coleman_theil,0.3476819801958683,0.8248400237939796,-0.47715804359811126,0.4058398200344621,-0.41900020375951746,18,-0.289213607613779,0.642902701635617,False
Adaptive LeaderRank,Coleman-Theil disorder index,adaptive_leaderrank,coleman_theil,0.393985400146992,0.8682073682910669,-0.4742219681440749,0.45742801584760695,-0.41077935244346,18,-0.29649972666444,0.710410472131057,False
Dynamics-sensitive (DS) centrality,Coleman-Theil disorder index,dynamics_sensitive,coleman_theil,0.37835685306753253,0.85194797673871,-0.4735911236711775,0.4425616226915973,-0.4093863540471127,18,-0.378517861992272,0.666713912807307,False
Diffusion centrality,Coleman-Theil disorder index,diffusion_centrality,coleman_theil,0.38303697521016006,0.8537079322842398,-0.47067095707407974,0.4393413747825874,-0.4143665575016524,18,-0.309871722443334,0.690525123978996,False
Coleman-Theil disorder index,Extended mixed gravitational centrality,coleman_theil,extended_mixed_gravity,0.38694663915415867,0.8492760774201142,-0.4623294382659556,0.44976853758788266,-0.3995075398322316,18,-0.337597012047161,0.699248120300752,False
Multi-characteristics gravity model (MCGM),Coleman-Theil disorder index,mcgm,coleman_theil,0.3911291973137389,0.8513178856303192,-0.4601886883165803,0.4509454003285249,-0.40037248530179426,18,-0.337597012047161,0.687218045112782,False
Extended gravity centrality,Coleman-Theil disorder index,extended_gravity,coleman_theil,0.3708661687792089,0.8305569125651113,-0.4596907437859024,0.4321470015268587,-0.39840991103825263,18,-0.296676162102051,0.66015037593985,False
LocalRank,Coleman-Theil disorder index,semilocal,coleman_theil,0.3383940116225389,0.7962361353355603,-0.45784212371302135,0.4020833184881414,-0.3941528168474189,18,-0.419438711937382,0.611620795107034,False
Node and Neighbor Layer Information (NINL) centrality,Coleman-Theil disorder index,ninl,coleman_theil,0.38355313477420433,0.833420920989352,-0.4498677862151477,0.44117505448435096,-0.3922458665050011,18,-0.317136587074606,0.690525123978996,False
Improved global structure model (IGSM),Coleman-Theil disorder index,improved_global_structure,coleman_theil,0.37328283808747875,0.8227835266453899,-0.44950068855791114,0.43578568623507935,-0.38699784041031055,18,-0.419438711937382,0.657492354740061,False
Extended LBC,Coleman-Theil disorder index,extended_local_bridging,coleman_theil,0.19766229591186113,0.6452692281425629,-0.4476069322307018,0.3350696087078109,-0.31019961943475205,13,-0.62160388222033,0.717171717171717,False
Coleman-Theil disorder index,Volume centrality,coleman_theil,volume,0.142732036596794,0.5898148500485271,-0.44708281345173306,0.2079091959474695,-0.3819056541010576,17,-0.47513664107978,0.4871180048174,False
Coleman-Theil disorder index,Map Equation Centrality (MEC),coleman_theil,map_equation,0.4709036911512215,0.9130463913820233,-0.44214270023080177,0.5367843533776433,-0.37626203800437996,18,-0.382020191125065,0.805566834656762,False
Coleman-Theil disorder index,Hybrid Global Structure Model (H-GSM),coleman_theil,hybrid_global_structure,0.3980768641987208,0.8339394282761577,-0.43586256407743695,0.46293219014669423,-0.3710072381294635,18,-0.439899136909937,0.690509594090316,False
Coleman-Theil disorder index,Global Structure Model (GSM),coleman_theil,global_structure,0.4126967270294556,0.8389961504003229,-0.42629942337086735,0.4750031627047174,-0.36399298769560556,18,-0.378517861992272,0.733750197530723,False
Extended LBC,MCC,extended_local_bridging,mcc,0.19020427652083197,0.6151376414131277,-0.4249333648922957,0.24658722910909422,-0.3685504123040334,14,-0.295789546658614,0.504559529485982,False
LineRank,Coleman-Theil disorder index,linerank,coleman_theil,0.46589043801629704,0.8903535383982266,-0.4244631003819296,0.5241239552458773,-0.3662295831523493,13,-0.378517861992272,0.732330827067669,False
Proximal betwenness,Extended LBC,proximal_betweenness,extended_local_bridging,0.5539786131376819,0.9739642364901093,-0.4199856233524274,0.5539786131376819,-0.4199856233524274,14,0.0323886639676113,0.833681269083506,False
delta-betweenness,Extended LBC,delta_betweenness,extended_local_bridging,0.560143087778877,0.9769335126644063,-0.4167904248855293,0.560143087778877,-0.4167904248855293,14,0.0364372469635627,0.886146946198208,False
Coleman-Theil disorder index,Improved closeness centrality (ICC),coleman_theil,improved_closeness,0.3610077123737264,0.776370874241245,-0.41536316186751854,0.4352702882285353,-0.34110058601270965,18,-0.603582536690379,0.629090909090909,False
Egocentric betweenness,Extended LBC,ego_betweenness,extended_local_bridging,0.5454629716809718,0.9597042823026491,-0.41424131062167735,0.5595902747465749,-0.4001140075560743,14,-0.0988911214592218,0.831513163704665,False
Extended LBC,k-betweenness,extended_local_bridging,candidate_18,0.5789582061006934,0.984008865857942,-0.40505065975724863,0.5789582061006934,-0.40505065975724863,14,0.0404858299595142,0.85,False
Support,Coleman-Theil disorder index,support,coleman_theil,0.4968620318099292,0.9018077624914719,-0.40494573068154266,0.5210376695542591,-0.38077009293721276,18,-0.217580739698969,0.793545753082619,False
Bridging capital,Coleman-Theil disorder index,bridging_capital,coleman_theil,0.45078991805509666,0.8553079529321522,-0.40451803487705557,0.5111751767876439,-0.3441327761445083,13,-0.392504181761557,0.707393867153855,False
Length-scaled betweenness,Extended LBC,length_scaled_betweenness,extended_local_bridging,0.5702640033522243,0.9737516394923683,-0.40348763614014405,0.5702640033522243,-0.40348763614014405,14,0.0445344129554656,0.9,False
ControlRank,Coleman-Theil disorder index,controlrank,coleman_theil,0.4771426222343508,0.8715242491863325,-0.39438162695198176,0.5479671702162727,-0.3235570789700598,13,-0.460359561882493,0.750375939849624,False
Dynamical importance,Coleman-Theil disorder index,dynamical_importance,coleman_theil,0.4102852738032235,0.7894871814956161,-0.37920190769239265,0.4590755179685475,-0.33041166352706863,13,-0.317136587074606,0.648318042813456,False
Extended LBC,Malatya centrality,extended_local_bridging,malatya,0.3447227335504478,0.7038505361818616,-0.35912780263141375,0.3684362116362466,-0.33541432454561493,14,-0.111448892055137,0.739680127696301,False
Mixed Degree Decomposition (MDD),Extended LBC,mdd,extended_local_bridging,0.3168387818578167,0.6736944116130867,-0.35685562975527,0.35075680587883284,-0.3229376057342539,14,-0.150755672288882,0.67831095550586,False
Extended LBC,Local gravity model,extended_local_bridging,candidate_21,0.2901902819176958,0.6443124946375488,-0.354122212719853,0.3137297405645783,-0.3305827540729705,14,-0.138433745133327,0.65206425835642,False
Extended LBC,Random walk decay,extended_local_bridging,random_walk_decay,0.366467729239007,0.7153572383800545,-0.3488895091410475,0.3890619770964127,-0.3262952612836418,14,-0.0890688259109312,0.737373737373737,False
Expected force (ExFm),Extended LBC,modified_expected_force,extended_local_bridging,0.3014846230005149,0.6495742613899047,-0.34808963838938983,0.32868479125331473,-0.32088947013658997,14,-0.141818181818182,0.653198653198653,False
Extended LBC,Weighted LeaderRank,extended_local_bridging,weighted_leaderrank,0.2910947574631924,0.6354815727980362,-0.3443868153348438,0.3237358006305513,-0.3117457721674849,14,-0.127272727272727,0.656565656565657,False
Gravity model,Extended LBC,candidate_14,extended_local_bridging,0.30226076848863326,0.6465621402780165,-0.34430137178938325,0.3249517617059423,-0.3216103785720742,14,-0.134545454545455,0.655434099484877,False
Extended LBC,SpectralRank,extended_local_bridging,spectralrank,0.2670763054089557,0.610900886893635,-0.34382458148467926,0.3034020848926299,-0.3074988020010051,14,-0.185454545454545,0.62962962962963,False
Extended LBC,BG-index,extended_local_bridging,beta_measure,0.3683489549074556,0.7113288299399921,-0.3429798750325365,0.39053070586955096,-0.32079812407044117,14,-0.129817711280122,0.736310286567844,False
Extended LBC,beta-measure,extended_local_bridging,beta_measure,0.3683489549074556,0.7113288299399921,-0.3429798750325365,0.39053070586955096,-0.32079812407044117,14,-0.129817711280122,0.736310286567844,False
Extended LBC,Diffusion centrality,extended_local_bridging,diffusion_centrality,0.25941832136006066,0.6022873964321751,-0.34286907507211445,0.3032131154138312,-0.2990742810183439,14,-0.207272727272727,0.643097643097643,False
Extended LBC,k-truss number,extended_local_bridging,truss,0.0981312577565099,0.4401684471697269,-0.34203718941321704,0.18378674093129324,-0.2563817062384337,13,-0.243929669170611,0.48848603827167,False
Exogenous centrality,Coleman-Theil disorder index,exogenous,coleman_theil,0.4495081747911541,0.7871260395664879,-0.33761786477533373,0.5936752791729355,-0.19345076039355236,13,-0.698990940386341,0.743719093032443,False
Support,Extended LBC,support,extended_local_bridging,0.28611691220002533,0.6230855984806204,-0.33696868628059506,0.3185833401786541,-0.3045022583019663,13,-0.211031781861087,0.718621745772771,False
Extended LBC,LineRank,extended_local_bridging,linerank,0.3062974800852386,0.6419426024021903,-0.33564512231695165,0.32598936714554666,-0.3159532352566436,14,-0.105454545454545,0.65993265993266,False
Dynamics-sensitive (DS) centrality,Extended LBC,dynamics_sensitive,extended_local_bridging,0.26806207297817075,0.6027712022767308,-0.33470912929856,0.30230993038392295,-0.3004612718928078,14,-0.170909090909091,0.62962962962963,False
Extended LBC,Graph regularization centrality (GRC),extended_local_bridging,graph_regularization,0.3252460690986094,0.659012763542384,-0.3337666944437746,0.34517351007868197,-0.31383925346370206,14,-0.0909090909090909,0.686868686868687,False
Extended LBC,Clustering degree algorithm (CDA),extended_local_bridging,cda,0.26513732351540936,0.5979691343430402,-0.33283181082763086,0.29163083000891576,-0.30633830433412446,14,-0.185454545454545,0.622895622895623,False
Extended LBC,Node and Neighbor Layer Information (NINL) centrality,extended_local_bridging,ninl,0.25044330919232766,0.5829804885461531,-0.3325371793538255,0.29925765274351335,-0.2837228358026398,14,-0.2,0.643097643097643,False
Extended LBC,Map Equation Centrality (MEC),extended_local_bridging,map_equation,0.3271382922388406,0.6520373573008837,-0.32489906506204314,0.35787863813734844,-0.2941587191635353,14,-0.116291299830333,0.718621745772771,False
Extended LBC,Extended mixed gravitational centrality,extended_local_bridging,extended_mixed_gravity,0.26059947990044113,0.5835038768291244,-0.3229043969286833,0.2984458440625947,-0.2850580327665297,14,-0.137651821862348,0.63973063973064,False
Extended LBC,Hybrid Global Structure Model (H-GSM),extended_local_bridging,hybrid_global_structure,0.28771237361652263,0.607919615606761,-0.32020724199023837,0.3100500359541849,-0.2978695796525761,14,-0.156363636363636,0.63973063973064,False
Extended LBC,X-degree centrality,extended_local_bridging,x_degree,0.2717764855705663,0.5897924882059693,-0.31801600263540303,0.2899583037523844,-0.2998341844535849,14,-0.127272727272727,0.614996005943394,False
delta-closeness,Coleman-Theil disorder index,delta_closeness,coleman_theil,0.45782477188451326,0.7730192203834455,-0.31519444849893224,0.5201701771033581,-0.2528490432800874,18,-0.539737460818354,0.777429783723855,False
Extended LBC,Improved global structure model (IGSM),extended_local_bridging,improved_global_structure,0.2875883476435662,0.6024363908164522,-0.31484804317288595,0.31200393205915067,-0.2904324587573015,14,-0.170909090909091,0.645324576099506,False
Extended LBC,Bridging capital,extended_local_bridging,bridging_capital,0.28861852368854735,0.6030934822538352,-0.31447495856528784,0.3120590185689637,-0.2910344636848715,14,-0.131629036342884,0.65206425835642,False
Extended LBC,Extended neighborhood coreness,extended_local_bridging,extended_coreness,0.2670553001200443,0.5813799175255177,-0.31432461740547335,0.2885106116256164,-0.29286930589990123,14,-0.150187180539005,0.609427609427609,False
Extended LBC,Adaptive LeaderRank,extended_local_bridging,adaptive_leaderrank,0.2871145143621438,0.6000849901336748,-0.312970475771531,0.31956622375194815,-0.2805187663817266,14,-0.135037395691335,0.647512123309071,False
Extended LBC,Extended gravity centrality,extended_local_bridging,extended_gravity,0.2695834836427854,0.5767974685777749,-0.3072139849349895,0.30256734188980156,-0.27423012668797336,14,-0.141818181818182,0.62962962962963,False
Extended LBC,Multi-characteristics gravity model (MCGM),extended_local_bridging,mcgm,0.28848365623074956,0.5935711124125247,-0.30508745618177513,0.3122136104870196,-0.28135750192550507,14,-0.141818181818182,0.63973063973064,False
Extended LBC,LocalRank,extended_local_bridging,semilocal,0.27677068833354285,0.5774596131867004,-0.3006889248531575,0.294952506515361,-0.2825071066713394,14,-0.127272727272727,0.617201552118719,False
Dynamical importance,Extended LBC,dynamical_importance,extended_local_bridging,0.2613836973943309,0.550136365928123,-0.28875266853379206,0.2967777769989368,-0.25335858892918617,14,-0.207272727272727,0.622895622895623,False
Coleman-Theil disorder index,Malatya centrality,coleman_theil,malatya,0.5116690969277268,0.7996169088590076,-0.28794781193128083,0.5688777329743778,-0.23073917588462978,18,-0.38033330579845,0.834586466165413,False
Extended LBC,Global Structure Model (GSM),extended_local_bridging,global_structure,0.3167432731161034,0.5959372747679528,-0.2791940016518494,0.3220252293064358,-0.273912045461517,14,-0.0369736933323268,0.6508624158551,False
ControlRank,Extended LBC,controlrank,extended_local_bridging,0.34848276686841856,0.6233753016128475,-0.27489253474442893,0.36563613981126514,-0.25773916180158235,14,-0.0836363636363636,0.686868686868687,False
Extended LBC,Improved closeness centrality (ICC),extended_local_bridging,improved_closeness,0.35555100955999597,0.6293844794840481,-0.2738334699240521,0.35988351915566347,-0.2695009603283846,14,-0.0181818181818182,0.707070707070707,False
delta-closeness,Extended LBC,delta_closeness,extended_local_bridging,0.36453764596089083,0.6368292185709794,-0.2722915726100886,0.37141713255053105,-0.26541208602044836,14,-0.0481564061274814,0.718621745772771,False
delta-closeness,Volume centrality,delta_closeness,volume,0.5247677009575513,0.7947619206690917,-0.26999421971154036,0.5247677009575513,-0.26999421971154036,18,0.0681005224606999,0.878059227417619,False
Extended LBC,Mixed gravitational centrality,extended_local_bridging,mixed_gravity,0.29669409495906746,0.5644686344536131,-0.2677745394945456,0.3148759131408856,-0.24959272131272747,14,-0.127272727272727,0.629120756117946,False
Volume centrality,Improved closeness centrality (ICC),volume,improved_closeness,0.4955606322434921,0.7525968575772747,-0.25703622533378256,0.4955606322434921,-0.25703622533378256,18,0.0767462508664918,0.83925106011978,False
Coleman-Theil disorder index,Random walk decay,coleman_theil,random_walk_decay,0.5328530151623122,0.7878860530185757,-0.2550330378562635,0.6078558127821561,-0.18003024023641967,13,-0.439899136909937,0.828571428571428,False
Node and Neighbor Layer Information (NINL) centrality,Volume centrality,ninl,volume,0.4586429820186595,0.7101829731008803,-0.2515399910822208,0.4586429820186595,-0.2515399910822208,18,0.0949572256483712,0.769010771292063,False
Improved global structure model (IGSM),Volume centrality,improved_global_structure,volume,0.5011876869466367,0.7515246754011388,-0.25033698845450203,0.5011876869466367,-0.25033698845450203,18,0.0949572256483712,0.904293865382895,False
Bridging capital,Volume centrality,bridging_capital,volume,0.4576464479583594,0.7069506836396579,-0.24930423568129845,0.4576464479583594,-0.24930423568129845,13,0.086545587540253,0.786407766990291,False
Dynamics-sensitive (DS) centrality,Volume centrality,dynamics_sensitive,volume,0.4625529667829577,0.7112925843052433,-0.24873961752228563,0.4625529667829577,-0.24873961752228563,18,0.0897540899964057,0.778882160695476,False
LocalRank,Volume centrality,semilocal,volume,0.4974099039875549,0.7450133919304034,-0.24760348794284848,0.4974099039875549,-0.24760348794284848,18,0.0910867057138686,0.892073678012856,False
Egocentric betweenness,Coleman-Theil disorder index,ego_betweenness,coleman_theil,0.4260796504194715,0.6717441083619778,-0.24566445794250635,0.4887164825186988,-0.18302762584327903,18,-0.51366887146087,0.731035178155078,False
Diffusion centrality,Volume centrality,diffusion_centrality,volume,0.4649027950270404,0.7102610987032772,-0.24535830367623684,0.4649027950270404,-0.24535830367623684,18,0.097558793474354,0.776699029126214,False
Extended neighborhood coreness,Volume centrality,extended_coreness,volume,0.47713607934665747,0.718336622047655,-0.24120054270099756,0.47713607934665747,-0.24120054270099756,18,0.0845509543444401,0.892073678012856,False
Extended LBC,Volume centrality,extended_local_bridging,volume,0.3028888492255691,0.5433392561332985,-0.2404504069077294,0.3104939067494911,-0.23284534938380735,13,-0.0494328739054932,0.581398908975606,False
Volume centrality,Hybrid Global Structure Model (H-GSM),volume,hybrid_global_structure,0.4894827954218845,0.7290608957881429,-0.23957810036625843,0.4894827954218845,-0.23957810036625843,18,0.10276192912632,0.839119532742687,False
Adaptive LeaderRank,Volume centrality,adaptive_leaderrank,volume,0.4423352388528524,0.681358959519255,-0.23902372066640254,0.4423352388528524,-0.23902372066640254,18,0.083279273795537,0.745632954521193,False
SpectralRank,Volume centrality,spectralrank,volume,0.46415486552892055,0.7013949046521595,-0.23724003912323893,0.46415486552892055,-0.23724003912323893,18,0.0897540899964057,0.778018595892491,False
Extended mixed gravitational centrality,Volume centrality,extended_mixed_gravity,volume,0.4487992566656274,0.6857156265600337,-0.2369163698944063,0.4487992566656274,-0.2369163698944063,18,0.0897540899964057,0.740418844117922,False
Exogenous centrality,Extended LBC,exogenous,extended_local_bridging,0.4652743085846724,0.7021472154133086,-0.2368729068286362,0.4652743085846724,-0.2368729068286362,14,0.174050239992703,0.975900072948533,False
Extended gravity centrality,Volume centrality,extended_gravity,volume,0.4664810310959997,0.7027883393590602,-0.23630730826306046,0.4664810310959997,-0.23630730826306046,18,0.0897540899964057,0.79858810864945,False
Local gravity model,Volume centrality,candidate_21,volume,0.4616950839510431,0.6966108770733375,-0.23491579312229438,0.4616950839510431,-0.23491579312229438,18,0.114247793420386,0.789001074001832,False
Multi-characteristics gravity model (MCGM),Volume centrality,mcgm,volume,0.4752646279728848,0.7096266045516527,-0.2343619765787679,0.4752646279728848,-0.2343619765787679,18,0.106390842270429,0.822825949582634,False
Expected force (ExFm),Volume centrality,modified_expected_force,volume,0.43511814265140025,0.6646191181141065,-0.2295009754627062,0.43511814265140025,-0.2295009754627062,18,0.0665735288771177,0.778882160695476,False
LineRank,Volume centrality,linerank,volume,0.45145035010008794,0.6804380866099081,-0.22898773650982018,0.45145035010008794,-0.22898773650982018,13,0.0665735288771177,0.759650502406699,False
Clustering degree algorithm (CDA),Volume centrality,cda,volume,0.47990747530207045,0.7083354605792583,-0.22842798527718788,0.47990747530207045,-0.22842798527718788,18,0.0871525221704229,0.897540983606557,False
Dynamical importance,Volume centrality,dynamical_importance,volume,0.47782199183977436,0.705669881168392,-0.22784788932861766,0.47782199183977436,-0.22784788932861766,13,0.159586263405644,0.836577135561808,False
Volume centrality,Global Structure Model (GSM),volume,global_structure,0.49506201436246267,0.7225098192126239,-0.22744780485016125,0.49506201436246267,-0.22744780485016125,18,0.0924500327042048,0.886387362975664,False
Gravity model,Volume centrality,candidate_14,volume,0.4564157816230784,0.683309020485357,-0.22689323886227863,0.4564157816230784,-0.22689323886227863,18,0.0932029404279647,0.798113818984253,False
Weighted LeaderRank,Volume centrality,weighted_leaderrank,volume,0.415572812111849,0.6374369809084353,-0.22186416879658627,0.415572812111849,-0.22186416879658627,18,0.0607947670116738,0.730650284741002,False
Graph regularization centrality (GRC),Volume centrality,graph_regularization,volume,0.444064079599927,0.6645716714655204,-0.22050759186559343,0.444064079599927,-0.22050759186559343,18,0.0607947670116738,0.81734547727303,False
ControlRank,Volume centrality,controlrank,volume,0.4696473575963053,0.6852222754941362,-0.21557491789783084,0.4696473575963053,-0.21557491789783084,13,0.0607947670116738,0.894272110428139,False
Godfather index,Coleman-Theil disorder index,godfather,coleman_theil,0.48515884338117055,0.694695318717279,-0.20953647533610842,0.5404083053921536,-0.1542870133251254,18,-0.497245158098847,0.800592373276281,False
Mixed gravitational centrality,Volume centrality,mixed_gravity,volume,0.47702680975614886,0.6841093944498129,-0.20708258469366403,0.47702680975614886,-0.20708258469366403,18,0.100160361300337,0.896147073802869,False
Volume centrality,X-degree centrality,volume,x_degree,0.4818316914605979,0.6810839602539437,-0.1992522687933458,0.4818316914605979,-0.1992522687933458,18,0.0923556578223884,0.900220469592882,False
Support,Volume centrality,support,volume,0.3971516281155058,0.5912072870962645,-0.19405565898075866,0.3971516281155058,-0.19405565898075866,17,0.0942867245060316,0.738965260416047,False
BG-index,Coleman-Theil disorder index,beta_measure,coleman_theil,0.5150159578736184,0.7053730061387244,-0.19035704826510602,0.5995704444677289,-0.10580256167099555,18,-0.454478526250224,0.831578947368421,False
beta-measure,Coleman-Theil disorder index,beta_measure,coleman_theil,0.5150159578736184,0.7053730061387244,-0.19035704826510602,0.5995704444677289,-0.10580256167099555,18,-0.454478526250224,0.831578947368421,False
Mixed Degree Decomposition (MDD),Volume centrality,mdd,volume,0.4282102011285264,0.6140704791263647,-0.18586027799783827,0.4282102011285264,-0.18586027799783827,18,0.0644894592018623,0.813415579948214,False
Map Equation Centrality (MEC),Volume centrality,map_equation,volume,0.4250032984067682,0.6108070289745082,-0.18580373056774002,0.4250032984067682,-0.18580373056774002,18,0.054868640470248,0.738965260416047,False
Exogenous centrality,Volume centrality,exogenous,volume,0.5333423668799173,0.7168015862217825,-0.18345921934186515,0.5333423668799173,-0.18345921934186515,13,0.0816553287986233,0.83881186468219,False
Godfather index,Map Equation Centrality (MEC),godfather,map_equation,0.8800413563445258,0.6999506415653832,0.18009071477914262,0.8800413563445258,0.18009071477914262,19,0.685671463400755,1.0,False
k-betweenness,Coleman-Theil disorder index,candidate_18,coleman_theil,0.46251618913675646,0.6412339794599546,-0.17871779032319818,0.5385330292240358,-0.10270095023591885,18,-0.635356557138087,0.739850460569709,False
Length-scaled betweenness,Coleman-Theil disorder index,length_scaled_betweenness,coleman_theil,0.46208363437674993,0.6377819237965001,-0.1756982894197502,0.5482284864036551,-0.08955343739284505,18,-0.677713660947293,0.739850460569709,False
Volume centrality,MCC,volume,mcc,0.4146199373796598,0.5883456418965028,-0.17372570451684305,0.4146199373796598,-0.17372570451684305,13,0.0237825747077247,0.687828479395224,False
delta-betweenness,Coleman-Theil disorder index,delta_betweenness,coleman_theil,0.46984511136221563,0.6408068601909311,-0.1709617488287155,0.5494895704653054,-0.0913172897256257,18,-0.642675200261698,0.739850460569709,False
Godfather index,ControlRank,godfather,controlrank,0.8249064208622686,0.6542205579539109,0.17068586290835774,0.8249064208622686,0.17068586290835774,14,0.700876644050462,0.937315846874363,False
delta-closeness,Godfather index,delta_closeness,godfather,0.8294321246226024,0.6592007794802693,0.17023134514233307,0.8294321246226024,0.17023134514233307,19,0.668076908681485,0.941057533311887,False
Proximal betwenness,Coleman-Theil disorder index,proximal_betweenness,coleman_theil,0.47554170771565046,0.6425437476033298,-0.1670020398876793,0.5469500633002836,-0.09559368430304616,18,-0.642675200261698,0.739850460569709,False
Volume centrality,k-truss number,volume,truss,0.37427332817183406,0.5405313354733433,-0.16625800730150925,0.38272261724720513,-0.15780871822613818,17,-0.0718189571406541,0.816200780975647,False
delta-closeness,Random walk decay,delta_closeness,random_walk_decay,0.8332756357216261,0.6721332280878749,0.1611424076337512,0.8332756357216261,0.1611424076337512,14,0.611725715679586,0.95880787346908,False
Godfather index,Random walk decay,godfather,random_walk_decay,0.9007765653138312,0.7460461912950168,0.1547303740188144,0.9007765653138312,0.1547303740188144,14,0.791020264561033,0.958015718893515,False
Godfather index,Bridging capital,godfather,bridging_capital,0.7905971826345319,0.6362552976965911,0.15434188493794088,0.7905971826345319,0.15434188493794088,14,0.675448372242515,0.92844816780313,False
Proximal betwenness,Volume centrality,proximal_betweenness,volume,0.3788823845047011,0.5329013829479746,-0.15401899844327355,0.38184213308722603,-0.1510592498607486,18,-0.0266377372427243,0.643596534822061,False
Random walk decay,k-truss number,random_walk_decay,truss,0.5318897524815518,0.6845255666317653,-0.15263581415021354,0.5318897524815518,-0.15263581415021354,13,0.353919198648283,0.682623443762933,False
Support,k-truss number,support,truss,0.7217559358140617,0.8726767724537265,-0.15092083663966482,0.7217559358140617,-0.15092083663966482,18,0.509759771850188,0.921132372943677,False
k-betweenness,Volume centrality,candidate_18,volume,0.3998676492726623,0.5504623404763191,-0.15059469120365687,0.4028273978551872,-0.14763494262113197,18,-0.0266377372427243,0.659890117982113,False
delta-closeness,Malatya centrality,delta_closeness,malatya,0.8118651454293467,0.6617743404298204,0.15009080499952632,0.8118651454293467,0.15009080499952632,19,0.531139094452335,0.933781893084895,False
Godfather index,Global Structure Model (GSM),godfather,global_structure,0.7738802798969733,0.624541173380013,0.14933910651696025,0.7738802798969733,0.14933910651696025,19,0.599639902662208,0.867188764950234,False
delta-betweenness,Volume centrality,delta_betweenness,volume,0.39402085882437365,0.5432033536788374,-0.14918249485446378,0.39698060740689856,-0.14622274627193887,18,-0.0266377372427243,0.647669930612074,False
Length-scaled betweenness,Volume centrality,length_scaled_betweenness,volume,0.3945502755840035,0.5431163752437571,-0.1485660996597536,0.3975100241665284,-0.1456063510772287,18,-0.0266377372427243,0.6558167221921,False
Egocentric betweenness,Volume centrality,ego_betweenness,volume,0.3921610472587157,0.5405567215022686,-0.14839567424355293,0.40103361436995805,-0.1395231071323106,18,-0.0798531040011813,0.708820981959493,False
ControlRank,k-truss number,controlrank,truss,0.6096483536129828,0.7569276653134157,-0.14727931170043296,0.6096483536129828,-0.14727931170043296,13,0.418268143857062,0.778318319056802,False
Malatya centrality,k-truss number,malatya,truss,0.5518768393185186,0.6966968908199419,-0.1448200515014233,0.5518768393185186,-0.1448200515014233,18,0.393106813770719,0.676243785410008,False
delta-closeness,BG-index,delta_closeness,beta_measure,0.7204845281430133,0.5764958575997331,0.14398867054328024,0.7204845281430133,0.14398867054328024,19,0.465204586175493,0.874345189672456,False
delta-closeness,beta-measure,delta_closeness,beta_measure,0.7204845281430133,0.5764958575997331,0.14398867054328024,0.7204845281430133,0.14398867054328024,19,0.465204586175493,0.874345189672456,False
Godfather index,Graph regularization centrality (GRC),godfather,graph_regularization,0.8374729875520658,0.6936342787089409,0.14383870884312489,0.8374729875520658,0.14383870884312489,19,0.667193215757672,0.941615460850851,False
Mixed Degree Decomposition (MDD),k-truss number,mdd,truss,0.6844424134470494,0.8272469380643738,-0.1428045246173244,0.6844424134470494,-0.1428045246173244,18,0.49797830453026,0.814410430886145,False
Godfather index,Volume centrality,godfather,volume,0.41074480639783095,0.5496631228905048,-0.13891831649267383,0.4128653092330825,-0.13679781365742227,18,-0.0190845255172644,0.720825003886423,False
Godfather index,LineRank,godfather,linerank,0.8120109206375631,0.6743786500929231,0.13763227054464,0.8120109206375631,0.13763227054464,14,0.697733441883693,0.937315846874363,False
BG-index,k-truss number,beta_measure,truss,0.46205057387821774,0.5988273480335945,-0.13677677415537676,0.46205057387821774,-0.13677677415537676,18,0.160872363021947,0.617770368180963,False
beta-measure,k-truss number,beta_measure,truss,0.46205057387821774,0.5988273480335945,-0.13677677415537676,0.46205057387821774,-0.13677677415537676,18,0.160872363021947,0.617770368180963,False
Godfather index,Adaptive LeaderRank,godfather,adaptive_leaderrank,0.7664684766624763,0.6328949594896079,0.13357351717286836,0.7664684766624763,0.13357351717286836,19,0.566614192503607,0.913142738301198,False
Godfather index,Malatya centrality,godfather,malatya,0.8763895196404484,0.7434776615273901,0.13291185811305828,0.8763895196404484,0.13291185811305828,19,0.718066698459195,0.955823681676094,False
Exogenous centrality,k-truss number,exogenous,truss,0.5341817037766737,0.6670214588728981,-0.13283975509622437,0.5589312980877424,-0.10809016078515565,13,-0.160872363021947,0.774566270847765,False
Godfather index,Dynamical importance,godfather,dynamical_importance,0.7147907208000746,0.5826970305286961,0.1320936902713784,0.7147907208000746,0.1320936902713784,14,0.512166037127392,0.832391372909808,False
Godfather index,Weighted LeaderRank,godfather,weighted_leaderrank,0.8049328318904996,0.6729323707448064,0.1320004611456932,0.8049328318904996,0.1320004611456932,19,0.612149775457664,0.941615460850851,False
Godfather index,Extended mixed gravitational centrality,godfather,extended_mixed_gravity,0.7501690304222169,0.6184616660702348,0.13170736435198216,0.7501690304222169,0.13170736435198216,19,0.57045019947281,0.88142086518002,False
Map Equation Centrality (MEC),k-truss number,map_equation,truss,0.6657727758694069,0.7940084148952994,-0.12823563902589252,0.6657727758694069,-0.12823563902589252,18,0.475224362326978,0.788844707751204,False
Godfather index,Expected force (ExFm),godfather,modified_expected_force,0.8114424397970789,0.6835878673028452,0.1278545724942337,0.8114424397970789,0.1278545724942337,19,0.643841453206154,0.941615460850851,False
Graph regularization centrality (GRC),k-truss number,graph_regularization,truss,0.6434411181702294,0.7696823166894398,-0.12624119851921034,0.6434411181702294,-0.12624119851921034,18,0.430769415769376,0.781508148233264,False
delta-closeness,Map Equation Centrality (MEC),delta_closeness,map_equation,0.9156898185228,0.790347636056818,0.12534218246598194,0.9156898185228,0.12534218246598194,19,0.718620964442134,1.0,False
Godfather index,Multi-characteristics gravity model (MCGM),godfather,mcgm,0.7506953313309769,0.6262551086319885,0.12444022269898836,0.7506953313309769,0.12444022269898836,19,0.592133978984934,0.856222618759987,False
Godfather index,Extended gravity centrality,godfather,extended_gravity,0.7327518882315387,0.6085077284687082,0.12424415976283054,0.7327518882315387,0.12424415976283054,19,0.566280241874324,0.868522023250556,False
LineRank,k-truss number,linerank,truss,0.6394704880393846,0.763281925629157,-0.12381143758977242,0.6394704880393846,-0.12381143758977242,13,0.472289359457991,0.781508148233264,False
Volume centrality,Malatya centrality,volume,malatya,0.3504456625695353,0.4742436714925061,-0.12379800892297083,0.35213567535262913,-0.122107996139877,18,-0.0152101150478441,0.65105430400106,False
Godfather index,Gravity model,godfather,candidate_14,0.8020606436969645,0.6790622682867375,0.12299837541022696,0.8020606436969645,0.12299837541022696,19,0.652181368403125,0.920117390968411,False
BG-index,Volume centrality,beta_measure,volume,0.2815520462667438,0.40233579636045164,-0.12078375009370784,0.28577707822447823,-0.1165587181359734,18,-0.0380252876196102,0.538803561931912,False
beta-measure,Volume centrality,beta_measure,volume,0.2815520462667438,0.40233579636045164,-0.12078375009370784,0.28577707822447823,-0.1165587181359734,18,-0.0380252876196102,0.538803561931912,False
Map Equation Centrality (MEC),Random walk decay,map_equation,random_walk_decay,0.9114306474723984,0.7918246517076883,0.1196059957647101,0.9114306474723984,0.1196059957647101,14,0.780720058358827,0.965821003459758,False
Godfather index,Hybrid Global Structure Model (H-GSM),godfather,hybrid_global_structure,0.7567929606584437,0.6378918128852431,0.1189011477732006,0.7567929606584437,0.1189011477732006,19,0.593815695220164,0.88467253978266,False
Weighted LeaderRank,k-truss number,weighted_leaderrank,truss,0.6694608520651303,0.788069045963776,-0.11860819389864574,0.6694608520651303,-0.11860819389864574,18,0.479236872951011,0.798274413303594,False
Godfather index,Mixed Degree Decomposition (MDD),godfather,mdd,0.8370050847873552,0.7184955581320461,0.11850952665530912,0.8370050847873552,0.11850952665530912,19,0.639733240754004,0.983304336011259,False
Mixed gravitational centrality,k-truss number,mixed_gravity,truss,0.6948385440690275,0.8133275480127644,-0.11848900394373696,0.6948385440690275,-0.11848900394373696,18,0.489838126649507,0.819660085789521,False
Godfather index,Node and Neighbor Layer Information (NINL) centrality,godfather,ninl,0.734749392140277,0.6163469654104413,0.1184024267298357,0.734749392140277,0.1184024267298357,19,0.582960072268266,0.859922795297581,False
Volume centrality,Random walk decay,volume,random_walk_decay,0.36949139205556286,0.4875759581192882,-0.11808456606372536,0.3718296523252426,-0.1157463057940456,13,-0.0151986917529184,0.612825877028341,False
Godfather index,Egocentric betweenness,godfather,ego_betweenness,0.8602294635002855,0.9777473046443955,-0.11751784114411001,0.8602294635002855,-0.11751784114411001,19,0.667984854317183,1.0,False
ControlRank,Random walk decay,controlrank,random_walk_decay,0.805890163085487,0.6932711605866242,0.11261900249886281,0.805890163085487,0.11261900249886281,14,0.676190476190476,0.91743119266055,False
MCC,k-truss number,mcc,truss,0.7545438980453426,0.8670381985780421,-0.11249430053269949,0.7545438980453426,-0.11249430053269949,13,0.612139333965927,0.839044131536203,False
Godfather index,Mixed gravitational centrality,godfather,mixed_gravity,0.7056022703173646,0.5932094220632231,0.11239284825414142,0.7056022703173646,0.11239284825414142,19,0.50474334093714,0.812648926812254,False
Expected force (ExFm),k-truss number,modified_expected_force,truss,0.6659195173353627,0.7767080835551152,-0.11078856621975253,0.6659195173353627,-0.11078856621975253,18,0.472289359457991,0.781508148233264,False
Bridging capital,k-truss number,bridging_capital,truss,0.6564275300867101,0.7657068055820354,-0.10927927549532535,0.6564275300867101,-0.10927927549532535,13,0.480105289831948,0.778318319056802,False
Support,Godfather index,support,godfather,0.7695605989303806,0.6604777214642955,0.10908287746608514,0.7695605989303806,0.10908287746608514,18,0.389249472080761,0.941057533311887,False
Gravity model,k-truss number,candidate_14,truss,0.6683992003767807,0.7761454300115115,-0.1077462296347308,0.6683992003767807,-0.1077462296347308,18,0.472289359457991,0.79135840952056,False
Godfather index,Dynamics-sensitive (DS) centrality,godfather,dynamics_sensitive,0.7435206516610947,0.6358312559523829,0.10768939570871183,0.7435206516610947,0.10768939570871183,19,0.57897030283966,0.911518163015436,False
Global Structure Model (GSM),Random walk decay,global_structure,random_walk_decay,0.7726865592431758,0.6676635525186676,0.10502300672450815,0.7726865592431758,0.10502300672450815,14,0.582648644794215,0.869440875563559,False
Bridging capital,Random walk decay,bridging_capital,random_walk_decay,0.7731096676577847,0.6687299114385568,0.1043797562192279,0.7731096676577847,0.1043797562192279,14,0.67064971940873,0.90519877675841,False
Godfather index,k-betweenness,godfather,candidate_18,0.8363488060786539,0.9407004699682465,-0.1043516638895926,0.8363488060786539,-0.1043516638895926,19,0.615587011251092,0.929743312638483,False
Godfather index,Improved global structure model (IGSM),godfather,improved_global_structure,0.7351125428252485,0.6314438795596087,0.10366866326563984,0.7351125428252485,0.10366866326563984,19,0.57897030283966,0.853536923129852,False
Egocentric betweenness,Proximal betwenness,ego_betweenness,proximal_betweenness,0.8547717162776793,0.9580244070860515,-0.10325269080837218,0.8547717162776793,-0.10325269080837218,19,0.709366983993943,0.945181272905181,False
Godfather index,Diffusion centrality,godfather,diffusion_centrality,0.7368616660975015,0.6351805353524409,0.10168113074506058,0.7368616660975015,0.10168113074506058,19,0.582644804104846,0.871554417216795,False
ControlRank,Proximal betwenness,controlrank,proximal_betweenness,0.7173731856289642,0.6160257320066612,0.10134745362230302,0.7173731856289642,0.10134745362230302,14,0.557033673064764,0.812817344593504,False
Godfather index,Local gravity model,godfather,candidate_21,0.7773772296339206,0.6763751208810198,0.10100210875290083,0.7773772296339206,0.10100210875290083,19,0.620925114833085,0.912442155308447,False
Exogenous centrality,LocalRank,exogenous,semilocal,0.7209080793347565,0.821827979331826,-0.10091989999706952,0.7209080793347565,-0.10091989999706952,14,0.238095238095238,0.929421568186718,False
Egocentric betweenness,k-betweenness,ego_betweenness,candidate_18,0.8546810855960495,0.955301092759979,-0.10062000716392949,0.8546810855960495,-0.10062000716392949,19,0.706617499559858,0.945181272905181,False
delta-closeness,Mixed Degree Decomposition (MDD),delta_closeness,mdd,0.8995162127646517,0.7989306377945731,0.10058557497007858,0.8995162127646517,0.10058557497007858,19,0.691315133042279,0.98864345620267,False
Length-scaled betweenness,Egocentric betweenness,length_scaled_betweenness,ego_betweenness,0.8484955870592068,0.9488288625951982,-0.10033327553599136,0.8484955870592068,-0.10033327553599136,19,0.66688592885535,0.945181272905181,False
Mixed Degree Decomposition (MDD),MCC,mdd,mcc,0.8423110369257807,0.9417425627445819,-0.09943152581880121,0.8423110369257807,-0.09943152581880121,14,0.630400796429894,1.0,False
Egocentric betweenness,delta-betweenness,ego_betweenness,delta_betweenness,0.854243028765928,0.9535484084142644,-0.09930537964833641,0.854243028765928,-0.09930537964833641,19,0.701357850179277,0.945181272905181,False
Map Equation Centrality (MEC),Malatya centrality,map_equation,malatya,0.8997726493319943,0.8013381501991238,0.0984344991328705,0.8997726493319943,0.0984344991328705,19,0.84463875955721,0.940734743629634,False
Length-scaled betweenness,Godfather index,length_scaled_betweenness,godfather,0.8368392346985633,0.933805314392042,-0.0969660796934787,0.8368392346985633,-0.0969660796934787,19,0.564288093646835,0.932832160853228,False
Godfather index,Proximal betwenness,godfather,proximal_betweenness,0.8454317091054881,0.9420635845198133,-0.09663187541432516,0.8454317091054881,-0.09663187541432516,19,0.66688592885535,0.932832160853228,False
BG-index,Map Equation Centrality (MEC),beta_measure,map_equation,0.8024365423003097,0.7064478467100812,0.09598869559022849,0.8024365423003097,0.09598869559022849,19,0.634335047416547,0.912415928463989,False
beta-measure,Map Equation Centrality (MEC),beta_measure,map_equation,0.8024365423003097,0.7064478467100812,0.09598869559022849,0.8024365423003097,0.09598869559022849,19,0.634335047416547,0.912415928463989,False
Extended mixed gravitational centrality,Random walk decay,extended_mixed_gravity,random_walk_decay,0.7455903621205083,0.6502654601835677,0.09532490193694065,0.7455903621205083,0.09532490193694065,14,0.58029197080292,0.84,False
delta-betweenness,ControlRank,delta_betweenness,controlrank,0.720591011650636,0.6263493088149874,0.09424170283564859,0.720591011650636,0.09424170283564859,14,0.557033673064764,0.821862348178138,False
Exogenous centrality,Improved closeness centrality (ICC),exogenous,improved_closeness,0.7482483864358385,0.8416770927172286,-0.0934287062813901,0.7482483864358385,-0.0934287062813901,14,0.49944851476167,0.93688680166613,False
Godfather index,Improved closeness centrality (ICC),godfather,improved_closeness,0.7464363011151255,0.6531415425880432,0.09329475852708224,0.7464363011151255,0.09329475852708224,19,0.552147808431216,0.859922795297581,False
Exogenous centrality,MCC,exogenous,mcc,0.6762644059882881,0.7692733713186504,-0.09300896533036229,0.6762644059882881,-0.09300896533036229,14,0.238095238095238,0.855973879233304,False
Godfather index,SpectralRank,godfather,spectralrank,0.7370943148144433,0.6442209157130458,0.09287339910139747,0.7370943148144433,0.09287339910139747,19,0.564124910459156,0.877121251203532,False
Godfather index,delta-betweenness,godfather,delta_betweenness,0.8455663213270956,0.9381395639598086,-0.09257324263271294,0.8455663213270956,-0.09257324263271294,19,0.597452983486051,0.932832160853228,False
Adaptive LeaderRank,Random walk decay,adaptive_leaderrank,random_walk_decay,0.7626828759963971,0.6702720689678449,0.0924108070285522,0.7626828759963971,0.0924108070285522,14,0.670349400504001,0.84,False
Egocentric betweenness,k-truss number,ego_betweenness,truss,0.3580646283303765,0.45018793039921395,-0.09212330206883745,0.3580646283303765,-0.09212330206883745,18,0.0313112145542575,0.627998354409125,False
Support,delta-closeness,support,delta_closeness,0.8738493517046712,0.7832606786794711,0.09058867302520002,0.8738493517046712,0.09058867302520002,18,0.329072590857209,1.0,False
Length-scaled betweenness,ControlRank,length_scaled_betweenness,controlrank,0.714857731894124,0.6246018518897893,0.09025588000433471,0.714857731894124,0.09025588000433471,14,0.553734980533309,0.812817344593504,False
ControlRank,k-betweenness,controlrank,candidate_18,0.7145697206929369,0.6247978500956207,0.08977187059731617,0.7145697206929369,0.08977187059731617,14,0.502733074431557,0.812817344593504,False
Mixed gravitational centrality,MCC,mixed_gravity,mcc,0.788909454260551,0.8778883014046259,-0.08897884714407489,0.788909454260551,-0.08897884714407489,14,0.617935367620005,1.0,False
delta-betweenness,Map Equation Centrality (MEC),delta_betweenness,map_equation,0.7348786821943722,0.6460968035341755,0.08878187866019671,0.7348786821943722,0.08878187866019671,19,0.379777262656375,0.868522023250556,False
Exogenous centrality,Extended neighborhood coreness,exogenous,extended_coreness,0.7208884456973225,0.8096113049045689,-0.08872285920724643,0.7208884456973225,-0.08872285920724643,14,0.238095238095238,0.929421568186718,False
delta-betweenness,Random walk decay,delta_betweenness,random_walk_decay,0.7934954985858352,0.7048615639936908,0.08863393459214441,0.7934954985858352,0.08863393459214441,14,0.617707763884251,0.910625240830897,False
ControlRank,BG-index,controlrank,beta_measure,0.6860073767829945,0.5976066682364752,0.08840070854651927,0.6860073767829945,0.08840070854651927,14,0.428571428571429,0.822556390977443,False
ControlRank,beta-measure,controlrank,beta_measure,0.6860073767829945,0.5976066682364752,0.08840070854651927,0.6860073767829945,0.08840070854651927,14,0.428571428571429,0.822556390977443,False
Global Structure Model (GSM),k-truss number,global_structure,truss,0.6796711027035448,0.7678873356967584,-0.08821623299321357,0.6796711027035448,-0.08821623299321357,18,0.480212753369822,0.815006808764416,False
Exogenous centrality,Improved global structure model (IGSM),exogenous,improved_global_structure,0.7626745503433185,0.8501764321272832,-0.08750188178396467,0.7626745503433185,-0.08750188178396467,14,0.238095238095238,0.944352035145541,False
Node and Neighbor Layer Information (NINL) centrality,Random walk decay,ninl,random_walk_decay,0.7285778777828491,0.6412058547562718,0.08737202302657732,0.7285778777828491,0.08737202302657732,14,0.532846715328467,0.840978593272171,False
Bridging capital,BG-index,bridging_capital,beta_measure,0.6633296655856418,0.5766628886861844,0.08666677689945734,0.6633296655856418,0.08666677689945734,14,0.500497739839471,0.801223241590214,False
Bridging capital,beta-measure,bridging_capital,beta_measure,0.6633296655856418,0.5766628886861844,0.08666677689945734,0.6633296655856418,0.08666677689945734,14,0.500497739839471,0.801223241590214,False
Proximal betwenness,Map Equation Centrality (MEC),proximal_betweenness,map_equation,0.7343703943545296,0.6486847867495371,0.08568560760499244,0.7343703943545296,0.08568560760499244,19,0.45,0.867312920753188,False
Local gravity model,k-truss number,candidate_21,truss,0.6845943135466342,0.7702038453256737,-0.0856095317790394,0.6845943135466342,-0.0856095317790394,18,0.514746057439622,0.803721312729407,False
Global Structure Model (GSM),Malatya centrality,global_structure,malatya,0.7547041547243549,0.6693660791529575,0.08533807557139739,0.7547041547243549,0.08533807557139739,19,0.574169251763215,0.851007500109915,False
Multi-characteristics gravity model (MCGM),k-truss number,mcgm,truss,0.6901575805851101,0.7754000721474474,-0.08524249156233732,0.6901575805851101,-0.08524249156233732,18,0.513809303146605,0.817483033768832,False
Godfather index,BG-index,godfather,beta_measure,0.8114988473417935,0.7266698388198084,0.08482900852198505,0.8114988473417935,0.08482900852198505,19,0.668027207277369,0.963204559526875,False
Godfather index,beta-measure,godfather,beta_measure,0.8114988473417935,0.7266698388198084,0.08482900852198505,0.8114988473417935,0.08482900852198505,19,0.668027207277369,0.963204559526875,False
Extended mixed gravitational centrality,k-truss number,extended_mixed_gravity,truss,0.6937302975344951,0.7785460116384312,-0.08481571410393607,0.6937302975344951,-0.08481571410393607,18,0.461909373535837,0.828368293872278,False
Graph regularization centrality (GRC),Random walk decay,graph_regularization,random_walk_decay,0.8200564095869721,0.7355062640972808,0.08455014548969131,0.8200564095869721,0.08455014548969131,14,0.741176470588235,0.920489296636086,False
Exogenous centrality,Clustering degree algorithm (CDA),exogenous,cda,0.7412229712792953,0.8256201818826482,-0.08439721060335292,0.7412229712792953,-0.08439721060335292,14,0.238095238095238,0.929421568186718,False
BG-index,Global Structure Model (GSM),beta_measure,global_structure,0.6611550472511256,0.5769817736167933,0.08417327363433236,0.6611550472511256,0.08417327363433236,19,0.490407286363818,0.792635144506708,False
beta-measure,Global Structure Model (GSM),beta_measure,global_structure,0.6611550472511256,0.5769817736167933,0.08417327363433236,0.6611550472511256,0.08417327363433236,19,0.490407286363818,0.792635144506708,False
Godfather index,Extended neighborhood coreness,godfather,extended_coreness,0.6957277118859184,0.6116576609326201,0.08407005095329834,0.6957277118859184,0.08407005095329834,19,0.500977463440321,0.818773518138277,False
Godfather index,Clustering degree algorithm (CDA),godfather,cda,0.7112678453474737,0.6281868467445456,0.08308099860292806,0.7112678453474737,0.08308099860292806,19,0.527011429507896,0.828986909216925,False
X-degree centrality,k-truss number,x_degree,truss,0.6991487565409279,0.7821334957448071,-0.08298473920387917,0.6991487565409279,-0.08298473920387917,18,0.513809303146605,0.839660070615681,False
Length-scaled betweenness,Map Equation Centrality (MEC),length_scaled_betweenness,map_equation,0.7259937747636995,0.6430528890394127,0.08294088572428682,0.7259937747636995,0.08294088572428682,19,0.35,0.867312920753188,False
Godfather index,LocalRank,godfather,semilocal,0.6891362925513883,0.6067277195360773,0.08240857301531102,0.6891362925513883,0.08240857301531102,19,0.475052556176132,0.825270729795574,False
delta-betweenness,BG-index,delta_betweenness,beta_measure,0.7834439569867983,0.7022114797123785,0.08123247727441973,0.7834439569867983,0.08123247727441973,19,0.469457900552031,0.909704965267364,False
delta-betweenness,beta-measure,delta_betweenness,beta_measure,0.7834439569867983,0.7022114797123785,0.08123247727441973,0.7834439569867983,0.08123247727441973,19,0.469457900552031,0.909704965267364,False
Random walk decay,Hybrid Global Structure Model (H-GSM),random_walk_decay,hybrid_global_structure,0.7492541787767055,0.6680830472987473,0.08117113147795818,0.7492541787767055,0.08117113147795818,14,0.621818181818182,0.84,False
Exogenous centrality,Diffusion centrality,exogenous,diffusion_centrality,0.7481743635637301,0.8291215305251243,-0.08094716696139415,0.7481743635637301,-0.08094716696139415,14,0.238095238095238,0.9429719493311,False
Length-scaled betweenness,Random walk decay,length_scaled_betweenness,random_walk_decay,0.7820678956932744,0.7015925674344741,0.08047532825880033,0.7820678956932744,0.08047532825880033,14,0.58554004376912,0.910625240830897,False
Extended gravity centrality,Random walk decay,extended_gravity,random_walk_decay,0.71652592271014,0.6361410514384995,0.08038487127164051,0.71652592271014,0.08038487127164051,14,0.503649635036496,0.84,False
Proximal betwenness,Random walk decay,proximal_betweenness,random_walk_decay,0.7959015375291871,0.7155668363434514,0.08033470118573571,0.7959015375291871,0.08033470118573571,14,0.648452806150849,0.910625240830897,False
Weighted LeaderRank,Random walk decay,weighted_leaderrank,random_walk_decay,0.77963901854322,0.6993924637293635,0.08024655481385656,0.77963901854322,0.08024655481385656,14,0.6,0.892966360856269,False
ControlRank,Malatya centrality,controlrank,malatya,0.7697991034226913,0.6897025216752825,0.08009658174740886,0.7697991034226913,0.08009658174740886,14,0.535891301645667,0.871559633027523,False
Graph regularization centrality (GRC),Malatya centrality,graph_regularization,malatya,0.8053834760310432,0.7253595170468562,0.08002395898418702,0.8053834760310432,0.08002395898418702,19,0.631586176939536,0.904761904761905,False
Dynamical importance,Random walk decay,dynamical_importance,random_walk_decay,0.6875719953801004,0.6075621668273414,0.08000982855275895,0.6875719953801004,0.08000982855275895,14,0.489051094890511,0.847272727272727,False
Graph regularization centrality (GRC),BG-index,graph_regularization,beta_measure,0.7118416152477327,0.6320876286146504,0.07975398663308231,0.7118416152477327,0.07975398663308231,19,0.54810226123015,0.825563909774436,False
Graph regularization centrality (GRC),beta-measure,graph_regularization,beta_measure,0.7118416152477327,0.6320876286146504,0.07975398663308231,0.7118416152477327,0.07975398663308231,19,0.54810226123015,0.825563909774436,False
Adaptive LeaderRank,k-truss number,adaptive_leaderrank,truss,0.7065066100414067,0.7855576892755766,-0.07905107923416987,0.7065066100414067,-0.07905107923416987,18,0.520896923264995,0.827008157120116,False
MCC,X-degree centrality,mcc,x_degree,0.7683062664986975,0.8470360312082468,-0.07872976470954929,0.7683062664986975,-0.07872976470954929,14,0.607342019081575,0.988023520059354,False
ControlRank,X-degree centrality,controlrank,x_degree,0.8023668042505127,0.8809016628198754,-0.07853485856936271,0.8023668042505127,-0.07853485856936271,14,0.650649635161038,0.949090909090909,False
Exogenous centrality,Local gravity model,exogenous,candidate_21,0.7756904858728914,0.854022667052508,-0.0783321811796166,0.7756904858728914,-0.0783321811796166,14,0.238095238095238,0.957800405959462,False
Exogenous centrality,SpectralRank,exogenous,spectralrank,0.7541464511440374,0.83211853904142,-0.07797208789738252,0.7541464511440374,-0.07797208789738252,14,0.238095238095238,0.93688680166613,False
delta-closeness,Proximal betwenness,delta_closeness,proximal_betweenness,0.7094598308727728,0.6315172893451033,0.07794254152766944,0.7094598308727728,0.07794254152766944,19,0.487950036474267,0.867312920753188,False
Bridging capital,Malatya centrality,bridging_capital,malatya,0.7473012836482623,0.6693758484547845,0.07792543519347783,0.7473012836482623,0.07792543519347783,14,0.566984524467593,0.859327217125382,False
delta-closeness,Weighted LeaderRank,delta_closeness,weighted_leaderrank,0.8816793436372385,0.8050664741463028,0.07661286949093571,0.8816793436372385,0.07661286949093571,19,0.677149012299066,0.977577358757219,False
MCC,Malatya centrality,mcc,malatya,0.733850169533974,0.8103145089962941,-0.07646433946232012,0.733850169533974,-0.07646433946232012,14,0.57981993465609,0.933962017461948,False
k-betweenness,Random walk decay,candidate_18,random_walk_decay,0.7820032901588757,0.7056245474670195,0.07637874269185618,0.7820032901588757,0.07637874269185618,14,0.575592940291203,0.910625240830897,False
Exogenous centrality,Hybrid Global Structure Model (H-GSM),exogenous,hybrid_global_structure,0.7790564173179787,0.8552071263721129,-0.07615070905413424,0.7790564173179787,-0.07615070905413424,14,0.238095238095238,0.949982893192298,False
delta-betweenness,Malatya centrality,delta_betweenness,malatya,0.7714635879792031,0.6954928400955782,0.0759707478836249,0.7714635879792031,0.0759707478836249,19,0.518874521662771,0.913080493895443,False
k-betweenness,Map Equation Centrality (MEC),candidate_18,map_equation,0.7252015634205994,0.649518346327711,0.07568321709288839,0.7252015634205994,0.07568321709288839,19,0.4,0.867312920753188,False
Egocentric betweenness,ControlRank,ego_betweenness,controlrank,0.7092150715542138,0.6336978578509508,0.07551721370326303,0.7092150715542138,0.07551721370326303,14,0.44607617871755,0.937315846874363,False
Exogenous centrality,Dynamics-sensitive (DS) centrality,exogenous,dynamics_sensitive,0.7529146835156745,0.8283893709380774,-0.07547468742240293,0.7529146835156745,-0.07547468742240293,14,0.238095238095238,0.944352035145541,False
Length-scaled betweenness,BG-index,length_scaled_betweenness,beta_measure,0.7744034685729193,0.6991270424276097,0.0752764261453096,0.7744034685729193,0.0752764261453096,19,0.43915503282684,0.909704965267364,False
Length-scaled betweenness,beta-measure,length_scaled_betweenness,beta_measure,0.7744034685729193,0.6991270424276097,0.0752764261453096,0.7744034685729193,0.0752764261453096,19,0.43915503282684,0.909704965267364,False
Support,MCC,support,mcc,0.8091605281964998,0.8841844916027412,-0.0750239634062414,0.8091605281964998,-0.0750239634062414,13,0.645727674628685,0.988023520059354,False
delta-closeness,Graph regularization centrality (GRC),delta_closeness,graph_regularization,0.9105670900465004,0.835553901046198,0.0750131890003024,0.9105670900465004,0.0750131890003024,19,0.73515042408526,1.0,False
Exogenous centrality,X-degree centrality,exogenous,x_degree,0.7032005888033096,0.7778912476933246,-0.07469065889001503,0.7032005888033096,-0.07469065889001503,14,0.216883211720346,0.914491101227895,False
Dynamics-sensitive (DS) centrality,k-truss number,dynamics_sensitive,truss,0.6908574011343124,0.7654709099081828,-0.07461350877387041,0.6908574011343124,-0.07461350877387041,18,0.493049331302298,0.832722397913657,False
Proximal betwenness,BG-index,proximal_betweenness,beta_measure,0.7889798955556194,0.7148377267530694,0.07414216880254998,0.7889798955556194,0.07414216880254998,19,0.536745040121693,0.909704965267364,False
Proximal betwenness,beta-measure,proximal_betweenness,beta_measure,0.7889798955556194,0.7148377267530694,0.07414216880254998,0.7889798955556194,0.07414216880254998,19,0.536745040121693,0.909704965267364,False
Adaptive LeaderRank,Malatya centrality,adaptive_leaderrank,malatya,0.7489710780575628,0.674898649628429,0.07407242842913375,0.7489710780575628,0.07407242842913375,19,0.554700196225229,0.832727272727273,False
Adaptive LeaderRank,BG-index,adaptive_leaderrank,beta_measure,0.6550799915994191,0.5817428198800386,0.07333717171938048,0.6550799915994191,0.07333717171938048,19,0.467806452452943,0.781818181818182,False
Adaptive LeaderRank,beta-measure,adaptive_leaderrank,beta_measure,0.6550799915994191,0.5817428198800386,0.07333717171938048,0.6550799915994191,0.07333717171938048,19,0.467806452452943,0.781818181818182,False
Dynamics-sensitive (DS) centrality,Random walk decay,dynamics_sensitive,random_walk_decay,0.7371693054546347,0.664083668103258,0.07308563735137663,0.7371693054546347,0.07308563735137663,14,0.607272727272727,0.854545454545454,False
LineRank,Random walk decay,linerank,random_walk_decay,0.7948266686858292,0.7219998662734185,0.07282680241241068,0.7948266686858292,0.07282680241241068,14,0.705882352941177,0.91743119266055,False
k-truss number,Improved closeness centrality (ICC),truss,improved_closeness,0.5964656804754644,0.6685708745524872,-0.07210519407702276,0.5964656804754644,-0.07210519407702276,18,0.295829598781379,0.789181357499871,False
Multi-characteristics gravity model (MCGM),Random walk decay,mcgm,random_walk_decay,0.7359731438922446,0.6642119285284034,0.07176121536384117,0.7359731438922446,0.07176121536384117,14,0.621818181818182,0.856269113149847,False
Diffusion centrality,k-truss number,diffusion_centrality,truss,0.6958939089313956,0.7675441537393978,-0.0716502448080022,0.6958939089313956,-0.0716502448080022,18,0.472289359457991,0.832722397913657,False
LineRank,BG-index,linerank,beta_measure,0.681227602637856,0.6101212133162902,0.07110638932156577,0.681227602637856,0.07110638932156577,14,0.490407286363818,0.813455657492355,False
LineRank,beta-measure,linerank,beta_measure,0.681227602637856,0.6101212133162902,0.07110638932156577,0.681227602637856,0.07110638932156577,14,0.490407286363818,0.813455657492355,False
Node and Neighbor Layer Information (NINL) centrality,Malatya centrality,ninl,malatya,0.7194055301769874,0.6483917782376967,0.07101375193929071,0.7194055301769874,0.07101375193929071,19,0.45985401459854,0.837920489296636,False
Node and Neighbor Layer Information (NINL) centrality,BG-index,ninl,beta_measure,0.6259657670649167,0.5556072758137857,0.07035849125113103,0.6259657670649167,0.07035849125113103,19,0.394160583941606,0.781818181818182,False
Node and Neighbor Layer Information (NINL) centrality,beta-measure,ninl,beta_measure,0.6259657670649167,0.5556072758137857,0.07035849125113103,0.6259657670649167,0.07035849125113103,19,0.394160583941606,0.781818181818182,False
Extended gravity centrality,k-truss number,extended_gravity,truss,0.6998392782421747,0.7698472334882793,-0.07000795524610459,0.6998392782421747,-0.07000795524610459,18,0.513809303146605,0.834899449934346,False
Extended mixed gravitational centrality,Malatya centrality,extended_mixed_gravity,malatya,0.7339497378281363,0.6640334220714647,0.06991631575667168,0.7339497378281363,0.06991631575667168,19,0.507299270072993,0.832727272727273,False
delta-closeness,delta-betweenness,delta_closeness,delta_betweenness,0.7121174680540802,0.6422560419732212,0.06986142608085899,0.7121174680540802,0.06986142608085899,19,0.420041279441291,0.867312920753188,False
BG-index,Extended mixed gravitational centrality,beta_measure,extended_mixed_gravity,0.6405244666024796,0.571074338868265,0.06945012773421466,0.6405244666024796,0.06945012773421466,19,0.441605839416058,0.781818181818182,False
beta-measure,Extended mixed gravitational centrality,beta_measure,extended_mixed_gravity,0.6405244666024796,0.571074338868265,0.06945012773421466,0.6405244666024796,0.06945012773421466,19,0.441605839416058,0.781818181818182,False
Proximal betwenness,Malatya centrality,proximal_betweenness,malatya,0.7754093651269277,0.705987737550277,0.06942162757665071,0.7754093651269277,0.06942162757665071,19,0.58554004376912,0.913080493895443,False
Length-scaled betweenness,Malatya centrality,length_scaled_betweenness,malatya,0.7614443198309716,0.6920818886640049,0.06936243116696672,0.7614443198309716,0.06936243116696672,19,0.487950036474267,0.913080493895443,False
Graph regularization centrality (GRC),MCC,graph_regularization,mcc,0.8041550039484353,0.873350759002089,-0.06919575505365372,0.8041550039484353,-0.06919575505365372,14,0.5888560894819,0.941615460850851,False
ControlRank,LocalRank,controlrank,semilocal,0.8103818069185318,0.8793323824361351,-0.06895057551760331,0.8103818069185318,-0.06895057551760331,14,0.665454545454545,0.963636363636363,False
SpectralRank,k-truss number,spectralrank,truss,0.6956351914421307,0.7644559707141919,-0.0688207792720612,0.6956351914421307,-0.0688207792720612,18,0.503429317224452,0.832722397913657,False
k-betweenness,BG-index,candidate_18,beta_measure,0.7680964016119806,0.6993671152846003,0.06872928632738029,0.7680964016119806,0.06872928632738029,19,0.487950036474267,0.909704965267364,False
k-betweenness,beta-measure,candidate_18,beta_measure,0.7680964016119806,0.6993671152846003,0.06872928632738029,0.7680964016119806,0.06872928632738029,19,0.487950036474267,0.909704965267364,False
Dynamical importance,BG-index,dynamical_importance,beta_measure,0.5885744077078071,0.5200392002012046,0.06853520750660247,0.5885744077078071,0.06853520750660247,14,0.35036496350365,0.789090909090909,False
Dynamical importance,beta-measure,dynamical_importance,beta_measure,0.5885744077078071,0.5200392002012046,0.06853520750660247,0.5885744077078071,0.06853520750660247,14,0.35036496350365,0.789090909090909,False
delta-closeness,LineRank,delta_closeness,linerank,0.9139047586626428,0.8457201282882131,0.06818463037442968,0.9139047586626428,0.06818463037442968,14,0.826480672061512,1.0,False
k-betweenness,k-truss number,candidate_18,truss,0.37004552051845735,0.43788868188239677,-0.06784316136393942,0.3737087453706562,-0.06417993651174059,18,-0.0329690236697893,0.612149940889302,False
Length-scaled betweenness,delta-closeness,length_scaled_betweenness,delta_closeness,0.7089497655136777,0.6412743744517743,0.06767539106190346,0.7089497655136777,0.06767539106190346,19,0.390360029179413,0.867312920753188,False
Exogenous centrality,Godfather index,exogenous,godfather,0.7591525387438334,0.6917799210938637,0.06737261764996971,0.7591525387438334,0.06737261764996971,14,0.450563556889583,0.941057533311887,False
delta-closeness,Expected force (ExFm),delta_closeness,modified_expected_force,0.9014131932203009,0.8341556813160773,0.06725751190422358,0.9014131932203009,0.06725751190422358,19,0.73654804846565,0.977577358757219,False
Hybrid Global Structure Model (H-GSM),Malatya centrality,hybrid_global_structure,malatya,0.7308901526575143,0.6636429353715492,0.06724721728596517,0.7308901526575143,0.06724721728596517,19,0.578181818181818,0.845111326234269,False
Random walk decay,Improved closeness centrality (ICC),random_walk_decay,improved_closeness,0.7103326620746311,0.6431079875675935,0.06722467450703762,0.7103326620746311,0.06722467450703762,14,0.510948905109489,0.890909090909091,False
Random walk decay,MCC,random_walk_decay,mcc,0.7310634448256548,0.7981654191396985,-0.06710197431404374,0.7310634448256548,-0.06710197431404374,14,0.561747625004472,0.933016232897875,False
delta-closeness,k-betweenness,delta_closeness,candidate_18,0.7066992888472274,0.6397511019046779,0.06694818694254956,0.7066992888472274,0.06694818694254956,19,0.423064547170825,0.867312920753188,False
Length-scaled betweenness,Exogenous centrality,length_scaled_betweenness,exogenous,0.7752784521463404,0.7084893899049431,0.06678906224139725,0.7752784521463404,0.06678906224139725,14,0.587542867431966,0.881577097572239,False
Length-scaled betweenness,k-truss number,length_scaled_betweenness,truss,0.36793881105120485,0.43458315495003846,-0.06664434389883361,0.3789284856078013,-0.05565466934223717,18,-0.098907071009368,0.612149940889302,False
Exogenous centrality,LineRank,exogenous,linerank,0.7824858434277198,0.8489175827018537,-0.06643173927413393,0.7824858434277198,-0.06643173927413393,14,0.333333333333333,0.960499308984094,False
Exogenous centrality,Node and Neighbor Layer Information (NINL) centrality,exogenous,ninl,0.7420691106091954,0.8083218708440039,-0.06625276023480842,0.7420691106091954,-0.06625276023480842,14,0.238095238095238,0.9429719493311,False
Node and Neighbor Layer Information (NINL) centrality,k-truss number,ninl,truss,0.6960212092473412,0.7619730576951321,-0.0659518484477909,0.6960212092473412,-0.0659518484477909,18,0.472289359457991,0.832722397913657,False
ControlRank,Extended neighborhood coreness,controlrank,extended_coreness,0.8232170834310812,0.889106052766272,-0.06588896933519073,0.8232170834310812,-0.06588896933519073,14,0.666666666666667,0.963636363636363,False
Dynamical importance,k-truss number,dynamical_importance,truss,0.6782188639604004,0.7436106262221152,-0.06539176226171473,0.6782188639604004,-0.06539176226171473,13,0.503429317224452,0.794267464939114,False
Godfather index,X-degree centrality,godfather,x_degree,0.6849882562233426,0.6196626965436349,0.06532555967970766,0.6849882562233426,0.06532555967970766,19,0.482475252366384,0.822870925891654,False
Expected force (ExFm),Malatya centrality,modified_expected_force,malatya,0.7883632000237636,0.7232929797394128,0.06507022028435083,0.7883632000237636,0.06507022028435083,19,0.574169251763215,0.880733944954128,False
Expected force (ExFm),BG-index,modified_expected_force,beta_measure,0.6948067050462418,0.629953739436337,0.06485296560990472,0.6948067050462418,0.06485296560990472,19,0.490407286363818,0.82262996941896,False
Expected force (ExFm),beta-measure,modified_expected_force,beta_measure,0.6948067050462418,0.629953739436337,0.06485296560990472,0.6948067050462418,0.06485296560990472,19,0.490407286363818,0.82262996941896,False
Exogenous centrality,Mixed gravitational centrality,exogenous,mixed_gravity,0.728232406276389,0.7930169259879892,-0.06478451971160026,0.728232406276389,-0.06478451971160026,14,0.238095238095238,0.921956334707307,False
Exogenous centrality,Gravity model,exogenous,candidate_14,0.7848280480746266,0.8495359602905876,-0.06470791221596106,0.7848280480746266,-0.06470791221596106,14,0.238095238095238,0.961308832354918,False
k-betweenness,Malatya centrality,candidate_18,malatya,0.7584319346558955,0.693835239496048,0.06459669515984756,0.7584319346558955,0.06459669515984756,19,0.536745040121693,0.913080493895443,False
Extended neighborhood coreness,k-truss number,extended_coreness,truss,0.6973798059864922,0.7619635688101449,-0.06458376282365275,0.6973798059864922,-0.06458376282365275,18,0.512359208420145,0.843607658017103,False
BG-index,Hybrid Global Structure Model (H-GSM),beta_measure,hybrid_global_structure,0.6380725970797488,0.5740907954854826,0.06398180159426625,0.6380725970797488,0.06398180159426625,19,0.505454545454545,0.781818181818182,False
beta-measure,Hybrid Global Structure Model (H-GSM),beta_measure,hybrid_global_structure,0.6380725970797488,0.5740907954854826,0.06398180159426625,0.6380725970797488,0.06398180159426625,19,0.505454545454545,0.781818181818182,False
Exogenous centrality,Expected force (ExFm),exogenous,modified_expected_force,0.7752855399571937,0.8392602638830242,-0.06397472392583048,0.7752855399571937,-0.06397472392583048,14,0.238095238095238,0.962730368323961,False
Clustering degree algorithm (CDA),k-truss number,cda,truss,0.7069546764429308,0.7702123352821975,-0.0632576588392667,0.7069546764429308,-0.0632576588392667,18,0.544949260913066,0.839253553975725,False
Dynamical importance,Mixed Degree Decomposition (MDD),dynamical_importance,mdd,0.8664324651289695,0.8032273415834446,0.06320512354552499,0.8664324651289695,0.06320512354552499,14,0.64847023585302,1.0,False
Exogenous centrality,k-betweenness,exogenous,candidate_18,0.7667662878013328,0.7037197223019539,0.06304656549937893,0.7667662878013328,0.06304656549937893,14,0.519312082826963,0.881577097572239,False
Egocentric betweenness,MCC,ego_betweenness,mcc,0.5719127806002954,0.6349360426781038,-0.0630232620778084,0.5719127806002954,-0.0630232620778084,14,0.159861242906577,1.0,False
Exogenous centrality,delta-betweenness,exogenous,delta_betweenness,0.7715480647372486,0.708648241168054,0.06289982356919455,0.7715480647372486,0.06289982356919455,14,0.579961669142521,0.867312920753188,False
Extended gravity centrality,Malatya centrality,extended_gravity,malatya,0.7042937572757101,0.6415535099765352,0.06274024729917493,0.7042937572757101,0.06274024729917493,19,0.430656934306569,0.832727272727273,False
Extended gravity centrality,BG-index,extended_gravity,beta_measure,0.6108472650320445,0.5487197976498128,0.06212746738223163,0.6108472650320445,0.06212746738223163,19,0.364963503649635,0.781818181818182,False
Extended gravity centrality,beta-measure,extended_gravity,beta_measure,0.6108472650320445,0.5487197976498128,0.06212746738223163,0.6108472650320445,0.06212746738223163,19,0.364963503649635,0.781818181818182,False
Expected force (ExFm),Random walk decay,modified_expected_force,random_walk_decay,0.7989190362242443,0.7369344670028206,0.0619845692214237,0.7989190362242443,0.0619845692214237,14,0.695238095238095,0.926605504587156,False
Hybrid Global Structure Model (H-GSM),k-truss number,hybrid_global_structure,truss,0.6834533538059956,0.7451989722396676,-0.06174561843367199,0.6834533538059956,-0.06174561843367199,18,0.495558504409436,0.802243669624007,False
Mixed Degree Decomposition (MDD),Bridging capital,mdd,bridging_capital,0.9328151990603164,0.8711513615499603,0.06166383751035609,0.9328151990603164,0.06166383751035609,14,0.830662270778306,1.0,False
LineRank,Malatya centrality,linerank,malatya,0.7650057947808608,0.7033596644486116,0.061646130332249194,0.7650057947808608,0.061646130332249194,14,0.574169251763215,0.904761904761905,False
ControlRank,MCC,controlrank,mcc,0.7752645643290661,0.8368961609607417,-0.06163159663167561,0.7752645643290661,-0.06163159663167561,14,0.591868141090503,0.937315846874363,False
delta-betweenness,k-truss number,delta_betweenness,truss,0.3750855974034757,0.4365067992428362,-0.061421201839360506,0.3825053814400777,-0.05400141780275852,18,-0.0667780563294178,0.612149940889302,False
Exogenous centrality,Proximal betwenness,exogenous,proximal_betweenness,0.7664152584016423,0.7052518409502525,0.06116341745138976,0.7664152584016423,0.06116341745138976,14,0.579961669142521,0.886968593983624,False
Proximal betwenness,k-truss number,proximal_betweenness,truss,0.3763945497014231,0.4369739312818624,-0.060579381580439295,0.3763945497014231,-0.060579381580439295,18,0.0329690236697893,0.612149940889302,False
Dynamical importance,Malatya centrality,dynamical_importance,malatya,0.6724109969115928,0.611872449737789,0.0605385471738038,0.6724109969115928,0.0605385471738038,14,0.416058394160584,0.84,False
Gravity model,Random walk decay,candidate_14,random_walk_decay,0.7869069922098753,0.72665596282407,0.06025102938580529,0.7869069922098753,0.06025102938580529,14,0.701818181818182,0.902140672782875,False
Proximal betwenness,Bridging capital,proximal_betweenness,bridging_capital,0.6554903570987283,0.5955449746932029,0.05994538240552538,0.6554903570987283,0.05994538240552538,14,0.390360029179413,0.803247088545756,False
Weighted LeaderRank,Malatya centrality,weighted_leaderrank,malatya,0.7954447084790062,0.7356678242985712,0.05977688418043492,0.7954447084790062,0.05977688418043492,19,0.593308226821988,0.889908256880734,False
Weighted LeaderRank,BG-index,weighted_leaderrank,beta_measure,0.7018935248813456,0.6423139376227882,0.05957958725855739,0.7018935248813456,0.05957958725855739,19,0.509638944652595,0.831804281345566,False
Weighted LeaderRank,beta-measure,weighted_leaderrank,beta_measure,0.7018935248813456,0.6423139376227882,0.05957958725855739,0.7018935248813456,0.05957958725855739,19,0.509638944652595,0.831804281345566,False
Improved global structure model (IGSM),Random walk decay,improved_global_structure,random_walk_decay,0.7085936162797642,0.6491766667613996,0.059416949518364626,0.7085936162797642,0.059416949518364626,14,0.518248175182482,0.854545454545454,False
ControlRank,Clustering degree algorithm (CDA),controlrank,cda,0.8402432548076477,0.899468152775633,-0.059224897967985246,0.8402432548076477,-0.059224897967985246,14,0.666666666666667,0.963636363636363,False
ControlRank,Mixed gravitational centrality,controlrank,mixed_gravity,0.8427804776953967,0.9018668835979946,-0.05908640590259795,0.8427804776953967,-0.05908640590259795,14,0.666666666666667,0.956363636363636,False
delta-closeness,Gravity model,delta_closeness,candidate_14,0.909073961710081,0.8501994449133328,0.058874516796748266,0.909073961710081,0.058874516796748266,19,0.773585094545992,0.97050166807121,False
delta-closeness,Improved closeness centrality (ICC),delta_closeness,improved_closeness,0.8420854712181379,0.9007023008505254,-0.05861682963238746,0.8420854712181379,-0.05861682963238746,19,0.648259313254557,0.955628079288509,False
Multi-characteristics gravity model (MCGM),Malatya centrality,mcgm,malatya,0.7256249404361033,0.6671513779623698,0.058473562473733476,0.7256249404361033,0.058473562473733476,19,0.535891301645667,0.847272727272727,False
Multi-characteristics gravity model (MCGM),BG-index,mcgm,beta_measure,0.6323210624830725,0.5744798841509746,0.0578411783320979,0.6323210624830725,0.0578411783320979,19,0.451943969786264,0.796363636363636,False
Multi-characteristics gravity model (MCGM),beta-measure,mcgm,beta_measure,0.6323210624830725,0.5744798841509746,0.0578411783320979,0.6323210624830725,0.0578411783320979,19,0.451943969786264,0.796363636363636,False
BG-index,Improved closeness centrality (ICC),beta_measure,improved_closeness,0.6050356870676099,0.5473426256213072,0.05769306144630271,0.6050356870676099,0.05769306144630271,19,0.328467153284672,0.832727272727273,False
beta-measure,Improved closeness centrality (ICC),beta_measure,improved_closeness,0.6050356870676099,0.5473426256213072,0.05769306144630271,0.6050356870676099,0.05769306144630271,19,0.328467153284672,0.832727272727273,False
Improved global structure model (IGSM),Malatya centrality,improved_global_structure,malatya,0.6993812217861238,0.6417579798719976,0.057623241914126266,0.6993812217861238,0.057623241914126266,19,0.437956204379562,0.847272727272727,False
Diffusion centrality,Random walk decay,diffusion_centrality,random_walk_decay,0.7253606252970991,0.6677777261384547,0.05758289915864445,0.7253606252970991,0.05758289915864445,14,0.546118949195831,0.845174443971893,False
BG-index,MCC,beta_measure,mcc,0.6566393324066371,0.7139765731097973,-0.057337240703160264,0.6566393324066371,-0.057337240703160264,14,0.552711470178663,0.846589628646474,False
beta-measure,MCC,beta_measure,mcc,0.6566393324066371,0.7139765731097972,-0.05733724070316015,0.6566393324066371,-0.05733724070316015,14,0.552711470178663,0.846589628646474,False
delta-betweenness,Bridging capital,delta_betweenness,bridging_capital,0.6590494278850234,0.6018540991212056,0.05719532876381783,0.6590494278850234,0.05719532876381783,14,0.32120803721981,0.823531105933275,False
SpectralRank,Random walk decay,spectralrank,random_walk_decay,0.7282229014331836,0.6710337246358906,0.05718917679729296,0.7282229014331836,0.05718917679729296,14,0.607272727272727,0.847272727272727,False
Exogenous centrality,BG-index,exogenous,beta_measure,0.7103581479498982,0.6534555742576589,0.05690257369223928,0.7103581479498982,0.05690257369223928,14,0.49944851476167,0.878335173698159,False
Exogenous centrality,beta-measure,exogenous,beta_measure,0.7103581479498982,0.6534555742576589,0.05690257369223928,0.7103581479498982,0.05690257369223928,14,0.49944851476167,0.878335173698159,False
Improved global structure model (IGSM),BG-index,improved_global_structure,beta_measure,0.6062024574013976,0.5499460396838665,0.05625641771753109,0.6062024574013976,0.05625641771753109,19,0.372262773722628,0.796363636363636,False
Improved global structure model (IGSM),beta-measure,improved_global_structure,beta_measure,0.6062024574013976,0.5499460396838665,0.05625641771753109,0.6062024574013976,0.05625641771753109,19,0.372262773722628,0.796363636363636,False
Gravity model,Malatya centrality,candidate_14,malatya,0.7760574614133506,0.7205793704087812,0.05547809100456946,0.7760574614133506,0.05547809100456946,19,0.593308226821988,0.862536302032914,False
Extended neighborhood coreness,Adaptive LeaderRank,extended_coreness,adaptive_leaderrank,0.8929034914067956,0.9482995716264434,-0.055396080219647814,0.8929034914067956,-0.055396080219647814,19,0.747948264863714,1.0,False
Dynamical importance,Local gravity model,dynamical_importance,candidate_21,0.9234842119022638,0.8682439950942276,0.05524021680803626,0.9234842119022638,0.05524021680803626,14,0.78976365979018,1.0,False
Exogenous centrality,Extended gravity centrality,exogenous,extended_gravity,0.7476502883089444,0.8027816271928226,-0.05513133888387822,0.7476502883089444,-0.05513133888387822,14,0.238095238095238,0.932455533539303,False
Gravity model,BG-index,candidate_14,beta_measure,0.6824862513686369,0.62740706713389,0.05507918423474689,0.6824862513686369,0.05507918423474689,19,0.509638944652595,0.810909090909091,False
Gravity model,beta-measure,candidate_14,beta_measure,0.6824862513686369,0.62740706713389,0.05507918423474689,0.6824862513686369,0.05507918423474689,19,0.509638944652595,0.810909090909091,False
Improved global structure model (IGSM),k-truss number,improved_global_structure,truss,0.679572308057324,0.7344910758065027,-0.0549187677491787,0.679572308057324,-0.0549187677491787,18,0.513809303146605,0.830545345892967,False
Weighted LeaderRank,MCC,weighted_leaderrank,mcc,0.8330407445555603,0.8874492709287862,-0.05440852637322591,0.8330407445555603,-0.05440852637322591,14,0.61897660556793,1.0,False
Global Structure Model (GSM),MCC,global_structure,mcc,0.7973853608103334,0.8512914480939766,-0.05390608728364321,0.7973853608103334,-0.05390608728364321,14,0.643946046308945,1.0,False
delta-closeness,Bridging capital,delta_closeness,bridging_capital,0.9084938249891892,0.8553460427983798,0.0531477821908094,0.9084938249891892,0.0531477821908094,14,0.845509454420158,0.97050166807121,False
Length-scaled betweenness,Bridging capital,length_scaled_betweenness,bridging_capital,0.6527806025994862,0.5996731347780112,0.05310746782147502,0.6527806025994862,0.05310746782147502,14,0.29277002188456,0.815417498978267,False
Malatya centrality,Improved closeness centrality (ICC),malatya,improved_closeness,0.6874202947103756,0.6343858513527401,0.05303444335763552,0.6874202947103756,0.05303444335763552,19,0.394160583941606,0.883636363636363,False
Exogenous centrality,Adaptive LeaderRank,exogenous,adaptive_leaderrank,0.7601603711527923,0.8128835708520781,-0.05272319969928574,0.7601603711527923,-0.05272319969928574,14,0.238095238095238,0.938273222652102,False
LocalRank,k-truss number,semilocal,truss,0.6786242841449983,0.731229214878437,-0.05260493073343864,0.6786242841449983,-0.05260493073343864,18,0.482669345380144,0.839253553975725,False
Dynamics-sensitive (DS) centrality,Malatya centrality,dynamics_sensitive,malatya,0.7169908412641548,0.6646078871958985,0.05238295406825633,0.7169908412641548,0.05238295406825633,19,0.529197080291971,0.847272727272727,False
Exogenous centrality,Graph regularization centrality (GRC),exogenous,graph_regularization,0.7901594488170162,0.8424447822580682,-0.05228533344105202,0.7901594488170162,-0.05228533344105202,14,0.333333333333333,0.960499308984094,False
Exogenous centrality,Multi-characteristics gravity model (MCGM),exogenous,mcgm,0.7744037218340546,0.8266365910473727,-0.052232869213318156,0.7744037218340546,-0.052232869213318156,14,0.238095238095238,0.944352035145541,False
Exogenous centrality,Dynamical importance,exogenous,dynamical_importance,0.7298331177443481,0.7818537515153354,-0.05202063377098731,0.7298331177443481,-0.05202063377098731,14,0.238095238095238,0.93688680166613,False
Map Equation Centrality (MEC),Global Structure Model (GSM),map_equation,global_structure,0.8991052669910464,0.847147250593664,0.0519580163973824,0.8991052669910464,0.0519580163973824,19,0.767538103207546,0.975900072948533,False
Support,Global Structure Model (GSM),support,global_structure,0.8844587391851163,0.8325372873408323,0.05192145184428398,0.8844587391851163,0.05192145184428398,18,0.504524979109513,0.988023520059354,False
Dynamics-sensitive (DS) centrality,BG-index,dynamics_sensitive,beta_measure,0.623561917569369,0.5716511974190033,0.051910720150365686,0.623561917569369,0.051910720150365686,19,0.463503649635036,0.796363636363636,False
Dynamics-sensitive (DS) centrality,beta-measure,dynamics_sensitive,beta_measure,0.623561917569369,0.5716511974190033,0.051910720150365686,0.623561917569369,0.051910720150365686,19,0.463503649635036,0.796363636363636,False
Exogenous centrality,Bridging capital,exogenous,bridging_capital,0.7755337494754183,0.827340195389208,-0.05180644591378969,0.7755337494754183,-0.05180644591378969,14,0.238095238095238,0.957800405959462,False
Expected force (ExFm),MCC,modified_expected_force,mcc,0.8258459941964791,0.8773416361109112,-0.05149564191443212,0.8258459941964791,-0.05149564191443212,14,0.631024812002343,1.0,False
Egocentric betweenness,Bridging capital,ego_betweenness,bridging_capital,0.6659697063294351,0.6150826007237375,0.050887105605697536,0.6659697063294351,0.050887105605697536,14,0.319852941176471,0.92844816780313,False
Proximal betwenness,Global Structure Model (GSM),proximal_betweenness,global_structure,0.6396067298616623,0.5890868754785942,0.05051985438306816,0.6396067298616623,0.05051985438306816,19,0.390360029179413,0.780994850411537,False
Bridging capital,Map Equation Centrality (MEC),bridging_capital,map_equation,0.917881360932437,0.8678399964629333,0.05004136446950369,0.917881360932437,0.05004136446950369,14,0.817888179382939,0.975900072948533,False
Egocentric betweenness,Map Equation Centrality (MEC),ego_betweenness,map_equation,0.726734373173898,0.6768440175837668,0.04989035559013122,0.726734373173898,0.04989035559013122,19,0.456030328674399,1.0,False
Map Equation Centrality (MEC),MCC,map_equation,mcc,0.8439455423009963,0.893708042279736,-0.049762499978739716,0.8439455423009963,-0.049762499978739716,14,0.614763988875249,1.0,False
Extended neighborhood coreness,MCC,extended_coreness,mcc,0.7823511661505084,0.8320737193967717,-0.04972255324626329,0.7823511661505084,-0.04972255324626329,14,0.627708203188052,1.0,False
LocalRank,X-degree centrality,semilocal,x_degree,0.9632806759858563,0.9140022684967071,0.049278407489149245,0.9632806759858563,0.049278407489149245,19,0.805251255571699,0.999515855696629,False
Egocentric betweenness,Random walk decay,ego_betweenness,random_walk_decay,0.7851141499752594,0.7359565177378251,0.0491576322374343,0.7851141499752594,0.0491576322374343,14,0.50457797264772,0.951189731211342,False
delta-closeness,Global Structure Model (GSM),delta_closeness,global_structure,0.9257818814780014,0.8767830065429918,0.04899887493500965,0.9257818814780014,0.04899887493500965,19,0.779175592067552,0.994352045766839,False
Diffusion centrality,Malatya centrality,diffusion_centrality,malatya,0.716644634343639,0.6677643944272165,0.04888023991642254,0.716644634343639,0.04888023991642254,19,0.473059557999065,0.837888457385928,False
Mixed Degree Decomposition (MDD),Global Structure Model (GSM),mdd,global_structure,0.9122652333797755,0.8635675922667528,0.04869764111302266,0.9122652333797755,0.04869764111302266,19,0.7827502614264,1.0,False
Local gravity model,MCC,candidate_21,mcc,0.8192440522148946,0.8676066480586871,-0.048362595843792544,0.8192440522148946,-0.048362595843792544,14,0.650075414781297,1.0,False
Diffusion centrality,BG-index,diffusion_centrality,beta_measure,0.6231432956503304,0.574873626949227,0.048269668701103496,0.6231432956503304,0.048269668701103496,19,0.407306105921974,0.786886551284176,False
Diffusion centrality,beta-measure,diffusion_centrality,beta_measure,0.6231432956503304,0.574873626949227,0.048269668701103496,0.6231432956503304,0.048269668701103496,19,0.407306105921974,0.786886551284176,False
k-betweenness,Bridging capital,candidate_18,bridging_capital,0.6519259956193512,0.6043260398490846,0.047599955770266544,0.6519259956193512,0.047599955770266544,14,0.341565025531987,0.819474302455771,False
Mixed Degree Decomposition (MDD),Adaptive LeaderRank,mdd,adaptive_leaderrank,0.9338304743616399,0.8864978787447744,0.047332595616865536,0.9338304743616399,0.047332595616865536,19,0.904908795377102,1.0,False
delta-closeness,Egocentric betweenness,delta_closeness,ego_betweenness,0.6876789995072305,0.6405899488078968,0.04708905069933378,0.6876789995072305,0.04708905069933378,19,0.342673435271606,0.863072893282152,False
Graph regularization centrality (GRC),X-degree centrality,graph_regularization,x_degree,0.830849967095635,0.8778777879946438,-0.04702782089900881,0.830849967095635,-0.04702782089900881,19,0.684463567235944,0.949090909090909,False
Support,Hybrid Global Structure Model (H-GSM),support,hybrid_global_structure,0.8669824536391191,0.820131244093623,0.04685120954549604,0.8669824536391191,0.04685120954549604,18,0.432449982093868,0.988023520059354,False
LineRank,MCC,linerank,mcc,0.8135759054494313,0.8604075300989055,-0.04683162464947421,0.8135759054494313,-0.04683162464947421,14,0.62801276039374,0.937315846874363,False
Gravity model,MCC,candidate_14,mcc,0.8288793257345832,0.8756084249123536,-0.04672909917777035,0.8288793257345832,-0.04672909917777035,14,0.642049918551517,1.0,False
Bridging capital,Local gravity model,bridging_capital,candidate_21,0.9885747075515352,0.9418914910250278,0.04668321652650742,0.9885747075515352,0.04668321652650742,14,0.9523873417766,1.0,False
Mixed Degree Decomposition (MDD),Node and Neighbor Layer Information (NINL) centrality,mdd,ninl,0.8957468250427385,0.8492313719864968,0.04651545305624172,0.8957468250427385,0.04651545305624172,19,0.691056340894114,1.0,False
ControlRank,Diffusion centrality,controlrank,diffusion_centrality,0.8765043515916923,0.9230066258319735,-0.046502274240281194,0.8765043515916923,-0.046502274240281194,14,0.666666666666667,0.969036215933291,False
ControlRank,Mixed Degree Decomposition (MDD),controlrank,mdd,0.9275471496605272,0.8810558931062751,0.046491256554252125,0.9275471496605272,0.046491256554252125,14,0.666666666666667,0.981649817214043,False
Clustering degree algorithm (CDA),LineRank,cda,linerank,0.8924537911078165,0.9385731302903233,-0.04611933918250677,0.8924537911078165,-0.04611933918250677,14,0.818181818181818,0.985454545454545,False
delta-betweenness,LineRank,delta_betweenness,linerank,0.6797641849789275,0.6343393525615495,0.04542483241737805,0.6797641849789275,0.04542483241737805,14,0.420041279441291,0.834008097165992,False
Proximal betwenness,LineRank,proximal_betweenness,linerank,0.6773180556756894,0.6319472184344982,0.045370837241191175,0.6773180556756894,0.045370837241191175,14,0.466303141501734,0.821862348178138,False
Graph regularization centrality (GRC),Mixed gravitational centrality,graph_regularization,mixed_gravity,0.857013651797123,0.9022422740942083,-0.04522862229708535,0.857013651797123,-0.04522862229708535,19,0.701818181818182,0.956363636363636,False
delta-betweenness,Global Structure Model (GSM),delta_betweenness,global_structure,0.6426869217318225,0.5975306192001838,0.045156302531638715,0.6426869217318225,0.045156302531638715,19,0.32120803721981,0.780994850411537,False
Proximal betwenness,Graph regularization centrality (GRC),proximal_betweenness,graph_regularization,0.6941405205284161,0.6492138205846505,0.044926699943765636,0.6941405205284161,0.044926699943765636,19,0.487950036474267,0.812817344593504,False
Expected force (ExFm),Bridging capital,modified_expected_force,bridging_capital,0.9675972153935302,0.9227322699946962,0.04486494539883401,0.9675972153935302,0.04486494539883401,14,0.899418447608201,1.0,False
ControlRank,Map Equation Centrality (MEC),controlrank,map_equation,0.9215838055483094,0.8767280922513397,0.04485571329696969,0.9215838055483094,0.04485571329696969,14,0.7319250547114,0.975228350896054,False
Local gravity model,Random walk decay,candidate_21,random_walk_decay,0.7638994898371384,0.7190631040528647,0.044836385784273736,0.7638994898371384,0.044836385784273736,14,0.646909906332315,0.880733944954128,False
delta-closeness,Local gravity model,delta_closeness,candidate_21,0.9018247583810391,0.857139650443982,0.044685107937057156,0.9018247583810391,0.044685107937057156,19,0.742437500421355,0.97050166807121,False
Exogenous centrality,Extended mixed gravitational centrality,exogenous,extended_mixed_gravity,0.7544756782591789,0.7991140579447357,-0.04463837968555673,0.7544756782591789,-0.04463837968555673,14,0.238095238095238,0.9429719493311,False
Bridging capital,LineRank,bridging_capital,linerank,0.9732202628755895,0.9290283219775318,0.04419194089805767,0.9732202628755895,0.04419194089805767,14,0.904761904761905,1.0,False
k-betweenness,X-degree centrality,candidate_18,x_degree,0.5489941742592028,0.5930941766250559,-0.0441000023658531,0.5489941742592028,-0.0441000023658531,19,0.196721637821044,0.734177476607242,False
Mixed Degree Decomposition (MDD),Extended mixed gravitational centrality,mdd,extended_mixed_gravity,0.9104701009586836,0.8664476749556991,0.04402242600298456,0.9104701009586836,0.04402242600298456,19,0.741385374124498,1.0,False
k-betweenness,MCC,candidate_18,mcc,0.5676077670137276,0.6114481838165353,-0.0438404168028077,0.5676077670137276,-0.0438404168028077,14,0.2704000455291,0.855623181321093,False
delta-closeness,Extended mixed gravitational centrality,delta_closeness,extended_mixed_gravity,0.8671424450632632,0.8233375417850767,0.043804903278186536,0.8671424450632632,0.043804903278186536,19,0.717680119330382,0.96306487367986,False
delta-closeness,k-truss number,delta_closeness,truss,0.6297235379007267,0.6733357688592917,-0.043612230958565035,0.6297235379007267,-0.043612230958565035,18,0.42340489921997,0.775705976333663,False
Mixed Degree Decomposition (MDD),Extended gravity centrality,mdd,extended_gravity,0.8926956466813519,0.8493879400984087,0.04330770658294325,0.8926956466813519,0.04330770658294325,19,0.67169902042089,1.0,False
Bridging capital,Extended neighborhood coreness,bridging_capital,extended_coreness,0.9003359358697556,0.9434071494432278,-0.04307121357347221,0.9003359358697556,-0.04307121357347221,14,0.815417498978267,1.0,False
delta-betweenness,Graph regularization centrality (GRC),delta_betweenness,graph_regularization,0.6968861981339595,0.6539671452570477,0.04291905287691178,0.6968861981339595,0.04291905287691178,19,0.420041279441291,0.817813765182186,False
SpectralRank,Malatya centrality,spectralrank,malatya,0.7132613881799541,0.6703567438729048,0.04290464430704932,0.7132613881799541,0.04290464430704932,19,0.510948905109489,0.84,False
Length-scaled betweenness,Global Structure Model (GSM),length_scaled_betweenness,global_structure,0.6385594758919035,0.5956830424343146,0.04287643345758896,0.6385594758919035,0.04287643345758896,19,0.29277002188456,0.780994850411537,False
Mixed Degree Decomposition (MDD),Improved global structure model (IGSM),mdd,improved_global_structure,0.8829790388209358,0.8403292673669165,0.04264977145401927,0.8829790388209358,0.04264977145401927,19,0.675570484515535,1.0,False
Dynamical importance,SpectralRank,dynamical_importance,spectralrank,0.9593490939469167,0.9167599977624872,0.04258909618442952,0.9593490939469167,0.04258909618442952,14,0.868613138686131,1.0,False
LineRank,X-degree centrality,linerank,x_degree,0.8494549682673482,0.8919628724270086,-0.042507904159660326,0.8494549682673482,-0.042507904159660326,14,0.744857411403821,0.970909090909091,False
SpectralRank,BG-index,spectralrank,beta_measure,0.619825853159934,0.5774369278947352,0.042388925265198774,0.619825853159934,0.042388925265198774,19,0.445255474452555,0.789090909090909,False
SpectralRank,beta-measure,spectralrank,beta_measure,0.619825853159934,0.5774369278947352,0.042388925265198774,0.619825853159934,0.042388925265198774,19,0.445255474452555,0.789090909090909,False
Mixed Degree Decomposition (MDD),Hybrid Global Structure Model (H-GSM),mdd,hybrid_global_structure,0.900117517299053,0.8579824516464284,0.04213506565262459,0.900117517299053,0.04213506565262459,19,0.82736516360364,1.0,False
Egocentric betweenness,X-degree centrality,ego_betweenness,x_degree,0.5567045084199557,0.5986870849056118,-0.041982576485656176,0.5567045084199557,-0.041982576485656176,19,0.212069002996868,0.755480607082631,False
MCC,Improved closeness centrality (ICC),mcc,improved_closeness,0.7029547135172522,0.7447784036375067,-0.04182369012025444,0.7029547135172522,-0.04182369012025444,14,0.483434283180792,0.89893314995099,False
Dynamical importance,Improved global structure model (IGSM),dynamical_importance,improved_global_structure,0.956172478547677,0.9144071118230002,0.04176536672467679,0.956172478547677,0.04176536672467679,14,0.866396761133603,1.0,False
Bridging capital,LocalRank,bridging_capital,semilocal,0.8862322461701374,0.9279820874804392,-0.041749841310301794,0.8862322461701374,-0.041749841310301794,14,0.742395036383198,1.0,False
Clustering degree algorithm (CDA),Adaptive LeaderRank,cda,adaptive_leaderrank,0.9070336670735845,0.9486582995656282,-0.041624632492043734,0.9070336670735845,-0.041624632492043734,19,0.784676758746948,1.0,False
Map Equation Centrality (MEC),Hybrid Global Structure Model (H-GSM),map_equation,hybrid_global_structure,0.8846610656799176,0.8431200830238929,0.041540982656024794,0.8846610656799176,0.041540982656024794,19,0.783028085524242,0.975900072948533,False
Exogenous centrality,Weighted LeaderRank,exogenous,weighted_leaderrank,0.7654134684329159,0.8069257038957084,-0.04151223546279248,0.7654134684329159,-0.04151223546279248,14,0.238095238095238,0.960499308984094,False
Multi-characteristics gravity model (MCGM),MCC,mcgm,mcc,0.8103546091075062,0.8507109605858395,-0.040356351478333274,0.8103546091075062,-0.040356351478333274,14,0.661145328088373,1.0,False
Length-scaled betweenness,LineRank,length_scaled_betweenness,linerank,0.6717452334363587,0.6314917006284818,0.04025353280787691,0.6717452334363587,0.04025353280787691,14,0.390360029179413,0.817813765182186,False
Local gravity model,Malatya centrality,candidate_21,malatya,0.752805439475442,0.7127166787746999,0.04008876070074208,0.752805439475442,0.04008876070074208,19,0.585010118363096,0.852300342066893,False
delta-closeness,Multi-characteristics gravity model (MCGM),delta_closeness,mcgm,0.8925077402868989,0.8524406255656212,0.040067114721277775,0.8925077402868989,0.040067114721277775,19,0.73654804846565,0.97050166807121,False
delta-closeness,Adaptive LeaderRank,delta_closeness,adaptive_leaderrank,0.865837927559375,0.8259060059711025,0.03993192158827252,0.865837927559375,0.03993192158827252,19,0.665033004318961,0.948191284897159,False
Clustering degree algorithm (CDA),MCC,cda,mcc,0.8048384883314782,0.8446064810478717,-0.03976799271639353,0.8048384883314782,-0.03976799271639353,14,0.673193534522786,1.0,False
Diffusion centrality,Bridging capital,diffusion_centrality,bridging_capital,0.9483049198840423,0.9878713297059716,-0.03956640982192927,0.9483049198840423,-0.03956640982192927,14,0.876209156897233,1.0,False
delta-closeness,ControlRank,delta_closeness,controlrank,0.8999513823640186,0.8604352923736516,0.03951608999036704,0.8999513823640186,0.03951608999036704,14,0.761904761904762,0.977577358757219,False
Gravity model,Bridging capital,candidate_14,bridging_capital,0.9737839111658397,0.9343102048798954,0.03947370628594438,0.9737839111658397,0.03947370628594438,14,0.880949896322612,1.0,False
Local gravity model,BG-index,candidate_21,beta_measure,0.6591386363585288,0.6196831432026154,0.039455493155913346,0.6591386363585288,0.039455493155913346,19,0.504854368932039,0.796363636363636,False
Local gravity model,beta-measure,candidate_21,beta_measure,0.6591386363585288,0.6196831432026154,0.039455493155913346,0.6591386363585288,0.039455493155913346,19,0.504854368932039,0.796363636363636,False
Extended gravity centrality,MCC,extended_gravity,mcc,0.8047551838451502,0.844049966045898,-0.03929478220074778,0.8047551838451502,-0.03929478220074778,14,0.634249576888987,1.0,False
Length-scaled betweenness,Graph regularization centrality (GRC),length_scaled_betweenness,graph_regularization,0.689920720425452,0.6507563899636267,0.039164330461825325,0.689920720425452,0.039164330461825325,19,0.390360029179413,0.812817344593504,False
LocalRank,Adaptive LeaderRank,semilocal,adaptive_leaderrank,0.867028268026559,0.9058946235852008,-0.03886635555864182,0.867028268026559,-0.03886635555864182,19,0.714477220955913,1.0,False
ControlRank,SpectralRank,controlrank,spectralrank,0.8726681208620167,0.9114712004528215,-0.03880307959080476,0.8726681208620167,-0.03880307959080476,14,0.666666666666667,0.970909090909091,False
Extended mixed gravitational centrality,Map Equation Centrality (MEC),extended_mixed_gravity,map_equation,0.8940679364099244,0.8555383205391228,0.038529615870801615,0.8940679364099244,0.038529615870801615,19,0.72751247622853,0.975900072948533,False
Support,Extended gravity centrality,support,extended_gravity,0.8646659220221178,0.8261989962587718,0.03846692576334598,0.8646659220221178,0.03846692576334598,18,0.596016223382478,0.988023520059354,False
LineRank,Extended neighborhood coreness,linerank,extended_coreness,0.8709274913843301,0.9092817906977994,-0.03835429931346923,0.8709274913843301,-0.03835429931346923,14,0.78610734655041,0.985454545454545,False
k-betweenness,Global Structure Model (GSM),candidate_18,global_structure,0.6363755186108693,0.5980272781523849,0.038348240458484395,0.6363755186108693,0.038348240458484395,19,0.341565025531987,0.780994850411537,False
LocalRank,Malatya centrality,semilocal,malatya,0.6524931232751168,0.614235493383982,0.03825762989113479,0.6524931232751168,0.03825762989113479,19,0.397810218978102,0.832727272727273,False
LocalRank,Random walk decay,semilocal,random_walk_decay,0.6592756767664474,0.6213164732046025,0.0379592035618449,0.6592756767664474,0.0379592035618449,14,0.490909090909091,0.84,False
Clustering degree algorithm (CDA),Graph regularization centrality (GRC),cda,graph_regularization,0.8652624428757212,0.9032109405273145,-0.03794849765159336,0.8652624428757212,-0.03794849765159336,19,0.730909090909091,0.963636363636363,False
Extended neighborhood coreness,Global Structure Model (GSM),extended_coreness,global_structure,0.8913703892035151,0.9292328946426238,-0.03786250543910874,0.8913703892035151,-0.03786250543910874,19,0.730013022761005,1.0,False
ControlRank,Improved global structure model (IGSM),controlrank,improved_global_structure,0.8650660665488432,0.9026769580641077,-0.03761089151526453,0.8650660665488432,-0.03761089151526453,14,0.666666666666667,0.978181818181818,False
Extended neighborhood coreness,X-degree centrality,extended_coreness,x_degree,0.9628607101556236,0.9252516244746638,0.037609085680959775,0.9628607101556236,0.037609085680959775,19,0.874009014771164,0.995788053459029,False
Length-scaled betweenness,MCC,length_scaled_betweenness,mcc,0.5669332448837813,0.6039478878870593,-0.03701464300327806,0.5669332448837813,-0.03701464300327806,14,0.29277002188456,0.851323567344605,False
Dynamical importance,X-degree centrality,dynamical_importance,x_degree,0.9233588761708644,0.8863443973679189,0.037014478802945505,0.9233588761708644,0.037014478802945505,14,0.845513818350284,0.988023520059354,False
ControlRank,Node and Neighbor Layer Information (NINL) centrality,controlrank,ninl,0.8709864455939352,0.9079789192637987,-0.03699247366986347,0.8709864455939352,-0.03699247366986347,14,0.666666666666667,0.963636363636363,False
Global Structure Model (GSM),Improved closeness centrality (ICC),global_structure,improved_closeness,0.8271417357677484,0.8637791730731142,-0.03663743730536584,0.8271417357677484,-0.03663743730536584,19,0.643342263982486,0.927272727272727,False
LocalRank,BG-index,semilocal,beta_measure,0.5593034985487856,0.5227179740010864,0.036585524547699144,0.5593034985487856,0.036585524547699144,19,0.332116788321168,0.781818181818182,False
LocalRank,beta-measure,semilocal,beta_measure,0.5593034985487856,0.5227179740010864,0.036585524547699144,0.5593034985487856,0.036585524547699144,19,0.332116788321168,0.781818181818182,False
Graph regularization centrality (GRC),Map Equation Centrality (MEC),graph_regularization,map_equation,0.9561657551461815,0.9196788642091644,0.03648689093701707,0.9561657551461815,0.03648689093701707,19,0.883715101688537,0.983405387835954,False
Dynamical importance,Gravity model,dynamical_importance,candidate_14,0.8969503375759827,0.8604662373269905,0.03648410024899229,0.8969503375759827,0.03648410024899229,14,0.726277372262774,1.0,False
Dynamical importance,Expected force (ExFm),dynamical_importance,modified_expected_force,0.8864038804215693,0.8499288742457208,0.03647500617584842,0.8864038804215693,0.03647500617584842,14,0.700729927007299,1.0,False
LineRank,Extended mixed gravitational centrality,linerank,extended_mixed_gravity,0.9320918495571829,0.89568035512922,0.03641149442796299,0.9320918495571829,0.03641149442796299,14,0.843065693430657,0.985454545454545,False
Weighted LeaderRank,X-degree centrality,weighted_leaderrank,x_degree,0.8342593176413884,0.8706387805050846,-0.0363794628636962,0.8342593176413884,-0.0363794628636962,19,0.635036496350365,0.988023520059354,False
Proximal betwenness,Adaptive LeaderRank,proximal_betweenness,adaptive_leaderrank,0.6265722317894752,0.590291004560725,0.03628122722875016,0.6265722317894752,0.03628122722875016,19,0.390360029179413,0.77053593226172,False
Local gravity model,Extended gravity centrality,candidate_21,extended_gravity,0.9442542240903518,0.9080536139660274,0.036200610124324406,0.9442542240903518,0.036200610124324406,19,0.797076286269718,1.0,False
Support,Node and Neighbor Layer Information (NINL) centrality,support,ninl,0.8697851831100258,0.8339576713534775,0.0358275117565483,0.8697851831100258,0.0358275117565483,18,0.576599976125158,0.988023520059354,False
Dynamical importance,Map Equation Centrality (MEC),dynamical_importance,map_equation,0.839643025209753,0.8038917300860021,0.03575129512375086,0.839643025209753,0.03575129512375086,14,0.633132479312397,0.975900072948533,False
Adaptive LeaderRank,X-degree centrality,adaptive_leaderrank,x_degree,0.8750281511205215,0.9105057198244831,-0.03547756870396168,0.8750281511205215,-0.03547756870396168,19,0.717087544786517,0.988023520059354,False
Graph regularization centrality (GRC),Extended neighborhood coreness,graph_regularization,extended_coreness,0.845903546910674,0.8811623076879772,-0.035258760777303166,0.845903546910674,-0.035258760777303166,19,0.6996524751939,0.963636363636363,False
Mixed gravitational centrality,Global Structure Model (GSM),mixed_gravity,global_structure,0.8873495123047916,0.9225400252444406,-0.03519051293964892,0.8873495123047916,-0.03519051293964892,19,0.71728965064714,1.0,False
Mixed Degree Decomposition (MDD),Map Equation Centrality (MEC),mdd,map_equation,0.9721404466795665,0.9369674190872046,0.03517302759236185,0.9721404466795665,0.03517302759236185,19,0.923481182099656,1.0,False
Node and Neighbor Layer Information (NINL) centrality,Improved closeness centrality (ICC),ninl,improved_closeness,0.8382062041728345,0.8733334489821812,-0.0351272448093467,0.8382062041728345,-0.0351272448093467,19,0.657142857142857,0.955555555555556,False
Support,Extended mixed gravitational centrality,support,extended_mixed_gravity,0.8753709210972936,0.8403604530821436,0.035010468015150065,0.8753709210972936,0.035010468015150065,18,0.552574977119943,0.988023520059354,False
Dynamical importance,Hybrid Global Structure Model (H-GSM),dynamical_importance,hybrid_global_structure,0.9113647561416678,0.8765180901907349,0.03484666595093289,0.9113647561416678,0.03484666595093289,14,0.766423357664234,1.0,False
Mixed Degree Decomposition (MDD),Expected force (ExFm),mdd,modified_expected_force,0.9597617643981933,0.9249521234959673,0.034809640902225936,0.9597617643981933,0.034809640902225936,19,0.9102589898328,1.0,False
Dynamical importance,Extended gravity centrality,dynamical_importance,extended_gravity,0.9610795248193007,0.9263037304710413,0.03477579434825939,0.9610795248193007,0.03477579434825939,14,0.876363636363636,1.0,False
Egocentric betweenness,LineRank,ego_betweenness,linerank,0.6870644935970855,0.6522905496150043,0.034773943982081224,0.6870644935970855,0.034773943982081224,14,0.351010763581023,0.937315846874363,False
Dynamical importance,Clustering degree algorithm (CDA),dynamical_importance,cda,0.9493508024735757,0.914755882825478,0.03459491964809769,0.9493508024735757,0.03459491964809769,14,0.872262773722628,1.0,False
Mixed Degree Decomposition (MDD),Multi-characteristics gravity model (MCGM),mdd,mcgm,0.9064126850228664,0.871853396701904,0.034559288320962445,0.9064126850228664,0.034559288320962445,19,0.783971479165592,1.0,False
Godfather index,MCC,godfather,mcc,0.6909292928924117,0.6564906982750952,0.034438594617316465,0.6909292928924117,0.034438594617316465,14,0.400920523261183,1.0,False
Length-scaled betweenness,X-degree centrality,length_scaled_betweenness,x_degree,0.5510609791808598,0.5854505334956313,-0.03438955431477142,0.5510609791808598,-0.03438955431477142,19,0.247723543922796,0.734177476607242,False
Egocentric betweenness,Dynamical importance,ego_betweenness,dynamical_importance,0.5967067647258919,0.5623416192764601,0.03436514544943181,0.5967067647258919,0.03436514544943181,14,0.160879933307969,0.791128971673774,False
SpectralRank,MCC,spectralrank,mcc,0.8187112705963288,0.8530225885450113,-0.034311317948682585,0.8187112705963288,-0.034311317948682585,14,0.664157379696976,1.0,False
Dynamical importance,Proximal betwenness,dynamical_importance,proximal_betweenness,0.5788130654152726,0.5447460493086167,0.034067016106655856,0.5788130654152726,0.034067016106655856,14,0.291439463438584,0.741990936973324,False
Extended neighborhood coreness,Random walk decay,extended_coreness,random_walk_decay,0.669639667711413,0.6357630041640129,0.033876663547400154,0.669639667711413,0.033876663547400154,14,0.500914913848401,0.84,False
ControlRank,Dynamics-sensitive (DS) centrality,controlrank,dynamics_sensitive,0.8825689814851487,0.9164140748715567,-0.033845093386407954,0.8825689814851487,-0.033845093386407954,14,0.666666666666667,0.978181818181818,False
Adaptive LeaderRank,Map Equation Centrality (MEC),adaptive_leaderrank,map_equation,0.9106253114467613,0.8767971316622242,0.033828179784537116,0.9106253114467613,0.033828179784537116,19,0.874287543176458,0.975900072948533,False
Proximal betwenness,Weighted LeaderRank,proximal_betweenness,weighted_leaderrank,0.6603037131451085,0.6264770671625728,0.03382664598253571,0.6603037131451085,0.03382664598253571,19,0.390360029179413,0.786881924318776,False
Dynamical importance,Weighted LeaderRank,dynamical_importance,weighted_leaderrank,0.8745873387775216,0.8407934827795256,0.033793855997996,0.8745873387775216,0.033793855997996,14,0.667883211678832,1.0,False
Diffusion centrality,Node and Neighbor Layer Information (NINL) centrality,diffusion_centrality,ninl,0.9889121755567603,0.9552886252301109,0.03362355032664932,0.9889121755567603,0.03362355032664932,19,0.958460471674174,1.0,False
LineRank,Mixed gravitational centrality,linerank,mixed_gravity,0.864832190224933,0.8981191032140902,-0.0332869129891572,0.864832190224933,-0.0332869129891572,14,0.789090909090909,0.963636363636363,False
Proximal betwenness,MCC,proximal_betweenness,mcc,0.5767789150106374,0.6100111093315539,-0.03323219432091651,0.5767789150106374,-0.03323219432091651,14,0.344482249783648,0.859922795297581,False
delta-betweenness,X-degree centrality,delta_betweenness,x_degree,0.5541212263835377,0.5870590126867318,-0.032937786303194105,0.5541212263835377,-0.032937786303194105,19,0.255009530508761,0.734177476607242,False
delta-betweenness,Dynamical importance,delta_betweenness,dynamical_importance,0.5828481421862453,0.5503126495799187,0.0325354926063266,0.5828481421862453,0.0325354926063266,14,0.291439463438584,0.741990936973324,False
Mixed Degree Decomposition (MDD),LineRank,mdd,linerank,0.9375253976422834,0.9050219414543293,0.03250345618795403,0.9375253976422834,0.03250345618795403,14,0.876886617437069,0.977582332111099,False
Node and Neighbor Layer Information (NINL) centrality,LocalRank,ninl,semilocal,0.9018717132434113,0.9343713512371318,-0.032499637993720465,0.9018717132434113,-0.032499637993720465,19,0.696356275303644,1.0,False
Diffusion centrality,Extended mixed gravitational centrality,diffusion_centrality,extended_mixed_gravity,0.9680430386827208,0.9355976874687872,0.03244535121393355,0.9680430386827208,0.03244535121393355,19,0.876363636363636,1.0,False
Dynamical importance,Diffusion centrality,dynamical_importance,diffusion_centrality,0.9534448049827673,0.9211614905871262,0.03228331439564114,0.9534448049827673,0.03228331439564114,14,0.90172285390065,1.0,False
Node and Neighbor Layer Information (NINL) centrality,Map Equation Centrality (MEC),ninl,map_equation,0.8768055366042338,0.8446577663361682,0.03214777026806559,0.8768055366042338,0.03214777026806559,19,0.676389977898958,0.975900072948533,False
delta-betweenness,Weighted LeaderRank,delta_betweenness,weighted_leaderrank,0.6624920883514868,0.6304485442181602,0.03204354413332655,0.6624920883514868,0.03204354413332655,19,0.32120803721981,0.798425424431032,False
delta-betweenness,Adaptive LeaderRank,delta_betweenness,adaptive_leaderrank,0.6276359424232784,0.5956973711864296,0.031938571236848734,0.6276359424232784,0.031938571236848734,19,0.32120803721981,0.771799175645786,False
LineRank,LocalRank,linerank,semilocal,0.857723429083214,0.8896451287281544,-0.031921699644940404,0.857723429083214,-0.031921699644940404,14,0.724696356275304,0.985454545454545,False
Extended neighborhood coreness,Extended mixed gravitational centrality,extended_coreness,extended_mixed_gravity,0.9120829732765469,0.9439924718072713,-0.031909498530724445,0.9120829732765469,-0.031909498530724445,19,0.77291451448122,1.0,False
LocalRank,MCC,semilocal,mcc,0.765026751291356,0.7968972330900013,-0.03187048179864527,0.765026751291356,-0.03187048179864527,14,0.615029892740836,1.0,False
Gravity model,Mixed gravitational centrality,candidate_14,mixed_gravity,0.8977960906525384,0.9295377120118417,-0.03174162135930325,0.8977960906525384,-0.03174162135930325,19,0.818181818181818,1.0,False
LocalRank,Global Structure Model (GSM),semilocal,global_structure,0.8759510439187252,0.9076658885348978,-0.03171484461617258,0.8759510439187252,-0.03171484461617258,19,0.71728965064714,1.0,False
Expected force (ExFm),Map Equation Centrality (MEC),modified_expected_force,map_equation,0.9532419554999098,0.9215785558295245,0.03166339967038523,0.9532419554999098,0.03166339967038523,19,0.883715101688537,0.975900072948533,False
Support,Multi-characteristics gravity model (MCGM),support,mcgm,0.8799465589433683,0.8484871751525328,0.03145938379083546,0.8799465589433683,0.03145938379083546,18,0.552574977119943,0.988023520059354,False
Proximal betwenness,Expected force (ExFm),proximal_betweenness,modified_expected_force,0.6696926461957176,0.6382598316686269,0.03143281452709068,0.6696926461957176,0.03143281452709068,19,0.390360029179413,0.813765182186235,False
Bridging capital,Hybrid Global Structure Model (H-GSM),bridging_capital,hybrid_global_structure,0.9476060430088828,0.9163120878958388,0.031293955113044,0.9476060430088828,0.031293955113044,14,0.869868765551258,1.0,False
LocalRank,Improved closeness centrality (ICC),semilocal,improved_closeness,0.8622484232984571,0.8934845187284152,-0.03123609542995809,0.8622484232984571,-0.03123609542995809,19,0.714285714285714,0.949090909090909,False
Expected force (ExFm),Mixed gravitational centrality,modified_expected_force,mixed_gravity,0.8776465062181764,0.9088352716269303,-0.031188765408753927,0.8776465062181764,-0.031188765408753927,19,0.752727272727273,1.0,False
Extended mixed gravitational centrality,MCC,extended_mixed_gravity,mcc,0.8264364668915791,0.8576139491952391,-0.03117748230366002,0.8264364668915791,-0.03117748230366002,14,0.673193534522786,1.0,False
Clustering degree algorithm (CDA),Bridging capital,cda,bridging_capital,0.9205132011845588,0.9516884650811972,-0.031175263896638383,0.9205132011845588,-0.031175263896638383,14,0.8409632877462,1.0,False
Node and Neighbor Layer Information (NINL) centrality,Extended neighborhood coreness,ninl,extended_coreness,0.9252050753938421,0.9563400571155936,-0.031134981721751442,0.9252050753938421,-0.031134981721751442,19,0.789473684210526,1.0,False
Weighted LeaderRank,Mixed gravitational centrality,weighted_leaderrank,mixed_gravity,0.8590485629094315,0.8899814620692055,-0.03093289915977393,0.8590485629094315,-0.03093289915977393,19,0.714285714285714,1.0,False
Weighted LeaderRank,Map Equation Centrality (MEC),weighted_leaderrank,map_equation,0.9541048229004709,0.9232230174188122,0.030881805481658753,0.9541048229004709,0.030881805481658753,19,0.883715101688537,0.983405387835954,False
Support,Improved global structure model (IGSM),support,improved_global_structure,0.8541024412288452,0.8232475919336262,0.030854849295218978,0.8541024412288452,0.030854849295218978,18,0.456474981099083,0.988023520059354,False
Expected force (ExFm),Extended mixed gravitational centrality,modified_expected_force,extended_mixed_gravity,0.9262228900431205,0.8953739187250296,0.030848971318090945,0.9262228900431205,0.030848971318090945,19,0.784671532846715,1.0,False
Map Equation Centrality (MEC),X-degree centrality,map_equation,x_degree,0.8114505340826754,0.842277510743082,-0.03082697666040657,0.8114505340826754,-0.03082697666040657,19,0.625267479569385,0.96303635673335,False
Support,Dynamical importance,support,dynamical_importance,0.8379660379882015,0.8071892922871821,0.030776745701019403,0.8379660379882015,0.030776745701019403,13,0.552574977119943,0.988023520059354,False
delta-betweenness,Expected force (ExFm),delta_betweenness,modified_expected_force,0.6722855796821686,0.6415882791200691,0.030697300562099517,0.6722855796821686,0.030697300562099517,19,0.32120803721981,0.825910931174089,False
Length-scaled betweenness,Dynamical importance,length_scaled_betweenness,dynamical_importance,0.5791797096632788,0.5484864796859988,0.030693229977279968,0.5791797096632788,0.030693229977279968,14,0.284153476852619,0.741990936973324,False
Diffusion centrality,Improved closeness centrality (ICC),diffusion_centrality,improved_closeness,0.8450938961977711,0.8756908329635477,-0.030596936765776572,0.8450938961977711,-0.030596936765776572,19,0.68272386925159,0.955555555555556,False
k-betweenness,Graph regularization centrality (GRC),candidate_18,graph_regularization,0.6890536985826555,0.6584758156456311,0.03057788293702446,0.6890536985826555,0.03057788293702446,19,0.43915503282684,0.812817344593504,False
Bridging capital,Weighted LeaderRank,bridging_capital,weighted_leaderrank,0.9377304678813426,0.9071745264410562,0.030555941440286394,0.9377304678813426,0.030555941440286394,14,0.81446311169449,1.0,False
Improved global structure model (IGSM),X-degree centrality,improved_global_structure,x_degree,0.9357126342488755,0.9052019370131852,0.03051069723569033,0.9357126342488755,0.03051069723569033,19,0.785119974182406,0.988023520059354,False
Support,Adaptive LeaderRank,support,adaptive_leaderrank,0.8870760763162161,0.8565925574221382,0.030483518894077855,0.8870760763162161,0.030483518894077855,18,0.609271795844942,0.988023520059354,False
Adaptive LeaderRank,MCC,adaptive_leaderrank,mcc,0.8386009563285098,0.8690485774869822,-0.030447621158472327,0.8386009563285098,-0.030447621158472327,14,0.651058144616374,1.0,False
delta-betweenness,MCC,delta_betweenness,mcc,0.576400760905913,0.606830766239545,-0.03043000533363205,0.576400760905913,-0.03043000533363205,14,0.32120803721981,0.868522023250556,False
LocalRank,Mixed gravitational centrality,semilocal,mixed_gravity,0.9293991680067937,0.8989920522082305,0.030407115798563145,0.9293991680067937,0.030407115798563145,19,0.726277372262774,1.0,False
Clustering degree algorithm (CDA),Malatya centrality,cda,malatya,0.6851018280845286,0.65471678643398,0.03038504165054856,0.6851018280845286,0.03038504165054856,19,0.478102189781022,0.832727272727273,False
k-betweenness,LineRank,candidate_18,linerank,0.6725566031982437,0.6422851781555547,0.030271425042688982,0.6725566031982437,0.030271425042688982,14,0.408015248814017,0.821862348178138,False
Egocentric betweenness,Clustering degree algorithm (CDA),ego_betweenness,cda,0.5767394126581039,0.6069575832954293,-0.030218170637325348,0.5767394126581039,-0.030218170637325348,19,0.182818106031783,0.776510767619136,False
Expected force (ExFm),X-degree centrality,modified_expected_force,x_degree,0.8566374167049432,0.8866931177704046,-0.030055701065461404,0.8566374167049432,-0.030055701065461404,19,0.718978102189781,0.988023520059354,False
SpectralRank,Adaptive LeaderRank,spectralrank,adaptive_leaderrank,0.9281426515634007,0.957920718251526,-0.029778066688125326,0.9281426515634007,-0.029778066688125326,19,0.827692307478525,1.0,False
Mixed Degree Decomposition (MDD),Improved closeness centrality (ICC),mdd,improved_closeness,0.8201588913354615,0.7903924772886354,0.029766414046826117,0.8201588913354615,0.029766414046826117,19,0.617498523095861,0.944606427885211,False
LineRank,Map Equation Centrality (MEC),linerank,map_equation,0.9302483280584,0.900484667096183,0.029763660962216942,0.9302483280584,0.029763660962216942,14,0.86121747185972,0.975900072948533,False
Extended neighborhood coreness,Malatya centrality,extended_coreness,malatya,0.6647756783032325,0.6350661135897702,0.02970956471346231,0.6647756783032325,0.02970956471346231,19,0.420476022573475,0.832727272727273,False
Diffusion centrality,Extended gravity centrality,diffusion_centrality,extended_gravity,0.9675225905569877,0.9378182541597003,0.029704336397287423,0.9675225905569877,0.029704336397287423,19,0.92,1.0,False
Clustering degree algorithm (CDA),BG-index,cda,beta_measure,0.5915593826798418,0.5618578146499027,0.029701568029939063,0.5915593826798418,0.029701568029939063,19,0.394248994919932,0.781818181818182,False
Clustering degree algorithm (CDA),beta-measure,cda,beta_measure,0.5915593826798418,0.5618578146499027,0.029701568029939063,0.5915593826798418,0.029701568029939063,19,0.394248994919932,0.781818181818182,False
Proximal betwenness,Extended mixed gravitational centrality,proximal_betweenness,extended_mixed_gravity,0.6053769358965938,0.5756929352265484,0.029684000670045396,0.6053769358965938,0.029684000670045396,19,0.390360029179413,0.765599739513384,False
Dynamics-sensitive (DS) centrality,Mixed Degree Decomposition (MDD),dynamics_sensitive,mdd,0.8999908749513977,0.8703955932907567,0.02959528166064107,0.8999908749513977,0.02959528166064107,19,0.787842943260237,1.0,False
Mixed gravitational centrality,Extended mixed gravitational centrality,mixed_gravity,extended_mixed_gravity,0.8879168917455462,0.9171165462333216,-0.029199654487775395,0.8879168917455462,-0.029199654487775395,19,0.752380952380952,1.0,False
Extended neighborhood coreness,BG-index,extended_coreness,beta_measure,0.5712776775043978,0.5421373630883389,0.02914031441605891,0.5712776775043978,0.02914031441605891,19,0.354662384257627,0.781818181818182,False
Extended neighborhood coreness,beta-measure,extended_coreness,beta_measure,0.5712776775043978,0.5421373630883389,0.02914031441605891,0.5712776775043978,0.02914031441605891,19,0.354662384257627,0.781818181818182,False
SpectralRank,Graph regularization centrality (GRC),spectralrank,graph_regularization,0.8909640114687019,0.9198638372145901,-0.02889982574588823,0.8909640114687019,-0.02889982574588823,19,0.774545454545454,0.970909090909091,False
Graph regularization centrality (GRC),LocalRank,graph_regularization,semilocal,0.83406951186734,0.8629188704108823,-0.028849358543542314,0.83406951186734,-0.028849358543542314,19,0.672727272727273,0.963636363636363,False
Egocentric betweenness,Global Structure Model (GSM),ego_betweenness,global_structure,0.6328340687977188,0.6040867316705244,0.02874733712719435,0.6328340687977188,0.02874733712719435,19,0.345746409077015,0.808127931030153,False
Support,Egocentric betweenness,support,ego_betweenness,0.6072696416453383,0.6359598493785807,-0.02869020773324249,0.6072696416453383,-0.02869020773324249,18,0.192902153361782,0.863072893282152,False
Improved global structure model (IGSM),Improved closeness centrality (ICC),improved_global_structure,improved_closeness,0.8750199454041194,0.903622748145839,-0.028602802741719557,0.8750199454041194,-0.028602802741719557,19,0.714285714285714,0.977777777777778,False
Expected force (ExFm),Clustering degree algorithm (CDA),modified_expected_force,cda,0.893291389105611,0.9218193569244337,-0.02852796781882272,0.893291389105611,-0.02852796781882272,19,0.781818181818182,1.0,False
delta-betweenness,Mixed Degree Decomposition (MDD),delta_betweenness,mdd,0.6942934551958987,0.6659124233378427,0.02838103185805596,0.6942934551958987,0.02838103185805596,19,0.32120803721981,0.86584798406586,False
delta-closeness,Extended gravity centrality,delta_closeness,extended_gravity,0.8604504540388278,0.832175409875683,0.028275044163144858,0.8604504540388278,0.028275044163144858,19,0.691125256102968,0.955628079288509,False
Bridging capital,Mixed gravitational centrality,bridging_capital,mixed_gravity,0.8846861823876285,0.91295679061703,-0.028270608229401417,0.8846861823876285,-0.028270608229401417,14,0.799688270666019,1.0,False
Extended gravity centrality,Map Equation Centrality (MEC),extended_gravity,map_equation,0.869087059910528,0.8408435118089741,0.02824354810155394,0.869087059910528,0.02824354810155394,19,0.652794978669924,0.975900072948533,False
Weighted LeaderRank,Global Structure Model (GSM),weighted_leaderrank,global_structure,0.9101317226379401,0.8818959531972922,0.028235769440647873,0.9101317226379401,0.028235769440647873,19,0.769052821312397,1.0,False
Length-scaled betweenness,Weighted LeaderRank,length_scaled_betweenness,weighted_leaderrank,0.655560519020022,0.6274923140372796,0.02806820498274243,0.655560519020022,0.02806820498274243,19,0.29277002188456,0.782463169899141,False
delta-closeness,LocalRank,delta_closeness,semilocal,0.8395445116114637,0.8675999208128025,-0.028055409201338755,0.8395445116114637,-0.028055409201338755,19,0.729754769777987,0.955628079288509,False
Length-scaled betweenness,Adaptive LeaderRank,length_scaled_betweenness,adaptive_leaderrank,0.6212473801792063,0.593222088522297,0.028025291656909368,0.6212473801792063,0.028025291656909368,19,0.29277002188456,0.77053593226172,False
Proximal betwenness,X-degree centrality,proximal_betweenness,x_degree,0.5509471099297062,0.5789465420685951,-0.02799943213888889,0.5509471099297062,-0.02799943213888889,19,0.255009530508761,0.734177476607242,False
Mixed Degree Decomposition (MDD),Graph regularization centrality (GRC),mdd,graph_regularization,0.9529155888788713,0.9251801563788367,0.02773543250003463,0.9529155888788713,0.02773543250003463,19,0.904761904761905,0.981649817214043,False
Hybrid Global Structure Model (H-GSM),Improved closeness centrality (ICC),hybrid_global_structure,improved_closeness,0.835561590149774,0.8630706970593565,-0.027509106909582415,0.835561590149774,-0.027509106909582415,19,0.678832116788321,0.97037037037037,False
Egocentric betweenness,LocalRank,ego_betweenness,semilocal,0.5587213381263774,0.5861587469877914,-0.027437408861413992,0.5587213381263774,-0.027437408861413992,19,0.16819265754924,0.757806177003796,False
Exogenous centrality,Mixed Degree Decomposition (MDD),exogenous,mdd,0.7845262243767733,0.8117365680424895,-0.027210343665716175,0.7845262243767733,-0.027210343665716175,14,0.238095238095238,0.976859389305728,False
Clustering degree algorithm (CDA),Random walk decay,cda,random_walk_decay,0.6914497708248578,0.6643789118587027,0.02707085896615513,0.6914497708248578,0.02707085896615513,14,0.549090909090909,0.84,False
delta-closeness,Dynamical importance,delta_closeness,dynamical_importance,0.8565097962383832,0.8294408808520415,0.027068915386341708,0.8565097962383832,0.027068915386341708,14,0.737163447643753,0.96306487367986,False
ControlRank,Multi-characteristics gravity model (MCGM),controlrank,mcgm,0.8887871790144369,0.9158036723218772,-0.02701649330744027,0.8887871790144369,-0.02701649330744027,14,0.666666666666667,0.978181818181818,False
Egocentric betweenness,Extended neighborhood coreness,ego_betweenness,extended_coreness,0.5638969405967514,0.590885619819329,-0.026988679222577527,0.5638969405967514,-0.026988679222577527,19,0.191528869911433,0.749789651081672,False
Exogenous centrality,Malatya centrality,exogenous,malatya,0.7455696032449266,0.7185946069018271,0.026974996343099522,0.7455696032449266,0.026974996343099522,14,0.428571428571429,0.937724384731131,False
Clustering degree algorithm (CDA),X-degree centrality,cda,x_degree,0.9535282781379966,0.9265674988095741,0.026960779328422446,0.9535282781379966,0.026960779328422446,19,0.845513818350284,0.997578809464659,False
ControlRank,Local gravity model,controlrank,candidate_21,0.9038645219568298,0.9308149817121518,-0.026950459755322065,0.9038645219568298,-0.026950459755322065,14,0.666666666666667,0.978181818181818,False
Length-scaled betweenness,Expected force (ExFm),length_scaled_betweenness,modified_expected_force,0.6654347601584141,0.6385823024846887,0.02685245767372535,0.6654347601584141,0.02685245767372535,19,0.29277002188456,0.809716599190283,False
ControlRank,Graph regularization centrality (GRC),controlrank,graph_regularization,0.9646600179019577,0.9378685832794991,0.026791434622458588,0.9646600179019577,0.026791434622458588,14,0.761904761904762,1.0,False
Mixed Degree Decomposition (MDD),Gravity model,mdd,candidate_14,0.9480111139899218,0.9212828815029643,0.026728232486957437,0.9480111139899218,0.026728232486957437,19,0.89150199799152,1.0,False
Gravity model,Hybrid Global Structure Model (H-GSM),candidate_14,hybrid_global_structure,0.9420767360237623,0.91539680012948,0.026679935894282303,0.9420767360237623,0.026679935894282303,19,0.871604938271605,1.0,False
Bridging capital,X-degree centrality,bridging_capital,x_degree,0.8763251361055405,0.9029966836377327,-0.02667154753219214,0.8763251361055405,-0.02667154753219214,14,0.74189137300343,0.988023520059354,False
Mixed Degree Decomposition (MDD),Diffusion centrality,mdd,diffusion_centrality,0.8975162851153781,0.8708775698864526,0.02663871522892547,0.8975162851153781,0.02663871522892547,19,0.705250235542598,1.0,False
Bridging capital,Graph regularization centrality (GRC),bridging_capital,graph_regularization,0.9395812493897961,0.9129545335271999,0.02662671586259624,0.9395812493897961,0.02662671586259624,14,0.877256186065494,0.978181818181818,False
Dynamical importance,LineRank,dynamical_importance,linerank,0.8862948761261775,0.8597092587934497,0.026585617332727796,0.8862948761261775,0.026585617332727796,14,0.759124087591241,0.992727272727273,False
k-betweenness,Extended neighborhood coreness,candidate_18,extended_coreness,0.557169539136007,0.5837333416460956,-0.026563802510088608,0.557169539136007,-0.026563802510088608,19,0.212847261408743,0.728500192664718,False
Mixed gravitational centrality,X-degree centrality,mixed_gravity,x_degree,0.9356120390735733,0.9090698024307209,0.02654223664285238,0.9356120390735733,0.02654223664285238,19,0.755474452554745,0.996941896024465,False
Exogenous centrality,Global Structure Model (GSM),exogenous,global_structure,0.818725241833034,0.8452637868558962,-0.026538545022862237,0.818725241833034,-0.026538545022862237,14,0.238095238095238,0.960059852218736,False
delta-betweenness,Extended mixed gravitational centrality,delta_betweenness,extended_mixed_gravity,0.6080358102938515,0.5815403208364952,0.026495489457356247,0.6080358102938515,0.026495489457356247,19,0.32120803721981,0.765599739513384,False
Dynamical importance,Mixed gravitational centrality,dynamical_importance,mixed_gravity,0.9069152539215029,0.8808009476092031,0.026114306312299718,0.9069152539215029,0.026114306312299718,14,0.737226277372263,1.0,False
Dynamics-sensitive (DS) centrality,Adaptive LeaderRank,dynamics_sensitive,adaptive_leaderrank,0.9270578471490811,0.9531516150022612,-0.026093767853180072,0.9270578471490811,-0.026093767853180072,19,0.843071308235093,1.0,False
delta-closeness,SpectralRank,delta_closeness,spectralrank,0.8706968522392501,0.8447227921519147,0.025974060087335382,0.8706968522392501,0.025974060087335382,19,0.749126667889163,0.96306487367986,False
Dynamical importance,k-betweenness,dynamical_importance,candidate_18,0.5777923174990199,0.5518907732777519,0.025901544221268002,0.5777923174990199,0.025901544221268002,14,0.233151570750867,0.741990936973324,False
SpectralRank,Extended gravity centrality,spectralrank,extended_gravity,0.9705647013773855,0.9447429094624787,0.025821791914906744,0.9705647013773855,0.025821791914906744,19,0.875912408759124,1.0,False
Clustering degree algorithm (CDA),k-betweenness,cda,candidate_18,0.5745784985017987,0.6003426893290172,-0.02576419082721859,0.5745784985017987,-0.02576419082721859,19,0.255009530508761,0.741990936973324,False
Proximal betwenness,Mixed Degree Decomposition (MDD),proximal_betweenness,mdd,0.6918603859547381,0.6663132319007747,0.02554715405396335,0.6918603859547381,0.02554715405396335,19,0.390360029179413,0.86584798406586,False
Exogenous centrality,Random walk decay,exogenous,random_walk_decay,0.763142023637261,0.737643027002357,0.02549899663490407,0.763142023637261,0.02549899663490407,14,0.523809523809524,0.962730368323961,False
Dynamics-sensitive (DS) centrality,Improved closeness centrality (ICC),dynamics_sensitive,improved_closeness,0.849603429862578,0.8749286428295043,-0.025325212966926358,0.849603429862578,-0.025325212966926358,19,0.714285714285714,0.977777777777778,False
Local gravity model,Extended mixed gravitational centrality,candidate_21,extended_mixed_gravity,0.9379769935565686,0.9127402498082491,0.025236743748319523,0.9379769935565686,0.025236743748319523,19,0.848264671626489,1.0,False
Weighted LeaderRank,Hybrid Global Structure Model (H-GSM),weighted_leaderrank,hybrid_global_structure,0.9017676481936581,0.8768167677609675,0.02495088043269056,0.9017676481936581,0.02495088043269056,19,0.825454545454545,1.0,False
Expected force (ExFm),Weighted LeaderRank,modified_expected_force,weighted_leaderrank,0.9694850043118888,0.9446183137294495,0.024866690582439288,0.9694850043118888,0.024866690582439288,19,0.904761904761905,1.0,False
Expected force (ExFm),Hybrid Global Structure Model (H-GSM),modified_expected_force,hybrid_global_structure,0.9231198485315858,0.8983317212805453,0.024788127251040515,0.9231198485315858,0.024788127251040515,19,0.851851851851852,1.0,False
Exogenous centrality,ControlRank,exogenous,controlrank,0.8057206572909528,0.8304971523551954,-0.02477649506424262,0.8057206572909528,-0.02477649506424262,14,0.571428571428571,0.960499308984094,False
Proximal betwenness,Multi-characteristics gravity model (MCGM),proximal_betweenness,mcgm,0.609985103073563,0.5853126348367313,0.02467246823683167,0.609985103073563,0.02467246823683167,19,0.371585315884194,0.765599739513384,False
Gravity model,Map Equation Centrality (MEC),candidate_14,map_equation,0.9369997656519351,0.9123857952007447,0.024613970451190403,0.9369997656519351,0.024613970451190403,19,0.868308372066486,0.975900072948533,False
Local gravity model,Mixed gravitational centrality,candidate_21,mixed_gravity,0.8979440849359426,0.9225151352612996,-0.024571050325357002,0.8979440849359426,-0.024571050325357002,19,0.811701539228796,1.0,False
Dynamical importance,Dynamics-sensitive (DS) centrality,dynamical_importance,dynamics_sensitive,0.9489268568899996,0.9244114660688915,0.024515390821108096,0.9489268568899996,0.024515390821108096,14,0.843065693430657,1.0,False
Egocentric betweenness,SpectralRank,ego_betweenness,spectralrank,0.5984721415255772,0.622796269009165,-0.02432412748358781,0.5984721415255772,-0.02432412748358781,19,0.212069002996868,0.877121251203532,False
Local gravity model,Multi-characteristics gravity model (MCGM),candidate_21,mcgm,0.9605134044151303,0.9362165554360343,0.02429684897909601,0.9605134044151303,0.02429684897909601,19,0.905775540884473,1.0,False
Mixed Degree Decomposition (MDD),Weighted LeaderRank,mdd,weighted_leaderrank,0.9575436849057659,0.9332645885995812,0.024279096306184744,0.9575436849057659,0.024279096306184744,19,0.86840800179451,1.0,False
Length-scaled betweenness,Mixed Degree Decomposition (MDD),length_scaled_betweenness,mdd,0.6867543969112927,0.6625583123380797,0.024196084573212984,0.6867543969112927,0.024196084573212984,19,0.29277002188456,0.86584798406586,False
X-degree centrality,Hybrid Global Structure Model (H-GSM),x_degree,hybrid_global_structure,0.8867221599727743,0.8627146054121347,0.02400755456063952,0.8867221599727743,0.02400755456063952,19,0.684463567235944,0.988023520059354,False
Local gravity model,Graph regularization centrality (GRC),candidate_21,graph_regularization,0.9350559011244461,0.9589425038518227,-0.023886602727376527,0.9350559011244461,-0.023886602727376527,19,0.830602470799964,0.978181818181818,False
Length-scaled betweenness,Extended mixed gravitational centrality,length_scaled_betweenness,extended_mixed_gravity,0.602877301058973,0.5790610888442828,0.023816212214690213,0.602877301058973,0.023816212214690213,19,0.29277002188456,0.765599739513384,False
Local gravity model,Hybrid Global Structure Model (H-GSM),candidate_21,hybrid_global_structure,0.9442194287822708,0.9204201035769903,0.023799325205280497,0.9442194287822708,0.023799325205280497,19,0.873858864304875,1.0,False
Mixed gravitational centrality,Random walk decay,mixed_gravity,random_walk_decay,0.6842905638745603,0.6604939761026841,0.02379658777187621,0.6842905638745603,0.02379658777187621,14,0.52,0.832727272727273,False
Expected force (ExFm),Global Structure Model (GSM),modified_expected_force,global_structure,0.9168740095249078,0.8931222280515799,0.023751781473327904,0.9168740095249078,0.023751781473327904,19,0.776447559978862,1.0,False
Extended neighborhood coreness,Weighted LeaderRank,extended_coreness,weighted_leaderrank,0.8537443196085294,0.8774488151552639,-0.023704495546734483,0.8537443196085294,-0.023704495546734483,19,0.687386889076638,1.0,False
Dynamics-sensitive (DS) centrality,MCC,dynamics_sensitive,mcc,0.819800416837481,0.8434703784103584,-0.023669961572877485,0.819800416837481,-0.023669961572877485,14,0.661145328088373,1.0,False
ControlRank,Improved closeness centrality (ICC),controlrank,improved_closeness,0.8568244702532518,0.8803240125554683,-0.023499542302216514,0.8568244702532518,-0.023499542302216514,14,0.653284671532847,0.952380952380952,False
Adaptive LeaderRank,Improved closeness centrality (ICC),adaptive_leaderrank,improved_closeness,0.8220219567550078,0.8454816045069472,-0.023459647751939428,0.8220219567550078,-0.023459647751939428,19,0.660366736373105,0.941682121888127,False
ControlRank,Dynamical importance,controlrank,dynamical_importance,0.8470322040679269,0.8704758445444593,-0.023443640476532357,0.8470322040679269,-0.023443640476532357,14,0.666666666666667,0.970909090909091,False
Proximal betwenness,Gravity model,proximal_betweenness,candidate_14,0.6610058621924118,0.6377365827133404,0.023269279479071314,0.6610058621924118,0.023269279479071314,19,0.390360029179413,0.813765182186235,False
Diffusion centrality,Graph regularization centrality (GRC),diffusion_centrality,graph_regularization,0.8901121782085608,0.9131460154627179,-0.023033837254157086,0.8901121782085608,-0.023033837254157086,19,0.772603061905808,0.969036215933291,False
k-betweenness,LocalRank,candidate_18,semilocal,0.5569097620034369,0.5798925618687333,-0.02298279986529639,0.5569097620034369,-0.02298279986529639,19,0.196721637821044,0.736486486486487,False
Weighted LeaderRank,Extended mixed gravitational centrality,weighted_leaderrank,extended_mixed_gravity,0.9258354563489047,0.9029692501205276,0.022866206228377095,0.9258354563489047,0.022866206228377095,19,0.751824817518248,1.0,False
Support,Bridging capital,support,bridging_capital,0.8796374311627874,0.8568770556699162,0.022760375492871132,0.8796374311627874,0.022760375492871132,13,0.497271164814813,0.988023520059354,False
Multi-characteristics gravity model (MCGM),Map Equation Centrality (MEC),mcgm,map_equation,0.8857304340690468,0.8630449462211746,0.022685487847872277,0.8857304340690468,0.022685487847872277,19,0.770769974815092,0.975900072948533,False
Proximal betwenness,Extended gravity centrality,proximal_betweenness,extended_gravity,0.5900651251350327,0.5674533188928341,0.022611806242198607,0.5900651251350327,0.022611806242198607,19,0.386157289056123,0.75548168128193,False
Map Equation Centrality (MEC),Improved closeness centrality (ICC),map_equation,improved_closeness,0.8124750285203839,0.7898789698854406,0.022596058634943295,0.8124750285203839,0.022596058634943295,19,0.609537480083363,0.94799117015258,False
Expected force (ExFm),Extended neighborhood coreness,modified_expected_force,extended_coreness,0.8725504135562886,0.8950797077929094,-0.022529294236620756,0.8725504135562886,-0.022529294236620756,19,0.712981081755023,1.0,False
delta-betweenness,Multi-characteristics gravity model (MCGM),delta_betweenness,mcgm,0.6134748974413312,0.5914125053022803,0.022062392139050924,0.6134748974413312,0.022062392139050924,19,0.32120803721981,0.765599739513384,False
Diffusion centrality,LocalRank,diffusion_centrality,semilocal,0.9115397810324121,0.9335781838262514,-0.022038402793839285,0.9115397810324121,-0.022038402793839285,19,0.739615374547724,1.0,False
delta-closeness,MCC,delta_closeness,mcc,0.7768685812514855,0.754933934967218,0.021934646284267556,0.7768685812514855,0.021934646284267556,14,0.627206759609984,0.904761904761905,False
Improved global structure model (IGSM),Map Equation Centrality (MEC),improved_global_structure,map_equation,0.8573750257922556,0.835469314076937,0.02190571171531852,0.8573750257922556,0.02190571171531852,19,0.660659978412936,0.975900072948533,False
Gravity model,Extended mixed gravitational centrality,candidate_14,extended_mixed_gravity,0.9302962425225857,0.9083957389609056,0.02190050356168005,0.9302962425225857,0.02190050356168005,19,0.817518248175182,1.0,False
ControlRank,LineRank,controlrank,linerank,0.9303021890812498,0.9084387994628734,0.021863389618376416,0.9303021890812498,0.021863389618376416,14,0.761904761904762,0.981651376146789,False
Mixed gravitational centrality,Map Equation Centrality (MEC),mixed_gravity,map_equation,0.8334326850452454,0.8552909737165109,-0.02185828867126549,0.8334326850452454,-0.02185828867126549,19,0.674489539015931,0.975900072948533,False
Adaptive LeaderRank,Mixed gravitational centrality,adaptive_leaderrank,mixed_gravity,0.9049702243890777,0.9267307072060209,-0.021760482816943205,0.9049702243890777,-0.021760482816943205,19,0.784676758746948,1.0,False
Improved global structure model (IGSM),Extended gravity centrality,improved_global_structure,extended_gravity,0.9478518698904592,0.9262624856963325,0.021589384194126704,0.9478518698904592,0.021589384194126704,19,0.842105263157895,1.0,False
Dynamical importance,Multi-characteristics gravity model (MCGM),dynamical_importance,mcgm,0.9455470341388,0.9240090191323665,0.021538015006433486,0.9455470341388,0.021538015006433486,14,0.864963503649635,1.0,False
Mixed Degree Decomposition (MDD),X-degree centrality,mdd,x_degree,0.8401960038416746,0.8614730624846461,-0.02127705864297147,0.8401960038416746,-0.02127705864297147,19,0.640727307663731,0.988023520059354,False
delta-betweenness,Gravity model,delta_betweenness,candidate_14,0.664112424724694,0.6429527050791284,0.021159719645565622,0.664112424724694,0.021159719645565622,19,0.32120803721981,0.834008097165992,False
LocalRank,Extended mixed gravitational centrality,semilocal,extended_mixed_gravity,0.8849415505053192,0.9060463347026123,-0.021104784197293114,0.8849415505053192,-0.021104784197293114,19,0.684210526315789,1.0,False
Support,Map Equation Centrality (MEC),support,map_equation,0.9273175073417619,0.9062412338573207,0.021076273484441188,0.9273175073417619,0.021076273484441188,18,0.570913610218389,1.0,False
Egocentric betweenness,Graph regularization centrality (GRC),ego_betweenness,graph_regularization,0.6922859450069596,0.6712360695532046,0.02104987545375503,0.6922859450069596,0.02104987545375503,19,0.438763454476278,0.941615460850851,False
Exogenous centrality,Support,exogenous,support,0.7557597041643196,0.7767786060828058,-0.02101890191848621,0.7557597041643196,-0.02101890191848621,13,0.0603505686981585,1.0,False
Mixed Degree Decomposition (MDD),LocalRank,mdd,semilocal,0.8356635641263015,0.8148115417166875,0.020852022409614035,0.8356635641263015,0.020852022409614035,19,0.64847023585302,1.0,False
Local gravity model,Node and Neighbor Layer Information (NINL) centrality,candidate_21,ninl,0.9319853181349977,0.9111379517735897,0.02084736636140805,0.9319853181349977,0.02084736636140805,19,0.808045225989026,1.0,False
Gravity model,X-degree centrality,candidate_14,x_degree,0.8683648475361108,0.8891795859705912,-0.02081473843448045,0.8683648475361108,-0.02081473843448045,19,0.700729927007299,0.988023520059354,False
LineRank,Weighted LeaderRank,linerank,weighted_leaderrank,0.9398728754570712,0.9192167663507841,0.020656109106287124,0.9398728754570712,0.020656109106287124,14,0.864963503649635,0.98989898989899,False
Gravity model,Clustering degree algorithm (CDA),candidate_14,cda,0.9035531435062002,0.924110182614173,-0.020557039107972797,0.9035531435062002,-0.020557039107972797,19,0.788321167883212,1.0,False
k-betweenness,Weighted LeaderRank,candidate_18,weighted_leaderrank,0.6550978170515056,0.634740969616256,0.02035684743524957,0.6550978170515056,0.02035684743524957,19,0.341565025531987,0.802273257801784,False
Dynamical importance,Graph regularization centrality (GRC),dynamical_importance,graph_regularization,0.8607445897368253,0.8404427151063119,0.020301874630513472,0.8607445897368253,0.020301874630513472,14,0.709090909090909,0.970909090909091,False
Dynamics-sensitive (DS) centrality,LocalRank,dynamics_sensitive,semilocal,0.9171184570307752,0.9373156487593651,-0.020197191728589914,0.9171184570307752,-0.020197191728589914,19,0.728744939271255,1.0,False
k-betweenness,Adaptive LeaderRank,candidate_18,adaptive_leaderrank,0.6213129733322594,0.6011525806854761,0.020160392646783376,0.6213129733322594,0.020160392646783376,19,0.341565025531987,0.77053593226172,False
k-betweenness,SpectralRank,candidate_18,spectralrank,0.5914213739092352,0.6115109548179585,-0.02008958090872326,0.5914213739092352,-0.02008958090872326,19,0.284153476852619,0.75548168128193,False
Diffusion centrality,MCC,diffusion_centrality,mcc,0.8196230667166123,0.8397125797114353,-0.020089512994822978,0.8196230667166123,-0.020089512994822978,14,0.652142584927973,1.0,False
Length-scaled betweenness,Multi-characteristics gravity model (MCGM),length_scaled_betweenness,mcgm,0.6092125772168996,0.5892283856119576,0.019984191604942025,0.6092125772168996,0.019984191604942025,19,0.29277002188456,0.765599739513384,False
Godfather index,k-truss number,godfather,truss,0.48877423396095654,0.4687916734690698,0.019982560491886736,0.48877423396095654,0.019982560491886736,18,0.256243066351175,0.693629202904168,False
Node and Neighbor Layer Information (NINL) centrality,Weighted LeaderRank,ninl,weighted_leaderrank,0.9070955659897975,0.88724339645312,0.019852169536677455,0.9070955659897975,0.019852169536677455,19,0.704379562043796,1.0,False
Proximal betwenness,Mixed gravitational centrality,proximal_betweenness,mixed_gravity,0.576226738635482,0.5564005592500623,0.01982617938541975,0.576226738635482,0.01982617938541975,19,0.284153476852619,0.724050890723004,False
Mixed gravitational centrality,Malatya centrality,mixed_gravity,malatya,0.6757284554767325,0.6559383086935141,0.019790146783218443,0.6757284554767325,0.019790146783218443,19,0.421057451293024,0.825454545454545,False
Clustering degree algorithm (CDA),Weighted LeaderRank,cda,weighted_leaderrank,0.8714053849956407,0.8911786986275368,-0.01977331363189616,0.8714053849956407,-0.01977331363189616,19,0.72992700729927,1.0,False
LineRank,Extended gravity centrality,linerank,extended_gravity,0.9191113236169572,0.8994480536058621,0.019663270011095135,0.9191113236169572,0.019663270011095135,14,0.781021897810219,0.985454545454545,False
SpectralRank,Improved closeness centrality (ICC),spectralrank,improved_closeness,0.8481891247120168,0.8678228862389494,-0.019633761526932636,0.8481891247120168,-0.019633761526932636,19,0.701818181818182,0.977777777777778,False
Support,ControlRank,support,controlrank,0.8406876489875861,0.8602507381509783,-0.019563089163392222,0.8406876489875861,-0.019563089163392222,13,0.408424983088653,0.976077493197785,False
Bridging capital,Improved closeness centrality (ICC),bridging_capital,improved_closeness,0.8550305390176649,0.8745899513359656,-0.019559412318300717,0.8550305390176649,-0.019559412318300717,14,0.709334251403317,0.985185185185185,False
Expected force (ExFm),LocalRank,modified_expected_force,semilocal,0.8577057151020021,0.8772099526852623,-0.019504237583260142,0.8577057151020021,-0.019504237583260142,19,0.724696356275304,1.0,False
Expected force (ExFm),Extended gravity centrality,modified_expected_force,extended_gravity,0.9091138718404552,0.8896142117285211,0.01949966011193416,0.9091138718404552,0.01949966011193416,19,0.708029197080292,1.0,False
Improved global structure model (IGSM),MCC,improved_global_structure,mcc,0.7882683534626079,0.80776228508607,-0.019493931623462024,0.7882683534626079,-0.019493931623462024,14,0.630405640059357,1.0,False
Node and Neighbor Layer Information (NINL) centrality,Mixed gravitational centrality,ninl,mixed_gravity,0.8881115856174798,0.9076027467532247,-0.019491161135744894,0.8881115856174798,-0.019491161135744894,19,0.72992700729927,1.0,False
Multi-characteristics gravity model (MCGM),Hybrid Global Structure Model (H-GSM),mcgm,hybrid_global_structure,0.9478431729920688,0.9283705739459146,0.01947259904615417,0.9478431729920688,0.01947259904615417,19,0.894160583941606,1.0,False
Mixed gravitational centrality,BG-index,mixed_gravity,beta_measure,0.5823684603064425,0.5629589686679619,0.019409491638480603,0.5823684603064425,0.019409491638480603,19,0.336554020053601,0.774545454545454,False
Mixed gravitational centrality,beta-measure,mixed_gravity,beta_measure,0.5823684603064425,0.5629589686679619,0.019409491638480603,0.5823684603064425,0.019409491638480603,19,0.336554020053601,0.774545454545454,False
LineRank,Hybrid Global Structure Model (H-GSM),linerank,hybrid_global_structure,0.9281668557207001,0.9087614470414441,0.019405408679255998,0.9281668557207001,0.019405408679255998,14,0.883211678832117,0.985454545454545,False
Dynamics-sensitive (DS) centrality,Extended neighborhood coreness,dynamics_sensitive,extended_coreness,0.9368445090048676,0.9562363354264981,-0.01939182642163051,0.9368445090048676,-0.01939182642163051,19,0.821862348178138,1.0,False
Dynamics-sensitive (DS) centrality,Extended gravity centrality,dynamics_sensitive,extended_gravity,0.9655272332767618,0.9461654455253737,0.019361787751388082,0.9655272332767618,0.019361787751388082,19,0.85036496350365,1.0,False
Proximal betwenness,Improved closeness centrality (ICC),proximal_betweenness,improved_closeness,0.6433181421685659,0.6240347563437884,0.01928338582477751,0.6433181421685659,0.01928338582477751,19,0.36429932929823,0.806071972439201,False
Clustering degree algorithm (CDA),Global Structure Model (GSM),cda,global_structure,0.9054857758885403,0.9247553310236101,-0.019269555135069782,0.9054857758885403,-0.019269555135069782,19,0.754263343979466,1.0,False
Dynamics-sensitive (DS) centrality,Clustering degree algorithm (CDA),dynamics_sensitive,cda,0.9476090704259604,0.9668652878054133,-0.019256217379452822,0.9476090704259604,-0.019256217379452822,19,0.847266324322713,1.0,False
Clustering degree algorithm (CDA),Improved closeness centrality (ICC),cda,improved_closeness,0.8500001244983804,0.8692406037131605,-0.019240479214780115,0.8500001244983804,-0.019240479214780115,19,0.676190476190476,0.949090909090909,False
Exogenous centrality,delta-closeness,exogenous,delta_closeness,0.8671783536667942,0.8863943305570582,-0.019215976890263997,0.8671783536667942,-0.019215976890263997,14,0.333333333333333,1.0,False
Graph regularization centrality (GRC),Global Structure Model (GSM),graph_regularization,global_structure,0.9089212927473425,0.8897672543016285,0.01915403844571395,0.9089212927473425,0.01915403844571395,19,0.809132757504191,0.975210312031518,False
Support,Expected force (ExFm),support,modified_expected_force,0.9076303479854833,0.8885114124738658,0.019118935511617474,0.9076303479854833,0.019118935511617474,18,0.504524979109513,0.988023520059354,False
Diffusion centrality,Mixed gravitational centrality,diffusion_centrality,mixed_gravity,0.8971510222093706,0.9162308972597805,-0.019079875050409867,0.8971510222093706,-0.019079875050409867,19,0.757991183666455,1.0,False
Proximal betwenness,Hybrid Global Structure Model (H-GSM),proximal_betweenness,hybrid_global_structure,0.6195806863280788,0.6006770840287032,0.0189036022993756,0.6195806863280788,0.0189036022993756,19,0.357013342712265,0.781376518218623,False
Mixed Degree Decomposition (MDD),Random walk decay,mdd,random_walk_decay,0.8586724845346765,0.8400856856198446,0.018586798914831837,0.8586724845346765,0.018586798914831837,14,0.714285714285714,0.927689772896498,False
Node and Neighbor Layer Information (NINL) centrality,LineRank,ninl,linerank,0.915954978538882,0.8973904628036145,0.018564515735267517,0.915954978538882,0.018564515735267517,14,0.795620437956204,0.985454545454545,False
Gravity model,Global Structure Model (GSM),candidate_14,global_structure,0.9305309015669602,0.911966745437026,0.018564156129934117,0.9305309015669602,0.018564156129934117,19,0.820091666183706,1.0,False
Support,Local gravity model,support,candidate_21,0.8965749302152267,0.8780108996962926,0.01856403051893407,0.8965749302152267,0.01856403051893407,18,0.497271164814813,0.988023520059354,False
Expected force (ExFm),Node and Neighbor Layer Information (NINL) centrality,modified_expected_force,ninl,0.9102501126640021,0.8916879699396086,0.018562142724393493,0.9102501126640021,0.018562142724393493,19,0.744525547445255,1.0,False
Support,SpectralRank,support,spectralrank,0.8653619626691417,0.8468250816369574,0.018536881032184316,0.8653619626691417,0.018536881032184316,18,0.528549978114728,0.988023520059354,False
Extended neighborhood coreness,Improved closeness centrality (ICC),extended_coreness,improved_closeness,0.8514653510541143,0.8699196086063021,-0.01845425755218788,0.8514653510541143,-0.01845425755218788,19,0.68272386925159,0.949090909090909,False
Length-scaled betweenness,Gravity model,length_scaled_betweenness,candidate_14,0.6585673389399058,0.6401148646796804,0.01845247426022545,0.6585673389399058,0.01845247426022545,19,0.29277002188456,0.825910931174089,False
Mixed Degree Decomposition (MDD),Local gravity model,mdd,candidate_21,0.9312250790465929,0.9128211905647482,0.01840388848184471,0.9312250790465929,0.01840388848184471,19,0.834763509020245,1.0,False
Egocentric betweenness,Local gravity model,ego_betweenness,candidate_21,0.6362186093939408,0.654617226921385,-0.018398617527444205,0.6362186093939408,-0.018398617527444205,19,0.267401061344969,0.912442155308447,False
Clustering degree algorithm (CDA),Diffusion centrality,cda,diffusion_centrality,0.9407254159199455,0.9590782783903191,-0.0183528624703736,0.9407254159199455,-0.0183528624703736,19,0.850163947955463,1.0,False
Support,X-degree centrality,support,x_degree,0.8294610573868597,0.8477893723725862,-0.018328314985726513,0.8294610573868597,-0.018328314985726513,18,0.587823560518114,1.0,False
Bridging capital,MCC,bridging_capital,mcc,0.8198244102444159,0.8381173819216745,-0.01829297167725863,0.8198244102444159,-0.01829297167725863,14,0.651058144616374,1.0,False
delta-betweenness,Extended gravity centrality,delta_betweenness,extended_gravity,0.5927451852549198,0.5745397503259781,0.018205434928941666,0.5927451852549198,0.018205434928941666,19,0.32120803721981,0.75548168128193,False
Support,Mixed gravitational centrality,support,mixed_gravity,0.82725348533254,0.8454387294400054,-0.01818524410746547,0.82725348533254,-0.01818524410746547,18,0.456474981099083,0.988023520059354,False
Extended gravity centrality,Global Structure Model (GSM),extended_gravity,global_structure,0.9204941831775517,0.938675954976837,-0.018181771799285262,0.9204941831775517,-0.018181771799285262,19,0.81278572706403,1.0,False
Extended neighborhood coreness,Multi-characteristics gravity model (MCGM),extended_coreness,mcgm,0.9298226580079251,0.9479772210073728,-0.018154562999447732,0.9298226580079251,-0.018154562999447732,19,0.870202551065105,1.0,False
ControlRank,Extended gravity centrality,controlrank,extended_gravity,0.8742849017403997,0.8923830654010838,-0.018098163660684063,0.8742849017403997,-0.018098163660684063,14,0.666666666666667,0.963636363636363,False
Diffusion centrality,Adaptive LeaderRank,diffusion_centrality,adaptive_leaderrank,0.9264332092566268,0.944495269377036,-0.01806206012040923,0.9264332092566268,-0.01806206012040923,19,0.771250530482802,1.0,False
Egocentric betweenness,Diffusion centrality,ego_betweenness,diffusion_centrality,0.5958229381695195,0.6138707963650771,-0.018047858195557653,0.5958229381695195,-0.018047858195557653,19,0.234007175720682,0.871554417216795,False
Node and Neighbor Layer Information (NINL) centrality,Adaptive LeaderRank,ninl,adaptive_leaderrank,0.9236264180404128,0.9416039276687298,-0.017977509628317012,0.9236264180404128,-0.017977509628317012,19,0.75026897359412,1.0,False
Gravity model,Extended neighborhood coreness,candidate_14,extended_coreness,0.8830376989171405,0.9010039938491334,-0.017966294931992977,0.8830376989171405,-0.017966294931992977,19,0.738575274433409,1.0,False
Egocentric betweenness,Adaptive LeaderRank,ego_betweenness,adaptive_leaderrank,0.629587147173915,0.6116343589714158,0.017952788202499126,0.629587147173915,0.017952788202499126,19,0.352294171020061,0.913142738301198,False
Gravity model,Extended gravity centrality,candidate_14,extended_gravity,0.919626009352299,0.9016736703882176,0.017952338964081438,0.919626009352299,0.017952338964081438,19,0.740875912408759,1.0,False
Random walk decay,X-degree centrality,random_walk_decay,x_degree,0.656189691464783,0.6740087873630012,-0.017819095898218174,0.656189691464783,-0.017819095898218174,14,0.490909090909091,0.825454545454545,False
Local gravity model,Improved global structure model (IGSM),candidate_21,improved_global_structure,0.9426396728054266,0.924913819224316,0.017725853581110562,0.9426396728054266,0.017725853581110562,19,0.819014165708334,1.0,False
k-betweenness,Extended mixed gravitational centrality,candidate_18,extended_mixed_gravity,0.6016415289239512,0.5841531293315598,0.017488399592391346,0.6016415289239512,0.017488399592391346,19,0.341565025531987,0.765599739513384,False
delta-closeness,Node and Neighbor Layer Information (NINL) centrality,delta_closeness,ninl,0.8610007411448399,0.8435700300905824,0.01743071105425753,0.8610007411448399,0.01743071105425753,19,0.728967539216472,0.96306487367986,False
Multi-characteristics gravity model (MCGM),Improved closeness centrality (ICC),mcgm,improved_closeness,0.8461533397973711,0.8634008149609295,-0.0172474751635584,0.8461533397973711,-0.0172474751635584,19,0.701818181818182,0.97037037037037,False
Length-scaled betweenness,Extended neighborhood coreness,length_scaled_betweenness,extended_coreness,0.5589519607556478,0.5761372628764383,-0.017185302120790502,0.5589519607556478,-0.017185302120790502,19,0.264224186576371,0.728500192664718,False
delta-closeness,Dynamics-sensitive (DS) centrality,delta_closeness,dynamics_sensitive,0.8690021663308043,0.8520086324700802,0.016993533860724108,0.8690021663308043,0.016993533860724108,19,0.755415977600919,0.97050166807121,False
Multi-characteristics gravity model (MCGM),Extended gravity centrality,mcgm,extended_gravity,0.961986219607335,0.9452600271623095,0.01672619244502549,0.961986219607335,0.01672619244502549,19,0.872262773722628,1.0,False
LineRank,Global Structure Model (GSM),linerank,global_structure,0.9207098053576347,0.9040041676869921,0.016705637670642592,0.9207098053576347,0.016705637670642592,14,0.835605469310585,0.978181818181818,False
Dynamics-sensitive (DS) centrality,Hybrid Global Structure Model (H-GSM),dynamics_sensitive,hybrid_global_structure,0.93653650048344,0.9199295179810184,0.01660698250242154,0.93653650048344,0.01660698250242154,19,0.85036496350365,1.0,False
Node and Neighbor Layer Information (NINL) centrality,Extended mixed gravitational centrality,ninl,extended_mixed_gravity,0.9702654798422812,0.9537044931948498,0.01656098664743133,0.9702654798422812,0.01656098664743133,19,0.883636363636363,1.0,False
Weighted LeaderRank,Adaptive LeaderRank,weighted_leaderrank,adaptive_leaderrank,0.9354748145332271,0.9189693969455872,0.016505417587639903,0.9354748145332271,0.016505417587639903,19,0.901921593505213,1.0,False
Extended neighborhood coreness,Extended gravity centrality,extended_coreness,extended_gravity,0.9465808699991648,0.9629997380579471,-0.016418868058782343,0.9465808699991648,-0.016418868058782343,19,0.850202429149797,1.0,False
Adaptive LeaderRank,Extended gravity centrality,adaptive_leaderrank,extended_gravity,0.9337548917342814,0.9500878465926477,-0.016332954858366278,0.9337548917342814,-0.016332954858366278,19,0.75026897359412,1.0,False
Weighted LeaderRank,Extended gravity centrality,weighted_leaderrank,extended_gravity,0.9010484495617003,0.8847503859232569,0.016298063638443328,0.9010484495617003,0.016298063638443328,19,0.68978102189781,1.0,False
Mixed Degree Decomposition (MDD),SpectralRank,mdd,spectralrank,0.8951666344338924,0.878974759391387,0.01619187504250541,0.8951666344338924,0.01619187504250541,19,0.764614158692367,1.0,False
SpectralRank,Hybrid Global Structure Model (H-GSM),spectralrank,hybrid_global_structure,0.9366658325337137,0.9205953946782337,0.016070437855480013,0.9366658325337137,0.016070437855480013,19,0.854014598540146,1.0,False
Support,Dynamics-sensitive (DS) centrality,support,dynamics_sensitive,0.8646037480116173,0.8487894896684031,0.01581425834321426,0.8646037480116173,0.01581425834321426,18,0.504524979109513,0.988023520059354,False
Extended mixed gravitational centrality,Improved closeness centrality (ICC),extended_mixed_gravity,improved_closeness,0.8301050275734062,0.8459105412676969,-0.01580551369429073,0.8301050275734062,-0.01580551369429073,19,0.676190476190476,0.948148148148148,False
Graph regularization centrality (GRC),Hybrid Global Structure Model (H-GSM),graph_regularization,hybrid_global_structure,0.9062826058072736,0.8905331095643565,0.015749496242917105,0.9062826058072736,0.015749496242917105,19,0.803636363636363,1.0,False
Gravity model,Local gravity model,candidate_14,candidate_21,0.9717363352829681,0.9873448690836601,-0.015608533800692048,0.9717363352829681,-0.015608533800692048,19,0.895796743743491,1.0,False
Mixed Degree Decomposition (MDD),k-betweenness,mdd,candidate_18,0.6861892771160306,0.6705970876387798,0.015592189477250828,0.6861892771160306,0.015592189477250828,19,0.341565025531987,0.86584798406586,False
Length-scaled betweenness,Extended gravity centrality,length_scaled_betweenness,extended_gravity,0.5880898790098134,0.5725524965920581,0.015537382417755263,0.5880898790098134,0.015537382417755263,19,0.29277002188456,0.75548168128193,False
Gravity model,Multi-characteristics gravity model (MCGM),candidate_14,mcgm,0.943278672082214,0.9277973731296323,0.015481298952581768,0.943278672082214,0.015481298952581768,19,0.861313868613139,1.0,False
Bridging capital,Node and Neighbor Layer Information (NINL) centrality,bridging_capital,ninl,0.9400331330418026,0.955495013084164,-0.015461880042361376,0.9400331330418026,-0.015461880042361376,14,0.840319083494315,1.0,False
ControlRank,Weighted LeaderRank,controlrank,weighted_leaderrank,0.9246756514294513,0.9092413940479858,0.015434257381465533,0.9246756514294513,0.015434257381465533,14,0.666666666666667,0.992592592592593,False
Extended mixed gravitational centrality,X-degree centrality,extended_mixed_gravity,x_degree,0.8843725052247345,0.8997532003959848,-0.015380695171250292,0.8843725052247345,-0.015380695171250292,19,0.744857411403821,0.988023520059354,False
delta-betweenness,Extended neighborhood coreness,delta_betweenness,extended_coreness,0.5626176919599088,0.5779888385913696,-0.015371146631460775,0.5626176919599088,-0.015371146631460775,19,0.271563747314604,0.728500192664718,False
Support,Weighted LeaderRank,support,weighted_leaderrank,0.9086639044790032,0.8933439185785591,0.015319985900444144,0.9086639044790032,0.015319985900444144,18,0.600624975130373,0.988023520059354,False
delta-betweenness,Hybrid Global Structure Model (H-GSM),delta_betweenness,hybrid_global_structure,0.6226651746885156,0.6073876086961206,0.015277565992394937,0.6226651746885156,0.015277565992394937,19,0.32120803721981,0.80161943319838,False
Length-scaled betweenness,Clustering degree algorithm (CDA),length_scaled_betweenness,cda,0.5758679266140988,0.5909884728618962,-0.01512054624779735,0.5758679266140988,-0.01512054624779735,19,0.29277002188456,0.741990936973324,False
LocalRank,Weighted LeaderRank,semilocal,weighted_leaderrank,0.8318656400114172,0.8469485826462825,-0.015082942634865315,0.8318656400114172,-0.015082942634865315,19,0.642335766423358,1.0,False
Expected force (ExFm),k-betweenness,modified_expected_force,candidate_18,0.6645674999098248,0.6495638807415048,0.015003619168319937,0.6645674999098248,0.015003619168319937,19,0.341565025531987,0.813765182186235,False
LocalRank,Multi-characteristics gravity model (MCGM),semilocal,mcgm,0.9101880311537618,0.92511277103133,-0.01492473987756826,0.9101880311537618,-0.01492473987756826,19,0.805668016194332,1.0,False
Extended neighborhood coreness,Map Equation Centrality (MEC),extended_coreness,map_equation,0.8246091623648595,0.8395179695794087,-0.014908807214549236,0.8246091623648595,-0.014908807214549236,19,0.65004978533354,0.975900072948533,False
delta-closeness,Mixed gravitational centrality,delta_closeness,mixed_gravity,0.8362246109312171,0.8213483815862723,0.014876229344944814,0.8362246109312171,0.014876229344944814,19,0.711390809618626,0.948191284897159,False
MCC,Hybrid Global Structure Model (H-GSM),mcc,hybrid_global_structure,0.820285234880692,0.8351065931481929,-0.014821358267500861,0.820285234880692,-0.014821358267500861,14,0.670181482914183,1.0,False
ControlRank,Expected force (ExFm),controlrank,modified_expected_force,0.9379325110055327,0.9231492263261356,0.014783284679397046,0.9379325110055327,0.014783284679397046,14,0.666666666666667,0.992727272727273,False
Bridging capital,Extended mixed gravitational centrality,bridging_capital,extended_mixed_gravity,0.9515037249509232,0.9367421989999027,0.014761525951020427,0.9515037249509232,0.014761525951020427,14,0.87221274766332,1.0,False
Clustering degree algorithm (CDA),Map Equation Centrality (MEC),cda,map_equation,0.8460204179944314,0.8607606780105581,-0.014740260016126716,0.8460204179944314,-0.014740260016126716,19,0.713253305626042,0.975900072948533,False
Diffusion centrality,k-betweenness,diffusion_centrality,candidate_18,0.5889882328350267,0.6035841511330895,-0.014595918298062838,0.5889882328350267,-0.014595918298062838,19,0.306011436610513,0.768972425590535,False
Adaptive LeaderRank,Extended mixed gravitational centrality,adaptive_leaderrank,extended_mixed_gravity,0.9409322776435252,0.955495647737733,-0.014563370094207828,0.9409322776435252,-0.014563370094207828,19,0.80925818036319,1.0,False
Dynamics-sensitive (DS) centrality,Local gravity model,dynamics_sensitive,candidate_21,0.9553830734326145,0.9408542529933323,0.014528820439282275,0.9553830734326145,0.014528820439282275,19,0.892079762202687,1.0,False
delta-closeness,X-degree centrality,delta_closeness,x_degree,0.8213178149685031,0.8068161309796649,0.014501683988838221,0.8213178149685031,0.014501683988838221,19,0.663818488292104,0.940754490505809,False
Length-scaled betweenness,LocalRank,length_scaled_betweenness,semilocal,0.5590104613921955,0.5734383632884495,-0.014427901896254092,0.5590104613921955,-0.014427901896254092,19,0.247723543922796,0.736486486486487,False
Graph regularization centrality (GRC),LineRank,graph_regularization,linerank,0.9586466575053175,0.9442220405313886,0.014424616973928939,0.9586466575053175,0.014424616973928939,14,0.912408759124088,1.0,False
Proximal betwenness,Node and Neighbor Layer Information (NINL) centrality,proximal_betweenness,ninl,0.58951748336855,0.5752321240787378,0.014285359289812227,0.58951748336855,0.014285359289812227,19,0.371585315884194,0.768972425590535,False
SpectralRank,Extended mixed gravitational centrality,spectralrank,extended_mixed_gravity,0.9574151095321922,0.9432870782977154,0.014128031234476812,0.9574151095321922,0.014128031234476812,19,0.854545454545454,1.0,False
Mixed gravitational centrality,Extended gravity centrality,mixed_gravity,extended_gravity,0.9087158200387075,0.922805503592405,-0.01408968355369744,0.9087158200387075,-0.01408968355369744,19,0.744525547445255,1.0,False
LineRank,Multi-characteristics gravity model (MCGM),linerank,mcgm,0.9330755381151811,0.9190586936894716,0.014016844425709496,0.9330755381151811,0.014016844425709496,14,0.878542510121457,0.985454545454545,False
Expected force (ExFm),Multi-characteristics gravity model (MCGM),modified_expected_force,mcgm,0.9281572697628586,0.9142137199617572,0.013943549801101462,0.9281572697628586,0.013943549801101462,19,0.828467153284672,1.0,False
Support,Gravity model,support,candidate_14,0.8983648291014709,0.8844267689035936,0.013938060197877244,0.8983648291014709,0.013938060197877244,18,0.480499980104298,0.988023520059354,False
Dynamics-sensitive (DS) centrality,Graph regularization centrality (GRC),dynamics_sensitive,graph_regularization,0.8977455411443855,0.9115682203591009,-0.013822679214715361,0.8977455411443855,-0.013822679214715361,19,0.789090909090909,0.978181818181818,False
Egocentric betweenness,Malatya centrality,ego_betweenness,malatya,0.7437531594661467,0.7299641790175285,0.013788980448618204,0.7437531594661467,0.013788980448618204,19,0.475327075682635,0.933962017461948,False
delta-betweenness,Mixed gravitational centrality,delta_betweenness,mixed_gravity,0.5788646223693953,0.5651195364040933,0.013745085965301995,0.5788646223693953,0.013745085965301995,19,0.284153476852619,0.725316590386745,False
Support,Diffusion centrality,support,diffusion_centrality,0.8703484037408165,0.8566242734005886,0.013724130340227902,0.8703484037408165,0.013724130340227902,18,0.59429968477868,0.988023520059354,False
Gravity model,LocalRank,candidate_14,semilocal,0.8727339572524446,0.8864447500892619,-0.01371079283681731,0.8727339572524446,-0.01371079283681731,19,0.708029197080292,1.0,False
X-degree centrality,Malatya centrality,x_degree,malatya,0.6552737011386559,0.6688985311518459,-0.013624830013190037,0.6552737011386559,-0.013624830013190037,19,0.39051094890511,0.818181818181818,False
Gravity model,Diffusion centrality,candidate_14,diffusion_centrality,0.9215694584035453,0.9351782614057299,-0.013608803002184588,0.9215694584035453,-0.013608803002184588,19,0.776256031465646,1.0,False
Dynamics-sensitive (DS) centrality,Map Equation Centrality (MEC),dynamics_sensitive,map_equation,0.879349317005607,0.8657438365945085,0.013605480411098547,0.879349317005607,0.013605480411098547,19,0.774702474686597,0.975900072948533,False
delta-betweenness,LocalRank,delta_betweenness,semilocal,0.5617048648591004,0.5752467224939339,-0.01354185763483351,0.5617048648591004,-0.01354185763483351,19,0.255009530508761,0.736486486486487,False
Clustering degree algorithm (CDA),Node and Neighbor Layer Information (NINL) centrality,cda,ninl,0.9282601339227469,0.9416021794969538,-0.013342045574206929,0.9282601339227469,-0.013342045574206929,19,0.806532366422582,1.0,False
Gravity model,Improved closeness centrality (ICC),candidate_14,improved_closeness,0.8397869534517615,0.8531004810853023,-0.013313527633540878,0.8397869534517615,-0.013313527633540878,19,0.675182481751825,0.962962962962963,False
Extended neighborhood coreness,Mixed gravitational centrality,extended_coreness,mixed_gravity,0.9311626388143716,0.9180890655982208,0.013073573216150769,0.9311626388143716,0.013073573216150769,19,0.734918961193639,1.0,False
BG-index,X-degree centrality,beta_measure,x_degree,0.5619405481875837,0.5750018615918847,-0.013061313404301056,0.5619405481875837,-0.013061313404301056,19,0.324817518248175,0.767272727272727,False
beta-measure,X-degree centrality,beta_measure,x_degree,0.5619405481875837,0.5750018615918847,-0.013061313404301056,0.5619405481875837,-0.013061313404301056,19,0.324817518248175,0.767272727272727,False
Local gravity model,Global Structure Model (GSM),candidate_21,global_structure,0.9314793880714807,0.9184706001799448,0.013008787891535922,0.9314793880714807,0.013008787891535922,19,0.833424797863664,1.0,False
Improved global structure model (IGSM),Adaptive LeaderRank,improved_global_structure,adaptive_leaderrank,0.9038573656122549,0.9168169484147474,-0.012959582802492431,0.9038573656122549,-0.012959582802492431,19,0.753955799017187,1.0,False
BG-index,Random walk decay,beta_measure,random_walk_decay,0.8709601552495886,0.8838402861003144,-0.012880130850725813,0.8709601552495886,-0.012880130850725813,14,0.666666666666667,0.955527476325712,False
beta-measure,Random walk decay,beta_measure,random_walk_decay,0.8709601552495886,0.8838402861003144,-0.012880130850725813,0.8709601552495886,-0.012880130850725813,14,0.666666666666667,0.955527476325712,False
delta-betweenness,Clustering degree algorithm (CDA),delta_betweenness,cda,0.5802497930152181,0.5931033852870796,-0.012853592271861558,0.5802497930152181,-0.012853592271861558,19,0.313297423196478,0.741990936973324,False
Multi-characteristics gravity model (MCGM),Adaptive LeaderRank,mcgm,adaptive_leaderrank,0.9368605736665913,0.9495270838413528,-0.012666510174761503,0.9368605736665913,-0.012666510174761503,19,0.849813260016927,1.0,False
Gravity model,Node and Neighbor Layer Information (NINL) centrality,candidate_14,ninl,0.9173460733029768,0.90473418314817,0.012611890154806793,0.9173460733029768,0.012611890154806793,19,0.762773722627737,1.0,False
delta-betweenness,Improved closeness centrality (ICC),delta_betweenness,improved_closeness,0.647583113046228,0.6349972650540646,0.012585847992163335,0.647583113046228,0.012585847992163335,19,0.36429932929823,0.806071972439201,False
Bridging coefficient,Resistance curvature,bridging_coefficient,resistance_curvature,0.9210606415178078,0.9085095127902527,0.012551128727555039,0.9210606415178078,0.012551128727555039,14,0.714285714285714,0.969418960244648,False
Diffusion centrality,LineRank,diffusion_centrality,linerank,0.9191398975898563,0.9316880145078218,-0.012548116917965535,0.9191398975898563,-0.012548116917965535,14,0.809132757504191,0.990894175691185,False
Node and Neighbor Layer Information (NINL) centrality,MCC,ninl,mcc,0.8192670024378711,0.8317522330014281,-0.012485230563556993,0.8192670024378711,-0.012485230563556993,14,0.638093513718617,1.0,False
Improved global structure model (IGSM),Mixed gravitational centrality,improved_global_structure,mixed_gravity,0.9201096111539911,0.9076757917941094,0.012433819359881748,0.9201096111539911,0.012433819359881748,19,0.759124087591241,1.0,False
Length-scaled betweenness,Hybrid Global Structure Model (H-GSM),length_scaled_betweenness,hybrid_global_structure,0.6172786210654002,0.6048547046342401,0.012423916431160142,0.6172786210654002,0.012423916431160142,19,0.29277002188456,0.793522267206478,False
k-betweenness,Multi-characteristics gravity model (MCGM),candidate_18,mcgm,0.6075818712204364,0.595159610396876,0.01242226082356035,0.6075818712204364,0.01242226082356035,19,0.313297423196478,0.765599739513384,False
Improved global structure model (IGSM),Multi-characteristics gravity model (MCGM),improved_global_structure,mcgm,0.95091964144412,0.9385274404954438,0.012392200948676213,0.95091964144412,0.012392200948676213,19,0.886861313868613,1.0,False
Dynamics-sensitive (DS) centrality,Extended mixed gravitational centrality,dynamics_sensitive,extended_mixed_gravity,0.9557743460627384,0.9434403648396832,0.01233398122305518,0.9557743460627384,0.01233398122305518,19,0.869090909090909,1.0,False
Graph regularization centrality (GRC),Extended mixed gravitational centrality,graph_regularization,extended_mixed_gravity,0.9048539406540768,0.8925685232907462,0.012285417363330553,0.9048539406540768,0.012285417363330553,19,0.806569343065693,0.970230040595399,False
Diffusion centrality,Extended neighborhood coreness,diffusion_centrality,extended_coreness,0.934532565183481,0.9466394027410187,-0.012106837557537609,0.934532565183481,-0.012106837557537609,19,0.832827175175657,1.0,False
Improved global structure model (IGSM),Global Structure Model (GSM),improved_global_structure,global_structure,0.9182408507780501,0.9302836154042459,-0.012042764626195801,0.9182408507780501,-0.012042764626195801,19,0.806026514644724,1.0,False
Gravity model,SpectralRank,candidate_14,spectralrank,0.9267639248523429,0.9387983409854881,-0.012034416133145154,0.9267639248523429,-0.012034416133145154,19,0.813868613138686,1.0,False
Improved global structure model (IGSM),LocalRank,improved_global_structure,semilocal,0.9487906505826917,0.9608246408989511,-0.012033990316259402,0.9487906505826917,-0.012033990316259402,19,0.882591093117409,1.0,False
Bridging capital,Adaptive LeaderRank,bridging_capital,adaptive_leaderrank,0.9317128395431798,0.9436908190763386,-0.011977979533158711,0.9317128395431798,-0.011977979533158711,14,0.865673148379897,1.0,False
Length-scaled betweenness,Mixed gravitational centrality,length_scaled_betweenness,mixed_gravity,0.5754832494747705,0.5636035528213381,0.011879696653432359,0.5754832494747705,0.011879696653432359,19,0.276867490266655,0.725316590386745,False
k-betweenness,Local gravity model,candidate_18,candidate_21,0.6336188466122138,0.6452858423663066,-0.011666995754092802,0.6336188466122138,-0.011666995754092802,19,0.332116788321168,0.820669114224187,False
Egocentric betweenness,Extended mixed gravitational centrality,ego_betweenness,extended_mixed_gravity,0.6091928552580327,0.5975309450280948,0.0116619102299379,0.6091928552580327,0.0116619102299379,19,0.358323487822294,0.88142086518002,False
Global Structure Model (GSM),Hybrid Global Structure Model (H-GSM),global_structure,hybrid_global_structure,0.9298747510246476,0.94143169501918,-0.011556943994532443,0.9298747510246476,-0.011556943994532443,19,0.835605469310585,1.0,False
Expected force (ExFm),Improved closeness centrality (ICC),modified_expected_force,improved_closeness,0.830631115994062,0.8420655436622957,-0.01143442766823366,0.830631115994062,-0.01143442766823366,19,0.686131386861314,0.949661181026138,False
Node and Neighbor Layer Information (NINL) centrality,X-degree centrality,ninl,x_degree,0.8977896881989071,0.909213325088559,-0.011423636889651867,0.8977896881989071,-0.011423636889651867,19,0.764988692793114,0.988023520059354,False
Extended gravity centrality,Hybrid Global Structure Model (H-GSM),extended_gravity,hybrid_global_structure,0.9261219979837803,0.914732345610024,0.01138965237375622,0.9261219979837803,0.01138965237375622,19,0.781021897810219,1.0,False
Expected force (ExFm),SpectralRank,modified_expected_force,spectralrank,0.917907772022639,0.9292780409712004,-0.011370268948561413,0.917907772022639,-0.011370268948561413,19,0.832116788321168,1.0,False
SpectralRank,LineRank,spectralrank,linerank,0.9264244057454756,0.9377586582987573,-0.011334252553281687,0.9264244057454756,-0.011334252553281687,14,0.861818181818182,0.992727272727273,False
SpectralRank,LocalRank,spectralrank,semilocal,0.9190189751366122,0.9303332862039351,-0.011314311067322835,0.9190189751366122,-0.011314311067322835,19,0.761133603238866,1.0,False
Proximal betwenness,Extended neighborhood coreness,proximal_betweenness,extended_coreness,0.5599170194274514,0.5710720181756312,-0.011154998748179823,0.5599170194274514,-0.011154998748179823,19,0.271563747314604,0.728500192664718,False
Gravity model,Graph regularization centrality (GRC),candidate_14,graph_regularization,0.9564706437800337,0.9675438505494947,-0.011073206769460997,0.9564706437800337,-0.011073206769460997,19,0.883636363636363,0.992727272727273,False
Support,Mixed Degree Decomposition (MDD),support,mdd,0.9155462997779161,0.9266074248826915,-0.011061125104775416,0.9155462997779161,-0.011061125104775416,18,0.554265307725427,0.994323511379983,False
Extended neighborhood coreness,LocalRank,extended_coreness,semilocal,0.9602606537182934,0.9493313798845856,0.010929273833707787,0.9602606537182934,0.010929273833707787,19,0.856843575418994,1.0,False
Egocentric betweenness,Improved global structure model (IGSM),ego_betweenness,improved_global_structure,0.5997475552644019,0.610589887784023,-0.010842332519621078,0.5997475552644019,-0.010842332519621078,19,0.22669445147941,0.785834738617201,False
ControlRank,Bridging capital,controlrank,bridging_capital,0.9135042172438183,0.9243128411680719,-0.010808623924253635,0.9135042172438183,-0.010808623924253635,14,0.666666666666667,0.978181818181818,False
LocalRank,Extended gravity centrality,semilocal,extended_gravity,0.9145906692828212,0.9253528373361857,-0.010762168053364496,0.9145906692828212,-0.010762168053364496,19,0.748987854251012,1.0,False
Support,delta-betweenness,support,delta_betweenness,0.6304060064107684,0.6196645938447228,0.01074141256604555,0.6304060064107684,0.01074141256604555,18,0.197938565073388,0.867312920753188,False
delta-betweenness,Node and Neighbor Layer Information (NINL) centrality,delta_betweenness,ninl,0.5926023835208104,0.5818632854131156,0.0107390981076948,0.5926023835208104,0.0107390981076948,19,0.32120803721981,0.768972425590535,False
Support,LocalRank,support,semilocal,0.816001918935995,0.8052644258836966,0.01073749305229843,0.816001918935995,0.01073749305229843,18,0.456474981099083,0.988023520059354,False
SpectralRank,Extended neighborhood coreness,spectralrank,extended_coreness,0.941068986147118,0.9517880574542468,-0.010719071307128791,0.941068986147118,-0.010719071307128791,19,0.854251012145749,1.0,False
Local gravity model,Map Equation Centrality (MEC),candidate_21,map_equation,0.915941591737481,0.9052759263203027,0.010665665417178283,0.915941591737481,0.010665665417178283,19,0.815523218729635,0.975900072948533,False
ControlRank,Global Structure Model (GSM),controlrank,global_structure,0.8931475962764716,0.9037713646086255,-0.010623768332153949,0.8931475962764716,-0.010623768332153949,14,0.666666666666667,0.977965143421438,False
Clustering degree algorithm (CDA),SpectralRank,cda,spectralrank,0.9535796964445248,0.9641959306755645,-0.010616234231039745,0.9535796964445248,-0.010616234231039745,19,0.875780094852804,1.0,False
Multi-characteristics gravity model (MCGM),Mixed gravitational centrality,mcgm,mixed_gravity,0.9182004983827061,0.9287993915353207,-0.01059889315261453,0.9182004983827061,-0.01059889315261453,19,0.847619047619048,1.0,False
Node and Neighbor Layer Information (NINL) centrality,Hybrid Global Structure Model (H-GSM),ninl,hybrid_global_structure,0.9162656922895476,0.9057277453224599,0.010537946967087652,0.9162656922895476,0.010537946967087652,19,0.802919708029197,1.0,False
Expected force (ExFm),Adaptive LeaderRank,modified_expected_force,adaptive_leaderrank,0.9362181218712103,0.9257239210575746,0.010494200813635723,0.9362181218712103,0.010494200813635723,19,0.891810364878472,1.0,False
Support,Proximal betwenness,support,proximal_betweenness,0.6302205000666105,0.6197378677162141,0.01048263235039637,0.6302205000666105,0.01048263235039637,18,0.148453923805041,0.867312920753188,False
Improved global structure model (IGSM),Weighted LeaderRank,improved_global_structure,weighted_leaderrank,0.8802965892708478,0.8698311964102322,0.010465392860615541,0.8802965892708478,0.010465392860615541,19,0.68978102189781,1.0,False
Length-scaled betweenness,Improved closeness centrality (ICC),length_scaled_betweenness,improved_closeness,0.6445007094913133,0.6340648301276168,0.010435879363696499,0.6445007094913133,0.010435879363696499,19,0.357013342712265,0.806071972439201,False
Egocentric betweenness,Dynamics-sensitive (DS) centrality,ego_betweenness,dynamics_sensitive,0.6040188316296312,0.6144503752799054,-0.010431543650274211,0.6040188316296312,-0.010431543650274211,19,0.22669445147941,0.911518163015436,False
k-betweenness,Improved closeness centrality (ICC),candidate_18,improved_closeness,0.6431290153546689,0.6327105314982282,0.01041848385644073,0.6431290153546689,0.01041848385644073,19,0.306011436610513,0.806071972439201,False
Expected force (ExFm),Diffusion centrality,modified_expected_force,diffusion_centrality,0.9130056623930609,0.9232412078964499,-0.01023554550338901,0.9130056623930609,-0.01023554550338901,19,0.757991183666455,1.0,False
SpectralRank,Node and Neighbor Layer Information (NINL) centrality,spectralrank,ninl,0.9659003084025791,0.9557841760932613,0.010116132309317849,0.9659003084025791,0.010116132309317849,19,0.883211678832117,1.0,False
Gravity model,Adaptive LeaderRank,candidate_14,adaptive_leaderrank,0.9415691945617501,0.9315367017815829,0.010032492780167268,0.9415691945617501,0.010032492780167268,19,0.886558099945229,1.0,False
delta-closeness,Diffusion centrality,delta_closeness,diffusion_centrality,0.8672260171709094,0.8572344461426079,0.009991571028301505,0.8672260171709094,0.009991571028301505,19,0.752402689431233,0.964820690768707,False
Extended gravity centrality,X-degree centrality,extended_gravity,x_degree,0.9157134371314515,0.9057511044873694,0.009962332644082084,0.9157134371314515,0.009962332644082084,19,0.785119974182406,0.988023520059354,False
LocalRank,Hybrid Global Structure Model (H-GSM),semilocal,hybrid_global_structure,0.8949401940041362,0.9048919720035142,-0.009951777999378075,0.8949401940041362,-0.009951777999378075,19,0.740875912408759,1.0,False
Gravity model,k-betweenness,candidate_14,candidate_18,0.6571476121753066,0.6472592098502996,0.009888402325006984,0.6571476121753066,0.009888402325006984,19,0.341565025531987,0.82995951417004,False
Support,Clustering degree algorithm (CDA),support,cda,0.8584701199969529,0.8486522719548228,0.00981784804213004,0.8584701199969529,0.00981784804213004,18,0.624649974135588,0.988023520059354,False
Proximal betwenness,Clustering degree algorithm (CDA),proximal_betweenness,cda,0.5779922417959417,0.5878052817435733,-0.009813039947631608,0.5779922417959417,-0.009813039947631608,19,0.313297423196478,0.741990936973324,False
Length-scaled betweenness,SpectralRank,length_scaled_betweenness,spectralrank,0.5935870895726285,0.6032994479578625,-0.009712358385233988,0.5935870895726285,-0.009712358385233988,19,0.29277002188456,0.75548168128193,False
ControlRank,Extended mixed gravitational centrality,controlrank,extended_mixed_gravity,0.8904944056952586,0.9002026931569904,-0.009708287461731802,0.8904944056952586,-0.009708287461731802,14,0.666666666666667,0.972936400541272,False
Support,Random walk decay,support,random_walk_decay,0.8002614524087569,0.8098551976673712,-0.009593745258614339,0.8002614524087569,-0.009593745258614339,13,0.384399984083439,0.925444589678105,False
Egocentric betweenness,Weighted LeaderRank,ego_betweenness,weighted_leaderrank,0.6599765277487989,0.650387082773083,0.0095894449757159,0.6599765277487989,0.0095894449757159,19,0.372948936304837,0.941615460850851,False
Improved global structure model (IGSM),Extended mixed gravitational centrality,improved_global_structure,extended_mixed_gravity,0.920300845434123,0.9107570241501867,0.009543821283936382,0.920300845434123,0.009543821283936382,19,0.777327935222672,1.0,False
Multi-characteristics gravity model (MCGM),Weighted LeaderRank,mcgm,weighted_leaderrank,0.9122367468991651,0.9027028470141868,0.009533899884978325,0.9122367468991651,0.009533899884978325,19,0.788321167883212,1.0,False
Dynamical importance,Extended mixed gravitational centrality,dynamical_importance,extended_mixed_gravity,0.9251531813991384,0.9156669921358661,0.009486189263272271,0.9251531813991384,0.009486189263272271,14,0.789090909090909,1.0,False
SpectralRank,Weighted LeaderRank,spectralrank,weighted_leaderrank,0.9022491828934859,0.911655553807286,-0.009406370913800144,0.9022491828934859,-0.009406370913800144,19,0.755474452554745,1.0,False
Dynamical importance,Extended neighborhood coreness,dynamical_importance,extended_coreness,0.9499070458672961,0.9405011221804309,0.009405923686865214,0.9499070458672961,0.009405923686865214,14,0.894272110428139,1.0,False
Diffusion centrality,Map Equation Centrality (MEC),diffusion_centrality,map_equation,0.8764139284522418,0.8670643406040663,0.009349587848175411,0.8764139284522418,0.009349587848175411,19,0.690784292886792,0.975900072948533,False
Clustering degree algorithm (CDA),Improved global structure model (IGSM),cda,improved_global_structure,0.9600440245291733,0.9508139095318171,0.009230114997356154,0.9600440245291733,0.009230114997356154,19,0.866666666666667,1.0,False
SpectralRank,Multi-characteristics gravity model (MCGM),spectralrank,mcgm,0.9677076368805341,0.9586763955416949,0.009031241338839147,0.9677076368805341,0.009031241338839147,19,0.916058394160584,1.0,False
Dynamics-sensitive (DS) centrality,Bridging capital,dynamics_sensitive,bridging_capital,0.9662287016575024,0.9751951517407785,-0.008966450083276123,0.9662287016575024,-0.008966450083276123,14,0.914090530158913,1.0,False
Dynamics-sensitive (DS) centrality,Diffusion centrality,dynamics_sensitive,diffusion_centrality,0.9724079072630699,0.9813201370297354,-0.008912229766665503,0.9724079072630699,-0.008912229766665503,19,0.90045699650015,1.0,False
Node and Neighbor Layer Information (NINL) centrality,Extended gravity centrality,ninl,extended_gravity,0.9592626657139454,0.9503743937632562,0.008888271950689197,0.9592626657139454,0.008888271950689197,19,0.912727272727272,1.0,False
Proximal betwenness,LocalRank,proximal_betweenness,semilocal,0.5589801689081251,0.5678459990444116,-0.008865830136286501,0.5589801689081251,-0.008865830136286501,19,0.255009530508761,0.736486486486487,False
LineRank,Improved global structure model (IGSM),linerank,improved_global_structure,0.9073291614192666,0.9161725416128434,-0.008843380193576889,0.9073291614192666,-0.008843380193576889,14,0.788321167883212,1.0,False
Extended mixed gravitational centrality,Hybrid Global Structure Model (H-GSM),extended_mixed_gravity,hybrid_global_structure,0.9171506414266657,0.908429027083463,0.008721614343202733,0.9171506414266657,0.008721614343202733,19,0.838056680161943,1.0,False
k-betweenness,Extended gravity centrality,candidate_18,extended_gravity,0.5871391256287475,0.5784283336591569,0.00871079196959057,0.5871391256287475,0.00871079196959057,19,0.327869396368407,0.75548168128193,False
Bridging capital,Extended gravity centrality,bridging_capital,extended_gravity,0.9460949692802147,0.9373929983879531,0.008701970892261657,0.9460949692802147,0.008701970892261657,14,0.829237952722962,1.0,False
SpectralRank,Improved global structure model (IGSM),spectralrank,improved_global_structure,0.9497139203121837,0.9411627476876924,0.008551172624491343,0.9497139203121837,0.008551172624491343,19,0.862348178137652,1.0,False
Egocentric betweenness,Improved closeness centrality (ICC),ego_betweenness,improved_closeness,0.6447396803785221,0.6361957350353542,0.008543945343167936,0.6447396803785221,0.008543945343167936,19,0.33638531509848,0.859922795297581,False
Dynamical importance,Improved closeness centrality (ICC),dynamical_importance,improved_closeness,0.8537051849480807,0.8621789939218729,-0.00847380897379224,0.8537051849480807,-0.00847380897379224,14,0.714285714285714,0.962962962962963,False
Graph regularization centrality (GRC),Improved global structure model (IGSM),graph_regularization,improved_global_structure,0.8817844587935124,0.8902523469566931,-0.00846788816318067,0.8817844587935124,-0.00846788816318067,19,0.751824817518248,0.978181818181818,False
Mixed Degree Decomposition (MDD),Malatya centrality,mdd,malatya,0.8432114117230114,0.8514610040572076,-0.008249592334196199,0.8432114117230114,-0.008249592334196199,19,0.683340341988168,0.925357998371279,False
Graph regularization centrality (GRC),Weighted LeaderRank,graph_regularization,weighted_leaderrank,0.9566733190612889,0.9485147488895858,0.008158570171703183,0.9566733190612889,0.008158570171703183,19,0.847619047619048,0.992592592592593,False
Dynamics-sensitive (DS) centrality,Mixed gravitational centrality,dynamics_sensitive,mixed_gravity,0.9076795860873829,0.9157868804025797,-0.008107294315196856,0.9076795860873829,-0.008107294315196856,19,0.791970802919708,1.0,False
Egocentric betweenness,Extended gravity centrality,ego_betweenness,extended_gravity,0.5959480292678778,0.5878575159658356,0.008090513302042246,0.5959480292678778,0.008090513302042246,19,0.270570796927038,0.868522023250556,False
Clustering degree algorithm (CDA),Multi-characteristics gravity model (MCGM),cda,mcgm,0.9413807159296892,0.9493474866118471,-0.007966770682157898,0.9413807159296892,-0.007966770682157898,19,0.897810218978102,1.0,False
Proximal betwenness,Improved global structure model (IGSM),proximal_betweenness,improved_global_structure,0.6021732153319445,0.5942339986410987,0.00793921669084574,0.6021732153319445,0.00793921669084574,19,0.342441369540336,0.764557234259955,False
Length-scaled betweenness,Node and Neighbor Layer Information (NINL) centrality,length_scaled_betweenness,ninl,0.5875913450483335,0.5796720296928339,0.007919315355499612,0.5875913450483335,0.007919315355499612,19,0.29277002188456,0.768972425590535,False
Multi-characteristics gravity model (MCGM),Extended mixed gravitational centrality,mcgm,extended_mixed_gravity,0.9526469978082349,0.944747997887573,0.007898999920661898,0.9526469978082349,0.007898999920661898,19,0.862348178137652,1.0,False
Improved global structure model (IGSM),Hybrid Global Structure Model (H-GSM),improved_global_structure,hybrid_global_structure,0.9337109083104984,0.9258493092841906,0.007861599026307786,0.9337109083104984,0.007861599026307786,19,0.788321167883212,1.0,False
Expected force (ExFm),Local gravity model,modified_expected_force,candidate_21,0.961681853222517,0.9694989736390706,-0.00781712041655358,0.961681853222517,-0.00781712041655358,19,0.88889036348768,1.0,False
Dynamics-sensitive (DS) centrality,Global Structure Model (GSM),dynamics_sensitive,global_structure,0.9206189311960725,0.928415226655731,-0.007796295459658431,0.9206189311960725,-0.007796295459658431,19,0.806026514644724,1.0,False
delta-betweenness,SpectralRank,delta_betweenness,spectralrank,0.5981614530672364,0.6058519139041688,-0.007690460836932367,0.5981614530672364,-0.007690460836932367,19,0.32120803721981,0.757085020242915,False
Clustering degree algorithm (CDA),Extended mixed gravitational centrality,cda,extended_mixed_gravity,0.9208735921784462,0.9285528298674788,-0.007679237689032559,0.9208735921784462,-0.007679237689032559,19,0.794312179052543,1.0,False
Proximal betwenness,Dynamics-sensitive (DS) centrality,proximal_betweenness,dynamics_sensitive,0.6012720722520957,0.5936662510295502,0.007605821222545495,0.6012720722520957,0.007605821222545495,19,0.357013342712265,0.761133603238866,False
Clustering degree algorithm (CDA),Mixed gravitational centrality,cda,mixed_gravity,0.9258847185848698,0.918430957360335,0.007453761224534783,0.9258847185848698,0.007453761224534783,19,0.777372262773723,1.0,False
Support,Extended neighborhood coreness,support,extended_coreness,0.8335774295143831,0.8262218285256113,0.007355600988771749,0.8335774295143831,0.007355600988771749,18,0.588899176349983,0.988023520059354,False
delta-closeness,Clustering degree algorithm (CDA),delta_closeness,cda,0.8542849341923879,0.8469787281194675,0.007306206072920429,0.8542849341923879,0.007306206072920429,19,0.756114789791114,0.955628079288509,False
Node and Neighbor Layer Information (NINL) centrality,Global Structure Model (GSM),ninl,global_structure,0.9151254164843587,0.9223916626947978,-0.007266246210439031,0.9151254164843587,-0.007266246210439031,19,0.761658082645932,1.0,False
Dynamics-sensitive (DS) centrality,LineRank,dynamics_sensitive,linerank,0.9368466428023927,0.9296218902192812,0.0072247525831115045,0.9368466428023927,0.0072247525831115045,14,0.876363636363636,1.0,False
Clustering degree algorithm (CDA),LocalRank,cda,semilocal,0.9506156635843083,0.9433988828294649,0.007216780754843333,0.9506156635843083,0.007216780754843333,19,0.847619047619048,1.0,False
Dynamics-sensitive (DS) centrality,k-betweenness,dynamics_sensitive,candidate_18,0.5968119363602463,0.6040084193357438,-0.007196482975497465,0.5968119363602463,-0.007196482975497465,19,0.298725450024548,0.777327935222672,False
Diffusion centrality,SpectralRank,diffusion_centrality,spectralrank,0.9751442903787022,0.9679943837127066,0.007149906665995576,0.9751442903787022,0.007149906665995576,19,0.92237481385918,1.0,False
Bridging capital,Improved global structure model (IGSM),bridging_capital,improved_global_structure,0.9370556253647813,0.9441983911289888,-0.0071427657642075815,0.9370556253647813,-0.0071427657642075815,14,0.851400214265669,1.0,False
Length-scaled betweenness,Diffusion centrality,length_scaled_betweenness,diffusion_centrality,0.5911540218619187,0.5981502571290422,-0.006996235267123563,0.5911540218619187,-0.006996235267123563,19,0.29277002188456,0.768972425590535,False
Diffusion centrality,Multi-characteristics gravity model (MCGM),diffusion_centrality,mcgm,0.9600727245488417,0.9670087737052147,-0.006936049156372914,0.9600727245488417,-0.006936049156372914,19,0.889498087820635,1.0,False
Clustering degree algorithm (CDA),Extended neighborhood coreness,cda,extended_coreness,0.9682457819101984,0.9613219094526083,0.0069238724575900745,0.9682457819101984,0.0069238724575900745,19,0.906765683462799,1.0,False
k-betweenness,Hybrid Global Structure Model (H-GSM),candidate_18,hybrid_global_structure,0.6161185946420403,0.6092049080946836,0.00691368654735669,0.6161185946420403,0.00691368654735669,19,0.298725450024548,0.797570850202429,False
Proximal betwenness,k-betweenness,proximal_betweenness,candidate_18,0.9665817290201956,0.973361267817712,-0.006779538797516471,0.9665817290201956,-0.006779538797516471,19,0.85,1.0,False
Diffusion centrality,Global Structure Model (GSM),diffusion_centrality,global_structure,0.9219407690605239,0.9285735252883318,-0.006632756227807901,0.9219407690605239,-0.006632756227807901,19,0.769052821312397,1.0,False
Mixed Degree Decomposition (MDD),Extended neighborhood coreness,mdd,extended_coreness,0.8508901137536826,0.8443118359689012,0.006578277784781372,0.8508901137536826,0.006578277784781372,19,0.669049565685498,1.0,False
Dynamics-sensitive (DS) centrality,SpectralRank,dynamics_sensitive,spectralrank,0.9899618800189326,0.9834298694100887,0.006532010608843897,0.9899618800189326,0.006532010608843897,19,0.952941176470588,1.0,False
SpectralRank,Bridging capital,spectralrank,bridging_capital,0.9579548355700441,0.9644788409966517,-0.006524005426607582,0.9579548355700441,-0.006524005426607582,14,0.899465081676371,1.0,False
Extended gravity centrality,Improved closeness centrality (ICC),extended_gravity,improved_closeness,0.8497964554614054,0.8562903566533652,-0.0064939011919598055,0.8497964554614054,-0.0064939011919598055,19,0.68645251396648,0.977777777777778,False
Mixed Degree Decomposition (MDD),BG-index,mdd,beta_measure,0.7474721347528634,0.753931902819824,-0.006459768066960581,0.7474721347528634,-0.006459768066960581,19,0.571428571428571,0.912415928463989,False
Mixed Degree Decomposition (MDD),beta-measure,mdd,beta_measure,0.7474721347528634,0.753931902819824,-0.006459768066960581,0.7474721347528634,-0.006459768066960581,19,0.571428571428571,0.912415928463989,False
k-betweenness,Mixed gravitational centrality,candidate_18,mixed_gravity,0.5739351402872844,0.5674920233462575,0.0064431169410269495,0.5739351402872844,0.0064431169410269495,19,0.225865584164902,0.729164423757497,False
Extended gravity centrality,Extended mixed gravitational centrality,extended_gravity,extended_mixed_gravity,0.9612559717870055,0.9676861381809435,-0.006430166393938008,0.9612559717870055,-0.006430166393938008,19,0.898181818181818,1.0,False
Mixed gravitational centrality,Hybrid Global Structure Model (H-GSM),mixed_gravity,hybrid_global_structure,0.9072494000040682,0.9008583341712705,0.006391065832797693,0.9072494000040682,0.006391065832797693,19,0.79047619047619,1.0,False
Proximal betwenness,SpectralRank,proximal_betweenness,spectralrank,0.5950766937911264,0.6014114484103262,-0.006334754619199856,0.5950766937911264,-0.006334754619199856,19,0.342441369540336,0.75548168128193,False
delta-closeness,Extended neighborhood coreness,delta_closeness,extended_coreness,0.8354846780238832,0.8417832115961235,-0.006298533572240306,0.8354846780238832,-0.006298533572240306,19,0.716981307140187,0.955628079288509,False
Global Structure Model (GSM),X-degree centrality,global_structure,x_degree,0.8699336366527558,0.8761943531047595,-0.006260716452003656,0.8699336366527558,-0.006260716452003656,19,0.709894911980674,0.988023520059354,False
SpectralRank,Local gravity model,spectralrank,candidate_21,0.9525056207926241,0.9463646518787856,0.006140968913838529,0.9525056207926241,0.006140968913838529,19,0.894391220803694,1.0,False
SpectralRank,Mixed gravitational centrality,spectralrank,mixed_gravity,0.908213761564324,0.9142936109584101,-0.006079849394086123,0.908213761564324,-0.006079849394086123,19,0.79047619047619,1.0,False
Exogenous centrality,Egocentric betweenness,exogenous,ego_betweenness,0.6841987619621626,0.6902698476204626,-0.006071085658300057,0.6841987619621626,-0.006071085658300057,14,0.429909590116251,0.863072893282152,False
Length-scaled betweenness,delta-betweenness,length_scaled_betweenness,delta_betweenness,0.9888463074766044,0.9949171268906987,-0.006070819414094264,0.9888463074766044,-0.006070819414094264,19,0.972936400541272,1.0,False
Gravity model,Weighted LeaderRank,candidate_14,weighted_leaderrank,0.9528536553047667,0.9467862403814029,0.006067414923363823,0.9528536553047667,0.006067414923363823,19,0.885714285714286,1.0,False
Mixed Degree Decomposition (MDD),Mixed gravitational centrality,mdd,mixed_gravity,0.8626448878104466,0.8685556808999986,-0.005910793089552002,0.8626448878104466,-0.005910793089552002,19,0.731165010601077,1.0,False
Support,Malatya centrality,support,malatya,0.8141627227389546,0.8200399751042409,-0.005877252365286245,0.8141627227389546,-0.005877252365286245,18,0.410383867147477,0.916469707353646,False
Multi-characteristics gravity model (MCGM),X-degree centrality,mcgm,x_degree,0.906891813942155,0.9010496468738151,0.005842167068339954,0.906891813942155,0.005842167068339954,19,0.785119974182406,0.988023520059354,False
Mixed Degree Decomposition (MDD),Clustering degree algorithm (CDA),mdd,cda,0.87135629466412,0.8656922312358423,0.0056640634282777436,0.87135629466412,0.0056640634282777436,19,0.741385374124498,1.0,False
Clustering degree algorithm (CDA),Hybrid Global Structure Model (H-GSM),cda,hybrid_global_structure,0.9211682635829203,0.915596693786862,0.005571569796058218,0.9211682635829203,0.005571569796058218,19,0.821167883211679,1.0,False
Random walk decay,Malatya centrality,random_walk_decay,malatya,0.9523910993580957,0.9468306886585869,0.005560410699508855,0.9523910993580957,0.005560410699508855,14,0.861253877644822,0.992727272727273,False
LineRank,Improved closeness centrality (ICC),linerank,improved_closeness,0.8501446592385278,0.8556766255386815,-0.0055319663001537345,0.8501446592385278,-0.0055319663001537345,14,0.723636363636364,0.977777777777778,False
Egocentric betweenness,Multi-characteristics gravity model (MCGM),ego_betweenness,mcgm,0.6107854053490982,0.6053437335385963,0.005441671810501925,0.6107854053490982,0.005441671810501925,19,0.241319899961953,0.838424725415141,False
ControlRank,Gravity model,controlrank,candidate_14,0.9270733739472474,0.9324368292519875,-0.005363455304740028,0.9270733739472474,-0.005363455304740028,14,0.666666666666667,0.992727272727273,False
Length-scaled betweenness,Support,length_scaled_betweenness,support,0.622284176664037,0.6169413399406694,0.005342836723367661,0.622284176664037,0.005342836723367661,18,0.161643537673148,0.867312920753188,False
Support,Graph regularization centrality (GRC),support,graph_regularization,0.8886619617956136,0.8833799826173152,0.005281979178298424,0.8886619617956136,0.005281979178298424,18,0.432449982093868,0.976077493197785,False
LocalRank,Map Equation Centrality (MEC),semilocal,map_equation,0.8085182176254396,0.8136836391061026,-0.005165421480663013,0.8085182176254396,-0.005165421480663013,19,0.633132479312397,0.975900072948533,False
Graph regularization centrality (GRC),Extended gravity centrality,graph_regularization,extended_gravity,0.8883729780834817,0.8832368466091448,0.005136131474336891,0.8883729780834817,0.005136131474336891,19,0.72992700729927,0.963636363636363,False
k-betweenness,Improved global structure model (IGSM),candidate_18,improved_global_structure,0.6001720566855833,0.6050994271093793,-0.004927370423795985,0.6001720566855833,-0.004927370423795985,19,0.284153476852619,0.764557234259955,False
Weighted LeaderRank,Improved closeness centrality (ICC),weighted_leaderrank,improved_closeness,0.807371875801568,0.8122962763340879,-0.004924400532519857,0.807371875801568,-0.004924400532519857,19,0.602189781021898,0.930300096805421,False
Local gravity model,Weighted LeaderRank,candidate_21,weighted_leaderrank,0.9338890301651261,0.9387089044115298,-0.0048198742464036215,0.9338890301651261,-0.0048198742464036215,19,0.829983105427642,1.0,False
Egocentric betweenness,Expected force (ExFm),ego_betweenness,modified_expected_force,0.6660086373538897,0.661240637015371,0.004768000338518763,0.6660086373538897,0.004768000338518763,19,0.372948936304837,0.941615460850851,False
Dynamical importance,Global Structure Model (GSM),dynamical_importance,global_structure,0.8912887038269357,0.8960400750548692,-0.004751371227933454,0.8912887038269357,-0.004751371227933454,14,0.724684389313605,1.0,False
delta-betweenness,Dynamics-sensitive (DS) centrality,delta_betweenness,dynamics_sensitive,0.6043568640380865,0.5996360711602278,0.004720792877858759,0.6043568640380865,0.004720792877858759,19,0.32120803721981,0.781376518218623,False
Diffusion centrality,Hybrid Global Structure Model (H-GSM),diffusion_centrality,hybrid_global_structure,0.9234989963747554,0.9188066452193691,0.004692351155386354,0.9234989963747554,0.004692351155386354,19,0.816438696623868,1.0,False
Gravity model,LineRank,candidate_14,linerank,0.963813711423529,0.9591468696110573,0.004666841812471678,0.963813711423529,0.004666841812471678,14,0.901459854014598,0.995788053459029,False
delta-closeness,Improved global structure model (IGSM),delta_closeness,improved_global_structure,0.8851300305603576,0.8897828768470456,-0.0046528462866880504,0.8851300305603576,-0.0046528462866880504,19,0.818658904167183,0.97050166807121,False
delta-betweenness,Diffusion centrality,delta_betweenness,diffusion_centrality,0.5957553761407569,0.6003922788242747,-0.004636902683517796,0.5957553761407569,-0.004636902683517796,19,0.32120803721981,0.768972425590535,False
delta-betweenness,k-betweenness,delta_betweenness,candidate_18,0.9747236416420966,0.9793594889302323,-0.004635847288135708,0.9747236416420966,-0.004635847288135708,19,0.893412525680653,1.0,False
X-degree centrality,Improved closeness centrality (ICC),x_degree,improved_closeness,0.8483936348015925,0.843765146380341,0.00462848842125152,0.8483936348015925,0.00462848842125152,19,0.603938441678774,0.940740740740741,False
Dynamics-sensitive (DS) centrality,X-degree centrality,dynamics_sensitive,x_degree,0.9101899093461788,0.9147898305408362,-0.004599921194657353,0.9101899093461788,-0.004599921194657353,19,0.744857411403821,0.988023520059354,False
Bridging capital,Multi-characteristics gravity model (MCGM),bridging_capital,mcgm,0.9592120398793409,0.963781351523125,-0.0045693116437841574,0.9592120398793409,-0.0045693116437841574,14,0.900610372005847,1.0,False
Extended neighborhood coreness,Hybrid Global Structure Model (H-GSM),extended_coreness,hybrid_global_structure,0.9072625453309633,0.9117910428033328,-0.004528497472369497,0.9072625453309633,-0.004528497472369497,19,0.771482093591333,1.0,False
Adaptive LeaderRank,Global Structure Model (GSM),adaptive_leaderrank,global_structure,0.923981527130497,0.9283897830431742,-0.004408255912677239,0.923981527130497,-0.004408255912677239,19,0.79784094068013,1.0,False
Diffusion centrality,Improved global structure model (IGSM),diffusion_centrality,improved_global_structure,0.9443499784125023,0.9487552930201136,-0.004405314607611288,0.9443499784125023,-0.004405314607611288,19,0.832827175175657,1.0,False
Improved global structure model (IGSM),Extended neighborhood coreness,improved_global_structure,extended_coreness,0.9488526796268146,0.9444511104877735,0.004401569139041106,0.9488526796268146,0.004401569139041106,19,0.875040452139362,1.0,False
delta-closeness,Hybrid Global Structure Model (H-GSM),delta_closeness,hybrid_global_structure,0.8890268031995378,0.88472986971742,0.004296933482117793,0.8890268031995378,0.004296933482117793,19,0.811320952816528,0.955628079288509,False
ControlRank,Adaptive LeaderRank,controlrank,adaptive_leaderrank,0.9044020165664436,0.9086402265438338,-0.004238209977390217,0.9044020165664436,-0.004238209977390217,14,0.666666666666667,0.963636363636363,False
Multi-characteristics gravity model (MCGM),Global Structure Model (GSM),mcgm,global_structure,0.9504844184860829,0.9462470033137483,0.004237415172334558,0.9504844184860829,0.004237415172334558,19,0.835605469310585,1.0,False
Dynamics-sensitive (DS) centrality,Multi-characteristics gravity model (MCGM),dynamics_sensitive,mcgm,0.9632265513592047,0.9673617740276618,-0.004135222668457117,0.9632265513592047,-0.004135222668457117,19,0.897810218978102,1.0,False
Support,LineRank,support,linerank,0.8744810203274912,0.8703678496068121,0.004113170720679071,0.8744810203274912,0.004113170720679071,13,0.504524979109513,0.968626519967268,False
Dynamics-sensitive (DS) centrality,Expected force (ExFm),dynamics_sensitive,modified_expected_force,0.9246893016983225,0.9206363422545385,0.004052959443784032,0.9246893016983225,0.004052959443784032,19,0.853086419753086,1.0,False
Expected force (ExFm),Improved global structure model (IGSM),modified_expected_force,improved_global_structure,0.9039507204759204,0.8999060741548,0.004044646321120449,0.9039507204759204,0.004044646321120449,19,0.72992700729927,1.0,False
Graph regularization centrality (GRC),Improved closeness centrality (ICC),graph_regularization,improved_closeness,0.8438265888297621,0.847781106735447,-0.003954517905684907,0.8438265888297621,-0.003954517905684907,19,0.664233576642336,0.947725072604066,False
Proximal betwenness,Local gravity model,proximal_betweenness,candidate_21,0.6380123150401426,0.6341199600835199,0.0038923549566226567,0.6380123150401426,0.0038923549566226567,19,0.390360029179413,0.804458366288895,False
Graph regularization centrality (GRC),Adaptive LeaderRank,graph_regularization,adaptive_leaderrank,0.9196532738055202,0.9157971631184948,0.0038561106870254047,0.9196532738055202,0.0038561106870254047,19,0.867510988887531,0.963636363636363,False
Egocentric betweenness,Mixed Degree Decomposition (MDD),ego_betweenness,mdd,0.6917052614050654,0.6954737150885147,-0.0037684536834493576,0.6917052614050654,-0.0037684536834493576,19,0.375172294978078,0.983304336011259,False
Clustering degree algorithm (CDA),Extended gravity centrality,cda,extended_gravity,0.9443353282411568,0.9406054736086323,0.0037298546325245097,0.9443353282411568,0.0037298546325245097,19,0.859486511692752,1.0,False
Egocentric betweenness,Mixed gravitational centrality,ego_betweenness,mixed_gravity,0.5765676984979331,0.5729892094275325,0.0035784890704005923,0.5765676984979331,0.0035784890704005923,19,0.22669445147941,0.748132831908895,False
Local gravity model,X-degree centrality,candidate_21,x_degree,0.8938800384266782,0.8903322425606935,0.0035477958659846376,0.8938800384266782,0.0035477958659846376,19,0.74189137300343,0.988023520059354,False
Diffusion centrality,Local gravity model,diffusion_centrality,candidate_21,0.9395871845614002,0.9430423218559276,-0.0034551372945273995,0.9395871845614002,-0.0034551372945273995,19,0.84538004274905,1.0,False
Node and Neighbor Layer Information (NINL) centrality,Improved global structure model (IGSM),ninl,improved_global_structure,0.9326013517046549,0.9360278875094221,-0.003426535804767261,0.9326013517046549,-0.003426535804767261,19,0.789473684210526,1.0,False
Local gravity model,LineRank,candidate_21,linerank,0.9634774258279291,0.9601390840811599,0.003338341746769169,0.9634774258279291,0.003338341746769169,14,0.904761904761905,1.0,False
Bridging capital,Global Structure Model (GSM),bridging_capital,global_structure,0.930060161172894,0.9267281836226253,0.0033319775502687055,0.930060161172894,0.0033319775502687055,14,0.836483247766972,1.0,False
Adaptive LeaderRank,Hybrid Global Structure Model (H-GSM),adaptive_leaderrank,hybrid_global_structure,0.9153430498831808,0.9120653291247588,0.0032777207584220314,0.9153430498831808,0.0032777207584220314,19,0.843140562665131,1.0,False
Support,Improved closeness centrality (ICC),support,improved_closeness,0.7687846748721633,0.7720215609387246,-0.003236886066561362,0.7687846748721633,-0.003236886066561362,18,0.240249990052149,0.95634833074527,False
delta-betweenness,Proximal betwenness,delta_betweenness,proximal_betweenness,0.985919049584813,0.9828391952009774,0.003079854383835623,0.985919049584813,0.003079854383835623,19,0.886146946198208,1.0,False
Expected force (ExFm),LineRank,modified_expected_force,linerank,0.9648115495059381,0.9678685411679301,-0.0030569916619920257,0.9648115495059381,-0.0030569916619920257,14,0.904761904761905,0.993265993265993,False
Extended mixed gravitational centrality,Global Structure Model (GSM),extended_mixed_gravity,global_structure,0.9266103648952252,0.9295408393079584,-0.002930474412733197,0.9266103648952252,-0.002930474412733197,19,0.783326511679973,1.0,False
delta-betweenness,Improved global structure model (IGSM),delta_betweenness,improved_global_structure,0.6053239153646686,0.6025078639286052,0.002816051436063338,0.6053239153646686,0.002816051436063338,19,0.32120803721981,0.764557234259955,False
Clustering degree algorithm (CDA),Local gravity model,cda,candidate_21,0.9297109399803821,0.9325133014772193,-0.0028023614968372135,0.9297109399803821,-0.0028023614968372135,19,0.872590335071794,1.0,False
Dynamical importance,Bridging capital,dynamical_importance,bridging_capital,0.917054425248455,0.9197797509329719,-0.0027253256845168883,0.917054425248455,-0.0027253256845168883,14,0.821850532208726,1.0,False
Egocentric betweenness,BG-index,ego_betweenness,beta_measure,0.7315238918451276,0.7289765694887046,0.0025473223564229652,0.7315238918451276,0.0025473223564229652,19,0.475327075682635,0.865017056434737,False
Egocentric betweenness,beta-measure,ego_betweenness,beta_measure,0.7315238918451276,0.7289765694887046,0.0025473223564229652,0.7315238918451276,0.0025473223564229652,19,0.475327075682635,0.865017056434737,False
Gravity model,Improved global structure model (IGSM),candidate_14,improved_global_structure,0.9225582723038407,0.9201016653278756,0.002456606975965059,0.9225582723038407,0.002456606975965059,19,0.755474452554745,1.0,False
Expected force (ExFm),Graph regularization centrality (GRC),modified_expected_force,graph_regularization,0.9700116015164647,0.9676194931731827,0.0023921083432819623,0.9700116015164647,0.0023921083432819623,19,0.904761904761905,0.992727272727273,False
Local gravity model,LocalRank,candidate_21,semilocal,0.8969134485188871,0.8946856249633433,0.002227823555543851,0.8969134485188871,0.002227823555543851,19,0.755826122483017,1.0,False
SpectralRank,Global Structure Model (GSM),spectralrank,global_structure,0.9226347169846529,0.9248447286419145,-0.0022100116572615347,0.9226347169846529,-0.0022100116572615347,19,0.791237037311793,1.0,False
Local gravity model,Improved closeness centrality (ICC),candidate_21,improved_closeness,0.8570385908911758,0.8592365790852631,-0.0021979881940872303,0.8570385908911758,-0.0021979881940872303,19,0.699454712252601,0.985185185185185,False
Egocentric betweenness,Node and Neighbor Layer Information (NINL) centrality,ego_betweenness,ninl,0.593125579756985,0.595148020437242,-0.0020224406802570316,0.593125579756985,-0.0020224406802570316,19,0.241319899961953,0.859922795297581,False
Egocentric betweenness,Hybrid Global Structure Model (H-GSM),ego_betweenness,hybrid_global_structure,0.6150571107161645,0.61706040627864,-0.002003295562475471,0.6150571107161645,-0.002003295562475471,19,0.241319899961953,0.859922795297581,False
Dynamics-sensitive (DS) centrality,Node and Neighbor Layer Information (NINL) centrality,dynamics_sensitive,ninl,0.964459590716793,0.9624870368352427,0.0019725538815502652,0.964459590716793,0.0019725538815502652,19,0.864963503649635,1.0,False
delta-betweenness,Local gravity model,delta_betweenness,candidate_21,0.6410747012958714,0.6394107109799811,0.0016639903158902625,0.6410747012958714,0.0016639903158902625,19,0.32120803721981,0.82472180120801,False
Length-scaled betweenness,Dynamics-sensitive (DS) centrality,length_scaled_betweenness,dynamics_sensitive,0.5989776845335204,0.5973243513721491,0.0016533331613712843,0.5989776845335204,0.0016533331613712843,19,0.29277002188456,0.77327935222672,False
Length-scaled betweenness,Improved global structure model (IGSM),length_scaled_betweenness,improved_global_structure,0.6022721608105267,0.6006618639870228,0.0016102968235038873,0.6022721608105267,0.0016102968235038873,19,0.29277002188456,0.764557234259955,False
Node and Neighbor Layer Information (NINL) centrality,Multi-characteristics gravity model (MCGM),ninl,mcgm,0.950753926417732,0.9523331752767994,-0.0015792488590673504,0.950753926417732,-0.0015792488590673504,19,0.85036496350365,1.0,False
SpectralRank,Map Equation Centrality (MEC),spectralrank,map_equation,0.8748477781153119,0.8733458842993723,0.00150189381593957,0.8748477781153119,0.00150189381593957,19,0.751107475457564,0.975900072948533,False
k-betweenness,Node and Neighbor Layer Information (NINL) centrality,candidate_18,ninl,0.5854254885087901,0.5840183326571409,0.0014071558516491889,0.5854254885087901,0.0014071558516491889,19,0.313297423196478,0.768972425590535,False
Proximal betwenness,Diffusion centrality,proximal_betweenness,diffusion_centrality,0.5926285748722945,0.5940015730763274,-0.0013729982040329158,0.5926285748722945,-0.0013729982040329158,19,0.36429932929823,0.768972425590535,False
Diffusion centrality,Weighted LeaderRank,diffusion_centrality,weighted_leaderrank,0.9077532650116258,0.9063836513012068,0.0013696137104189932,0.9077532650116258,0.0013696137104189932,19,0.717808518508233,1.0,False
Local gravity model,Extended neighborhood coreness,candidate_21,extended_coreness,0.9084462872412599,0.9098075023983672,-0.0013612151571072983,0.9084462872412599,-0.0013612151571072983,19,0.802197802197802,1.0,False
LineRank,Adaptive LeaderRank,linerank,adaptive_leaderrank,0.9284644367312704,0.9297616867265243,-0.0012972499952538241,0.9284644367312704,-0.0012972499952538241,14,0.889651336699533,0.96380529021602,False
Length-scaled betweenness,Local gravity model,length_scaled_betweenness,candidate_21,0.6354487889556892,0.6366792933492231,-0.0012305043935338933,0.6354487889556892,-0.0012305043935338933,19,0.29277002188456,0.816616427240364,False
Graph regularization centrality (GRC),Node and Neighbor Layer Information (NINL) centrality,graph_regularization,ninl,0.8875325427736646,0.8863517948693564,0.0011807479043081104,0.8875325427736646,0.0011807479043081104,19,0.759124087591241,0.963636363636363,False
Diffusion centrality,X-degree centrality,diffusion_centrality,x_degree,0.9072864119054552,0.906153346773008,0.001133065132447264,0.9072864119054552,0.001133065132447264,19,0.782542955085809,0.988023520059354,False
Exogenous centrality,Map Equation Centrality (MEC),exogenous,map_equation,0.8024971719287405,0.8035371170099763,-0.001039945081235838,0.8024971719287405,-0.001039945081235838,14,0.29277002188456,1.0,False
Dynamical importance,Node and Neighbor Layer Information (NINL) centrality,dynamical_importance,ninl,0.944222998321073,0.945256439034257,-0.0010334407131840084,0.944222998321073,-0.0010334407131840084,14,0.8582995951417,1.0,False
Dynamics-sensitive (DS) centrality,Gravity model,dynamics_sensitive,candidate_14,0.9310685551924861,0.9320670925088075,-0.0009985373163213795,0.9310685551924861,-0.0009985373163213795,19,0.83941605839416,1.0,False
Dynamical importance,MCC,dynamical_importance,mcc,0.7927734510766553,0.7936775688356162,-0.0009041177589609317,0.7927734510766553,-0.0009041177589609317,14,0.599654145422315,1.0,False
Dynamical importance,LocalRank,dynamical_importance,semilocal,0.9259136212080643,0.9267197718609885,-0.0008061506529242202,0.9259136212080643,-0.0008061506529242202,14,0.789473684210526,1.0,False
Egocentric betweenness,Gravity model,ego_betweenness,candidate_14,0.6578864841039942,0.6571139694566256,0.0007725146473686051,0.6578864841039942,0.0007725146473686051,19,0.321759866615937,0.920117390968411,False
ControlRank,Hybrid Global Structure Model (H-GSM),controlrank,hybrid_global_structure,0.8893891103479563,0.8886959507617076,0.000693159586248715,0.8893891103479563,0.000693159586248715,14,0.666666666666667,0.963636363636363,False
Length-scaled betweenness,k-betweenness,length_scaled_betweenness,candidate_18,0.9788952952121583,0.9794850801897461,-0.0005897849775877706,0.9788952952121583,-0.0005897849775877706,19,0.877551020408163,1.0,False
Support,k-betweenness,support,candidate_18,0.6192217159516439,0.6197557327139744,-0.0005340167623305581,0.6192217159516439,-0.0005340167623305581,18,0.186511774238248,0.867312920753188,False
Expected force (ExFm),Gravity model,modified_expected_force,candidate_14,0.9776184704514636,0.9770856890393366,0.0005327814121269814,0.9776184704514636,0.0005327814121269814,19,0.934545454545454,1.0,False
Length-scaled betweenness,Proximal betwenness,length_scaled_betweenness,proximal_betweenness,0.9807919014779259,0.9803607213761414,0.00043118010178455624,0.9807919014779259,0.00043118010178455624,19,0.9,1.0,False
Dynamics-sensitive (DS) centrality,Improved global structure model (IGSM),dynamics_sensitive,improved_global_structure,0.9496461521817972,0.9500602855693193,-0.0004141333875221642,0.9496461521817972,-0.0004141333875221642,19,0.846153846153846,1.0,False
Dynamical importance,Adaptive LeaderRank,dynamical_importance,adaptive_leaderrank,0.9017219115295098,0.9013807619505243,0.0003411495789854557,0.9017219115295098,0.0003411495789854557,14,0.728148021055718,1.0,False
Graph regularization centrality (GRC),Multi-characteristics gravity model (MCGM),graph_regularization,mcgm,0.9049282598665037,0.9046228611299811,0.00030539873652257743,0.9049282598665037,0.00030539873652257743,19,0.803636363636363,0.978181818181818,False
BG-index,Malatya centrality,beta_measure,malatya,0.9065171936848303,0.9067981290681457,-0.0002809353833154171,0.9065171936848303,-0.0002809353833154171,19,0.761904761904762,0.988023952095808,False
beta-measure,Malatya centrality,beta_measure,malatya,0.9065171936848303,0.9067981290681457,-0.0002809353833154171,0.9065171936848303,-0.0002809353833154171,19,0.761904761904762,0.988023952095808,False
Dynamics-sensitive (DS) centrality,Weighted LeaderRank,dynamics_sensitive,weighted_leaderrank,0.9053043164200066,0.9050449162283785,0.0002594001916281785,0.9053043164200066,0.0002594001916281785,19,0.773722627737226,1.0,False
Support,BG-index,support,beta_measure,0.7207382939484911,0.7205114919913581,0.00022680195713298268,0.7207382939484911,0.00022680195713298268,18,0.315342689882565,0.870089746073064,False
Support,beta-measure,support,beta_measure,0.7207382939484911,0.7205114919913583,0.00022680195713276063,0.7207382939484911,0.00022680195713276063,18,0.315342689882565,0.870089746073064,False
Mixed gravitational centrality,Improved closeness centrality (ICC),mixed_gravity,improved_closeness,0.8308210569181342,0.8306119087734943,0.0002091481446399035,0.8308210569181342,0.0002091481446399035,19,0.664233576642336,0.927272727272727,False
Local gravity model,Adaptive LeaderRank,candidate_21,adaptive_leaderrank,0.9362507489271231,0.9361456806105922,0.00010506831653089854,0.9362507489271231,0.00010506831653089854,19,0.88091684528393,1.0,False
SpectralRank,X-degree centrality,spectralrank,x_degree,0.9145409676369265,0.9145605652810183,-1.9597644091762234e-05,0.9145409676369265,-1.9597644091762234e-05,19,0.764988692793114,0.988023520059354,False
BG-index,beta-measure,beta_measure,beta_measure,1.0,1.0,0.0,1.0,0.0,19,1.0,1.0,True
